image,palette,size,order,radius,estimator,sample_count,mask,n_pixels,mean_deg,median_deg,p90_deg,p95_deg,p99_deg,max_deg,mean_strength
example_images/synthetic_nested_shapes/clean/1024/nested_star_square_oval_garnet_atlantic_grass_1024.png,garnet_atlantic_grass,1024,2,25,steerable_atan2,0,all,35023,4.623951435089111,0.22705598175525665,16.421558380126953,32.33700180053711,48.40702438354492,89.72360229492188,0.019661162048578262
example_images/synthetic_nested_shapes/clean/1024/nested_star_square_oval_garnet_atlantic_grass_1024.png,garnet_atlantic_grass,1024,2,25,steerable_atan2,0,smooth,25844,0.42422163486480713,0.15045541524887085,0.3914531469345093,0.9805310368537903,9.597065925598145,14.257555961608887,0.020159054547548294
example_images/synthetic_nested_shapes/clean/1024/nested_star_square_oval_garnet_atlantic_grass_1024.png,garnet_atlantic_grass,1024,2,25,brute_16,16,all,35023,6.070215702056885,3.3700835704803467,16.87991714477539,33.74999237060547,48.37991714477539,90.0,0.019661162048578262
example_images/synthetic_nested_shapes/clean/1024/nested_star_square_oval_garnet_atlantic_grass_1024.png,garnet_atlantic_grass,1024,2,25,brute_16_vs_steerable,16,all,35023,2.252230167388916,1.9032186269760132,5.275885581970215,5.542165756225586,5.614227294921875,5.624770164489746,0.019661162048578262
example_images/synthetic_nested_shapes/clean/1024/nested_star_square_oval_garnet_atlantic_grass_1024.png,garnet_atlantic_grass,1024,2,25,brute_16,16,smooth,25844,2.2351317405700684,1.1299182176589966,5.620084762573242,5.62992000579834,11.249998092651367,16.8243408203125,0.020159054547548294
example_images/synthetic_nested_shapes/clean/1024/nested_star_square_oval_garnet_atlantic_grass_1024.png,garnet_atlantic_grass,1024,2,25,brute_16_vs_steerable,16,smooth,25844,2.0688905715942383,0.9951995611190796,5.377421855926514,5.564309120178223,5.614292621612549,5.624551773071289,0.020159054547548294
example_images/synthetic_nested_shapes/clean/1024/nested_star_square_oval_garnet_atlantic_grass_1024.png,garnet_atlantic_grass,1024,2,25,brute_32,32,all,35023,5.238268852233887,1.1299182176589966,16.875,33.74999237060547,49.50491714477539,90.0,0.019661162048578262
example_images/synthetic_nested_shapes/clean/1024/nested_star_square_oval_garnet_atlantic_grass_1024.png,garnet_atlantic_grass,1024,2,25,brute_32_vs_steerable,32,all,35023,1.0293177366256714,0.8809646368026733,2.2194972038269043,2.477306842803955,2.7498669624328613,2.812473773956299,0.019661162048578262
example_images/synthetic_nested_shapes/clean/1024/nested_star_square_oval_garnet_atlantic_grass_1024.png,garnet_atlantic_grass,1024,2,25,brute_32,32,smooth,25844,1.2073965072631836,1.1200759410858154,2.2549185752868652,2.703259229660034,9.716408729553223,16.875,0.020159054547548294
example_images/synthetic_nested_shapes/clean/1024/nested_star_square_oval_garnet_atlantic_grass_1024.png,garnet_atlantic_grass,1024,2,25,brute_32_vs_steerable,32,smooth,25844,0.9169024229049683,0.8237549662590027,2.137576103210449,2.2769391536712646,2.702385663986206,2.8118114471435547,0.020159054547548294
example_images/synthetic_nested_shapes/clean/1024/nested_star_square_oval_garnet_atlantic_grass_1024.png,garnet_atlantic_grass,1024,2,25,brute_64,64,all,35023,4.877302169799805,0.5674179792404175,16.875,32.06741714477539,48.37991714477539,90.0,0.019661162048578262
example_images/synthetic_nested_shapes/clean/1024/nested_star_square_oval_garnet_atlantic_grass_1024.png,garnet_atlantic_grass,1024,2,25,brute_64_vs_steerable,64,all,35023,0.5416890382766724,0.6471741199493408,1.0730282068252563,1.246557354927063,1.372373342514038,1.4060354232788086,0.019661162048578262
example_images/synthetic_nested_shapes/clean/1024/nested_star_square_oval_garnet_atlantic_grass_1024.png,garnet_atlantic_grass,1024,2,25,brute_64,64,smooth,25844,0.7528035044670105,0.5575893521308899,1.1299182176589966,1.5934667587280273,9.416013717651367,14.062499046325684,0.020159054547548294
example_images/synthetic_nested_shapes/clean/1024/nested_star_square_oval_garnet_atlantic_grass_1024.png,garnet_atlantic_grass,1024,2,25,brute_64_vs_steerable,64,smooth,25844,0.4948631823062897,0.6287360191345215,0.9669567346572876,1.149674892425537,1.3394312858581543,1.4060354232788086,0.020159054547548294
example_images/synthetic_nested_shapes/clean/1024/nested_star_square_oval_garnet_atlantic_grass_1024.png,garnet_atlantic_grass,1024,2,25,brute_180,180,all,35023,4.735965251922607,0.37992244958877563,16.379920959472656,32.379913330078125,48.37991714477539,90.0,0.019661162048578262
example_images/synthetic_nested_shapes/clean/1024/nested_star_square_oval_garnet_atlantic_grass_1024.png,garnet_atlantic_grass,1024,2,25,brute_180_vs_steerable,180,all,35023,0.21284207701683044,0.20949555933475494,0.43930956721305847,0.472843736410141,0.49175694584846497,0.4999835193157196,0.019661162048578262
example_images/synthetic_nested_shapes/clean/1024/nested_star_square_oval_garnet_atlantic_grass_1024.png,garnet_atlantic_grass,1024,2,25,brute_180,180,smooth,25844,0.5740956664085388,0.37991562485694885,0.6200855374336243,1.0000011920928955,9.525047302246094,14.000009536743164,0.020159054547548294
example_images/synthetic_nested_shapes/clean/1024/nested_star_square_oval_garnet_atlantic_grass_1024.png,garnet_atlantic_grass,1024,2,25,brute_180_vs_steerable,180,smooth,25844,0.20083025097846985,0.18955141305923462,0.43756240606307983,0.4706615209579468,0.49079692363739014,0.4999835193157196,0.020159054547548294
example_images/synthetic_nested_shapes/clean/1024/nested_star_square_oval_garnet_atlantic_grass_1024.png,garnet_atlantic_grass,1024,4,25,steerable_atan2,0,all,35023,3.1415493488311768,0.19066473841667175,8.282596588134766,21.58072280883789,45.18762969970703,89.57373046875,0.03514149785041809
example_images/synthetic_nested_shapes/clean/1024/nested_star_square_oval_garnet_atlantic_grass_1024.png,garnet_atlantic_grass,1024,4,25,steerable_atan2,0,smooth,25844,0.35094746947288513,0.1035115197300911,0.47310397028923035,0.7972251772880554,7.050330638885498,15.214608192443848,0.03573315590620041
example_images/synthetic_nested_shapes/clean/1024/nested_star_square_oval_garnet_atlantic_grass_1024.png,garnet_atlantic_grass,1024,4,25,brute_16,16,all,35023,4.6274285316467285,2.410339593887329,10.129915237426758,22.500001907348633,45.0,90.0,0.03514149785041809
example_images/synthetic_nested_shapes/clean/1024/nested_star_square_oval_garnet_atlantic_grass_1024.png,garnet_atlantic_grass,1024,4,25,brute_16_vs_steerable,16,all,35023,2.235973596572876,1.915915846824646,5.188252925872803,5.485406875610352,5.601943492889404,5.6249613761901855,0.03514149785041809
example_images/synthetic_nested_shapes/clean/1024/nested_star_square_oval_garnet_atlantic_grass_1024.png,garnet_atlantic_grass,1024,4,25,brute_16,16,smooth,25844,2.1816253662109375,1.1299182176589966,5.62992000579834,5.62992000579834,8.971152305603027,16.8243408203125,0.03573315590620041
example_images/synthetic_nested_shapes/clean/1024/nested_star_square_oval_garnet_atlantic_grass_1024.png,garnet_atlantic_grass,1024,4,25,brute_16_vs_steerable,16,smooth,25844,2.046736240386963,1.3027697801589966,5.192296028137207,5.504196643829346,5.6107001304626465,5.6249613761901855,0.03573315590620041
example_images/synthetic_nested_shapes/clean/1024/nested_star_square_oval_garnet_atlantic_grass_1024.png,garnet_atlantic_grass,1024,4,25,brute_32,32,all,35023,3.7960572242736816,1.1299182176589966,7.879920959472656,22.499988555908203,45.00491714477539,90.0,0.03514149785041809
example_images/synthetic_nested_shapes/clean/1024/nested_star_square_oval_garnet_atlantic_grass_1024.png,garnet_atlantic_grass,1024,4,25,brute_32_vs_steerable,32,all,35023,1.0983309745788574,0.9865935444831848,2.3954484462738037,2.5263912677764893,2.752318859100342,2.812398672103882,0.03514149785041809
example_images/synthetic_nested_shapes/clean/1024/nested_star_square_oval_garnet_atlantic_grass_1024.png,garnet_atlantic_grass,1024,4,25,brute_32,32,smooth,25844,1.1422677040100098,1.1200759410858154,2.2549185752868652,2.627040147781372,6.964956760406494,16.875,0.03573315590620041
example_images/synthetic_nested_shapes/clean/1024/nested_star_square_oval_garnet_atlantic_grass_1024.png,garnet_atlantic_grass,1024,4,25,brute_32_vs_steerable,32,smooth,25844,1.0038504600524902,0.8968448042869568,2.3547487258911133,2.470752716064453,2.6971256732940674,2.809830665588379,0.03573315590620041
example_images/synthetic_nested_shapes/clean/1024/nested_star_square_oval_garnet_atlantic_grass_1024.png,garnet_atlantic_grass,1024,4,25,brute_64,64,all,35023,3.4149367809295654,0.5674179792404175,8.437503814697266,22.499988555908203,45.00492477416992,90.0,0.03514149785041809
example_images/synthetic_nested_shapes/clean/1024/nested_star_square_oval_garnet_atlantic_grass_1024.png,garnet_atlantic_grass,1024,4,25,brute_64_vs_steerable,64,all,35023,0.5388606190681458,0.5026745796203613,1.1856389045715332,1.2899482250213623,1.3847615718841553,1.406049132347107,0.03514149785041809
example_images/synthetic_nested_shapes/clean/1024/nested_star_square_oval_garnet_atlantic_grass_1024.png,garnet_atlantic_grass,1024,4,25,brute_64,64,smooth,25844,0.6950868964195251,0.5575824975967407,1.1351637840270996,1.682582974433899,7.228568077087402,14.062499046325684,0.03573315590620041
example_images/synthetic_nested_shapes/clean/1024/nested_star_square_oval_garnet_atlantic_grass_1024.png,garnet_atlantic_grass,1024,4,25,brute_64_vs_steerable,64,smooth,25844,0.49367618560791016,0.45818957686424255,1.1482524871826172,1.2693769931793213,1.3764265775680542,1.406049132347107,0.03573315590620041
example_images/synthetic_nested_shapes/clean/1024/nested_star_square_oval_garnet_atlantic_grass_1024.png,garnet_atlantic_grass,1024,4,25,brute_180,180,all,35023,3.26619553565979,0.37992244958877563,8.379904747009277,21.379919052124023,45.379920959472656,90.0,0.03514149785041809
example_images/synthetic_nested_shapes/clean/1024/nested_star_square_oval_garnet_atlantic_grass_1024.png,garnet_atlantic_grass,1024,4,25,brute_180_vs_steerable,180,all,35023,0.23093557357788086,0.24911066889762878,0.4529658555984497,0.4769930839538574,0.4955507218837738,0.4999766945838928,0.03514149785041809
example_images/synthetic_nested_shapes/clean/1024/nested_star_square_oval_garnet_atlantic_grass_1024.png,garnet_atlantic_grass,1024,4,25,brute_180,180,smooth,25844,0.5100182294845581,0.37991562485694885,0.6200855374336243,0.9903477430343628,7.000001430511475,15.000003814697266,0.03573315590620041
example_images/synthetic_nested_shapes/clean/1024/nested_star_square_oval_garnet_atlantic_grass_1024.png,garnet_atlantic_grass,1024,4,25,brute_180_vs_steerable,180,smooth,25844,0.22383254766464233,0.24761484563350677,0.45280739665031433,0.47703954577445984,0.49553707242012024,0.4999766945838928,0.03573315590620041
example_images/synthetic_nested_shapes/clean/1024/nested_star_square_oval_garnet_atlantic_grass_1024.png,garnet_atlantic_grass,1024,6,25,steerable_atan2,0,all,35023,2.711019277572632,0.22064925730228424,5.940173149108887,16.13574981689453,45.59033203125,89.67875671386719,0.04910845309495926
example_images/synthetic_nested_shapes/clean/1024/nested_star_square_oval_garnet_atlantic_grass_1024.png,garnet_atlantic_grass,1024,6,25,steerable_atan2,0,smooth,25844,0.36623549461364746,0.1284382939338684,0.6350600719451904,1.0390065908432007,5.19642448425293,46.5222282409668,0.049892596900463104
example_images/synthetic_nested_shapes/clean/1024/nested_star_square_oval_garnet_atlantic_grass_1024.png,garnet_atlantic_grass,1024,6,25,brute_16,16,all,35023,4.219267845153809,2.096581220626831,7.870085716247559,14.629923820495605,45.0,90.0,0.04910845309495926
example_images/synthetic_nested_shapes/clean/1024/nested_star_square_oval_garnet_atlantic_grass_1024.png,garnet_atlantic_grass,1024,6,25,brute_16_vs_steerable,16,all,35023,2.2476768493652344,1.828168511390686,5.2079973220825195,5.510656356811523,5.589191436767578,5.624612808227539,0.04910845309495926
example_images/synthetic_nested_shapes/clean/1024/nested_star_square_oval_garnet_atlantic_grass_1024.png,garnet_atlantic_grass,1024,6,25,brute_16,16,smooth,25844,2.1754848957061768,1.1299182176589966,5.620084762573242,5.62992000579834,6.964948654174805,45.0,0.049892596900463104
example_images/synthetic_nested_shapes/clean/1024/nested_star_square_oval_garnet_atlantic_grass_1024.png,garnet_atlantic_grass,1024,6,25,brute_16_vs_steerable,16,smooth,25844,2.080491304397583,1.4218268394470215,5.349540710449219,5.553886413574219,5.590721607208252,5.624612808227539,0.049892596900463104
example_images/synthetic_nested_shapes/clean/1024/nested_star_square_oval_garnet_atlantic_grass_1024.png,garnet_atlantic_grass,1024,6,25,brute_32,32,all,35023,3.3379507064819336,1.1299182176589966,5.629913330078125,16.875,45.0,90.0,0.04910845309495926
example_images/synthetic_nested_shapes/clean/1024/nested_star_square_oval_garnet_atlantic_grass_1024.png,garnet_atlantic_grass,1024,6,25,brute_32_vs_steerable,32,all,35023,1.0828306674957275,1.033189058303833,2.3573851585388184,2.4998152256011963,2.7399914264678955,2.8119752407073975,0.04910845309495926
example_images/synthetic_nested_shapes/clean/1024/nested_star_square_oval_garnet_atlantic_grass_1024.png,garnet_atlantic_grass,1024,6,25,brute_32,32,smooth,25844,1.1244444847106934,1.1200759410858154,2.2549185752868652,2.577650785446167,5.625002384185791,45.0,0.049892596900463104
example_images/synthetic_nested_shapes/clean/1024/nested_star_square_oval_garnet_atlantic_grass_1024.png,garnet_atlantic_grass,1024,6,25,brute_32_vs_steerable,32,smooth,25844,0.9911451935768127,0.9207163453102112,2.325007915496826,2.432734966278076,2.702658176422119,2.8094069957733154,0.049892596900463104
example_images/synthetic_nested_shapes/clean/1024/nested_star_square_oval_garnet_atlantic_grass_1024.png,garnet_atlantic_grass,1024,6,25,brute_64,64,all,35023,2.981128215789795,0.5674179792404175,5.629913330078125,16.875,45.00383377075195,90.0,0.04910845309495926
example_images/synthetic_nested_shapes/clean/1024/nested_star_square_oval_garnet_atlantic_grass_1024.png,garnet_atlantic_grass,1024,6,25,brute_64_vs_steerable,64,all,35023,0.5640891194343567,0.5499395132064819,1.249349594116211,1.3331265449523926,1.3917150497436523,1.4059261083602905,0.04910845309495926
example_images/synthetic_nested_shapes/clean/1024/nested_star_square_oval_garnet_atlantic_grass_1024.png,garnet_atlantic_grass,1024,6,25,brute_64,64,smooth,25844,0.6941554546356201,0.5575824975967407,1.4169501066207886,1.6924184560775757,5.5493483543396,47.81250762939453,0.049892596900463104
example_images/synthetic_nested_shapes/clean/1024/nested_star_square_oval_garnet_atlantic_grass_1024.png,garnet_atlantic_grass,1024,6,25,brute_64_vs_steerable,64,smooth,25844,0.5230538845062256,0.47448641061782837,1.2489233016967773,1.3340654373168945,1.3909202814102173,1.4056187868118286,0.049892596900463104
example_images/synthetic_nested_shapes/clean/1024/nested_star_square_oval_garnet_atlantic_grass_1024.png,garnet_atlantic_grass,1024,6,25,brute_180,180,all,35023,2.817169189453125,0.37992244958877563,6.0,16.0000057220459,45.379920959472656,90.0,0.04910845309495926
example_images/synthetic_nested_shapes/clean/1024/nested_star_square_oval_garnet_atlantic_grass_1024.png,garnet_atlantic_grass,1024,6,25,brute_180_vs_steerable,180,all,35023,0.21426714956760406,0.21628476679325104,0.44982531666755676,0.4764985740184784,0.49512574076652527,0.4999835193157196,0.04910845309495926
example_images/synthetic_nested_shapes/clean/1024/nested_star_square_oval_garnet_atlantic_grass_1024.png,garnet_atlantic_grass,1024,6,25,brute_180,180,smooth,25844,0.4970081150531769,0.37991562485694885,0.6710661053657532,1.1243095397949219,5.164360523223877,47.0,0.049892596900463104
example_images/synthetic_nested_shapes/clean/1024/nested_star_square_oval_garnet_atlantic_grass_1024.png,garnet_atlantic_grass,1024,6,25,brute_180_vs_steerable,180,smooth,25844,0.2009928673505783,0.1897324025630951,0.44844290614128113,0.4758230745792389,0.4942919909954071,0.4999835193157196,0.049892596900463104
example_images/synthetic_nested_shapes/clean/1024/nested_star_square_oval_garnet_atlantic_grass_1024.png,garnet_atlantic_grass,1024,8,25,steerable_atan2,0,all,35023,2.481964111328125,0.35553866624832153,5.038478851318359,12.523981094360352,45.00002670288086,87.57821655273438,0.061951421201229095
example_images/synthetic_nested_shapes/clean/1024/nested_star_square_oval_garnet_atlantic_grass_1024.png,garnet_atlantic_grass,1024,8,25,steerable_atan2,0,smooth,25844,0.42237839102745056,0.1878165453672409,0.9072656631469727,1.2445926666259766,4.495683670043945,20.478410720825195,0.06287460029125214
example_images/synthetic_nested_shapes/clean/1024/nested_star_square_oval_garnet_atlantic_grass_1024.png,garnet_atlantic_grass,1024,8,25,brute_16,16,all,35023,3.9535813331604004,1.868261694908142,5.909664154052734,11.250011444091797,45.0,90.0,0.061951421201229095
example_images/synthetic_nested_shapes/clean/1024/nested_star_square_oval_garnet_atlantic_grass_1024.png,garnet_atlantic_grass,1024,8,25,brute_16_vs_steerable,16,all,35023,2.1998448371887207,1.8588428497314453,5.098674774169922,5.439251899719238,5.573352336883545,5.6230692863464355,0.061951421201229095
example_images/synthetic_nested_shapes/clean/1024/nested_star_square_oval_garnet_atlantic_grass_1024.png,garnet_atlantic_grass,1024,8,25,brute_16,16,smooth,25844,2.1450154781341553,1.1299182176589966,5.620084762573242,5.62992000579834,6.7268757820129395,22.500001907348633,0.06287460029125214
example_images/synthetic_nested_shapes/clean/1024/nested_star_square_oval_garnet_atlantic_grass_1024.png,garnet_atlantic_grass,1024,8,25,brute_16_vs_steerable,16,smooth,25844,2.024559736251831,1.4181522130966187,5.098674774169922,5.445375442504883,5.573352336883545,5.621191024780273,0.06287460029125214
example_images/synthetic_nested_shapes/clean/1024/nested_star_square_oval_garnet_atlantic_grass_1024.png,garnet_atlantic_grass,1024,8,25,brute_32,32,all,35023,3.064304828643799,1.1299182176589966,5.625002384185791,11.254915237426758,45.0,90.0,0.061951421201229095
example_images/synthetic_nested_shapes/clean/1024/nested_star_square_oval_garnet_atlantic_grass_1024.png,garnet_atlantic_grass,1024,8,25,brute_32_vs_steerable,32,all,35023,1.0795252323150635,0.9774888753890991,2.447303295135498,2.6212222576141357,2.774810791015625,2.8121392726898193,0.061951421201229095
example_images/synthetic_nested_shapes/clean/1024/nested_star_square_oval_garnet_atlantic_grass_1024.png,garnet_atlantic_grass,1024,8,25,brute_32,32,smooth,25844,1.1259088516235352,1.1200759410858154,2.2549185752868652,3.3684945106506348,5.625002384185791,22.500001907348633,0.06287460029125214
example_images/synthetic_nested_shapes/clean/1024/nested_star_square_oval_garnet_atlantic_grass_1024.png,garnet_atlantic_grass,1024,8,25,brute_32_vs_steerable,32,smooth,25844,0.9880146980285645,0.823372483253479,2.4267799854278564,2.615098714828491,2.771097421646118,2.8117430210113525,0.06287460029125214
example_images/synthetic_nested_shapes/clean/1024/nested_star_square_oval_garnet_atlantic_grass_1024.png,garnet_atlantic_grass,1024,8,25,brute_64,64,all,35023,2.691180944442749,0.5674179792404175,5.620084762573242,11.817429542541504,45.0,87.1875,0.061951421201229095
example_images/synthetic_nested_shapes/clean/1024/nested_star_square_oval_garnet_atlantic_grass_1024.png,garnet_atlantic_grass,1024,8,25,brute_64_vs_steerable,64,all,35023,0.535347044467926,0.4888707995414734,1.1949471235275269,1.3005636930465698,1.3871363401412964,1.4062403440475464,0.061951421201229095
example_images/synthetic_nested_shapes/clean/1024/nested_star_square_oval_garnet_atlantic_grass_1024.png,garnet_atlantic_grass,1024,8,25,brute_64,64,smooth,25844,0.67417311668396,0.5575893521308899,1.5622234344482422,1.8538540601730347,4.787375450134277,19.687501907348633,0.06287460029125214
example_images/synthetic_nested_shapes/clean/1024/nested_star_square_oval_garnet_atlantic_grass_1024.png,garnet_atlantic_grass,1024,8,25,brute_64_vs_steerable,64,smooth,25844,0.48757609724998474,0.4033294916152954,1.1742618083953857,1.2851468324661255,1.3865772485733032,1.4062403440475464,0.06287460029125214
example_images/synthetic_nested_shapes/clean/1024/nested_star_square_oval_garnet_atlantic_grass_1024.png,garnet_atlantic_grass,1024,8,25,brute_180,180,all,35023,2.5548932552337646,0.37992244958877563,5.000005722045898,12.379916191101074,45.0,88.0,0.061951421201229095
example_images/synthetic_nested_shapes/clean/1024/nested_star_square_oval_garnet_atlantic_grass_1024.png,garnet_atlantic_grass,1024,8,25,brute_180_vs_steerable,180,all,35023,0.2048131823539734,0.1962040215730667,0.44172337651252747,0.4721573293209076,0.4950377643108368,0.4998742341995239,0.061951421201229095
example_images/synthetic_nested_shapes/clean/1024/nested_star_square_oval_garnet_atlantic_grass_1024.png,garnet_atlantic_grass,1024,8,25,brute_180,180,smooth,25844,0.5085829496383667,0.37991562485694885,0.9043307304382324,1.379916787147522,4.393571376800537,20.000003814697266,0.06287460029125214
example_images/synthetic_nested_shapes/clean/1024/nested_star_square_oval_garnet_atlantic_grass_1024.png,garnet_atlantic_grass,1024,8,25,brute_180_vs_steerable,180,smooth,25844,0.19041305780410767,0.17227786779403687,0.4395848512649536,0.4704231321811676,0.4949057698249817,0.49983325600624084,0.06287460029125214
example_images/synthetic_nested_shapes/clean/1024/nested_star_square_oval_dark_light_steps_1024.png,dark_light_steps,1024,2,25,steerable_atan2,0,all,35023,5.851898670196533,0.22726088762283325,23.9893856048584,38.42440414428711,63.710811614990234,89.84879302978516,0.027884002774953842
example_images/synthetic_nested_shapes/clean/1024/nested_star_square_oval_dark_light_steps_1024.png,dark_light_steps,1024,2,25,steerable_atan2,0,smooth,25844,1.7535021305084229,0.15048955380916595,0.39901283383369446,6.679248809814453,47.144287109375,89.84879302978516,0.029820388182997704
example_images/synthetic_nested_shapes/clean/1024/nested_star_square_oval_dark_light_steps_1024.png,dark_light_steps,1024,2,25,brute_16,16,all,35023,7.294011116027832,3.3700835704803467,22.500001907348633,37.1662712097168,67.50000762939453,90.0,0.027884002774953842
example_images/synthetic_nested_shapes/clean/1024/nested_star_square_oval_dark_light_steps_1024.png,dark_light_steps,1024,2,25,brute_16_vs_steerable,16,all,35023,2.2576582431793213,1.9320555925369263,5.276112079620361,5.542172431945801,5.6142377853393555,5.624674320220947,0.027884002774953842
example_images/synthetic_nested_shapes/clean/1024/nested_star_square_oval_dark_light_steps_1024.png,dark_light_steps,1024,2,25,brute_16,16,smooth,25844,3.559525489807129,1.1299182176589966,5.620084762573242,7.725433826446533,45.64442825317383,90.0,0.029820388182997704
example_images/synthetic_nested_shapes/clean/1024/nested_star_square_oval_dark_light_steps_1024.png,dark_light_steps,1024,2,25,brute_16_vs_steerable,16,smooth,25844,2.0683364868164062,0.99163419008255,5.3774333000183105,5.5643229484558105,5.6142449378967285,5.624674320220947,0.029820388182997704
example_images/synthetic_nested_shapes/clean/1024/nested_star_square_oval_dark_light_steps_1024.png,dark_light_steps,1024,2,25,brute_32,32,all,35023,6.458584308624268,1.1299182176589966,23.60093116760254,39.374996185302734,61.875003814697266,90.0,0.027884002774953842
example_images/synthetic_nested_shapes/clean/1024/nested_star_square_oval_dark_light_steps_1024.png,dark_light_steps,1024,2,25,brute_32_vs_steerable,32,all,35023,1.0344486236572266,0.8837786912918091,2.223376750946045,2.4887359142303467,2.7502388954162598,2.812016248703003,0.027884002774953842
example_images/synthetic_nested_shapes/clean/1024/nested_star_square_oval_dark_light_steps_1024.png,dark_light_steps,1024,2,25,brute_32,32,smooth,25844,2.531067371368408,1.1200827360153198,2.2549185752868652,6.6879754066467285,46.71268081665039,90.0,0.029820388182997704
example_images/synthetic_nested_shapes/clean/1024/nested_star_square_oval_dark_light_steps_1024.png,dark_light_steps,1024,2,25,brute_32_vs_steerable,32,smooth,25844,0.9183641672134399,0.8241510987281799,2.139256238937378,2.2821075916290283,2.7121529579162598,2.8090929985046387,0.029820388182997704
example_images/synthetic_nested_shapes/clean/1024/nested_star_square_oval_dark_light_steps_1024.png,dark_light_steps,1024,2,25,brute_64,64,all,35023,6.105967998504639,0.6093143820762634,24.192413330078125,38.817413330078125,64.6875,90.0,0.027884002774953842
example_images/synthetic_nested_shapes/clean/1024/nested_star_square_oval_dark_light_steps_1024.png,dark_light_steps,1024,2,25,brute_64_vs_steerable,64,all,35023,0.5423785448074341,0.6500905752182007,1.0763558149337769,1.246402382850647,1.3721435070037842,1.405967116355896,0.027884002774953842
example_images/synthetic_nested_shapes/clean/1024/nested_star_square_oval_dark_light_steps_1024.png,dark_light_steps,1024,2,25,brute_64,64,smooth,25844,2.0797598361968994,0.5575893521308899,1.1299182176589966,6.521359920501709,47.81250762939453,90.0,0.029820388182997704
example_images/synthetic_nested_shapes/clean/1024/nested_star_square_oval_dark_light_steps_1024.png,dark_light_steps,1024,2,25,brute_64_vs_steerable,64,smooth,25844,0.49351298809051514,0.6275782585144043,0.9657061100006104,1.1368706226348877,1.3352324962615967,1.4058510065078735,0.029820388182997704
example_images/synthetic_nested_shapes/clean/1024/nested_star_square_oval_dark_light_steps_1024.png,dark_light_steps,1024,2,25,brute_180,180,all,35023,5.964834690093994,0.37992244958877563,24.00000762939453,38.379920959472656,64.0,90.0,0.027884002774953842
example_images/synthetic_nested_shapes/clean/1024/nested_star_square_oval_dark_light_steps_1024.png,dark_light_steps,1024,2,25,brute_180_vs_steerable,180,all,35023,0.21308419108390808,0.20941360294818878,0.4400281012058258,0.4738839864730835,0.49216827750205994,0.49996301531791687,0.027884002774953842
example_images/synthetic_nested_shapes/clean/1024/nested_star_square_oval_dark_light_steps_1024.png,dark_light_steps,1024,2,25,brute_180,180,smooth,25844,1.903694748878479,0.37991562485694885,0.6200855374336243,6.753355503082275,47.22481918334961,90.0,0.029820388182997704
example_images/synthetic_nested_shapes/clean/1024/nested_star_square_oval_dark_light_steps_1024.png,dark_light_steps,1024,2,25,brute_180_vs_steerable,180,smooth,25844,0.20058390498161316,0.18912111222743988,0.43766486644744873,0.47066834568977356,0.49075591564178467,0.4999425411224365,0.029820388182997704
example_images/synthetic_nested_shapes/clean/1024/nested_star_square_oval_dark_light_steps_1024.png,dark_light_steps,1024,4,25,steerable_atan2,0,all,35023,3.763908624649048,0.19203077256679535,10.875906944274902,27.345216751098633,49.75281524658203,89.71060943603516,0.05168609693646431
example_images/synthetic_nested_shapes/clean/1024/nested_star_square_oval_dark_light_steps_1024.png,dark_light_steps,1024,4,25,steerable_atan2,0,smooth,25844,1.0139738321304321,0.10398280620574951,0.4955780506134033,1.0659090280532837,27.678163528442383,89.4734878540039,0.05394899472594261
example_images/synthetic_nested_shapes/clean/1024/nested_star_square_oval_dark_light_steps_1024.png,dark_light_steps,1024,4,25,brute_16,16,all,35023,5.212996006011963,2.6360979080200195,11.249998092651367,25.879920959472656,48.7542610168457,90.0,0.05168609693646431
example_images/synthetic_nested_shapes/clean/1024/nested_star_square_oval_dark_light_steps_1024.png,dark_light_steps,1024,4,25,brute_16_vs_steerable,16,all,35023,2.2248947620391846,1.8899202346801758,5.172667503356934,5.48524284362793,5.601943492889404,5.624934196472168,0.05168609693646431
example_images/synthetic_nested_shapes/clean/1024/nested_star_square_oval_dark_light_steps_1024.png,dark_light_steps,1024,4,25,brute_16,16,smooth,25844,2.818416118621826,1.1299182176589966,5.62992000579834,5.62992000579834,28.067041397094727,90.0,0.05394899472594261
example_images/synthetic_nested_shapes/clean/1024/nested_star_square_oval_dark_light_steps_1024.png,dark_light_steps,1024,4,25,brute_16_vs_steerable,16,smooth,25844,2.0340733528137207,1.2763506174087524,5.192289352416992,5.504196643829346,5.610653400421143,5.624934196472168,0.05394899472594261
example_images/synthetic_nested_shapes/clean/1024/nested_star_square_oval_dark_light_steps_1024.png,dark_light_steps,1024,4,25,brute_32,32,all,35023,4.404458999633789,1.1299182176589966,11.249998092651367,28.1250057220459,50.625,90.0,0.05168609693646431
example_images/synthetic_nested_shapes/clean/1024/nested_star_square_oval_dark_light_steps_1024.png,dark_light_steps,1024,4,25,brute_32_vs_steerable,32,all,35023,1.1036872863769531,0.9928226470947266,2.4000329971313477,2.529388427734375,2.7523796558380127,2.812385082244873,0.05168609693646431
example_images/synthetic_nested_shapes/clean/1024/nested_star_square_oval_dark_light_steps_1024.png,dark_light_steps,1024,4,25,brute_32,32,smooth,25844,1.7942627668380737,1.1200759410858154,2.2549185752868652,2.889953136444092,28.1250057220459,90.0,0.05394899472594261
example_images/synthetic_nested_shapes/clean/1024/nested_star_square_oval_dark_light_steps_1024.png,dark_light_steps,1024,4,25,brute_32_vs_steerable,32,smooth,25844,0.9989891052246094,0.8904039859771729,2.3547282218933105,2.4684720039367676,2.693208932876587,2.8112034797668457,0.05394899472594261
example_images/synthetic_nested_shapes/clean/1024/nested_star_square_oval_dark_light_steps_1024.png,dark_light_steps,1024,4,25,brute_64,64,all,35023,4.03219747543335,0.5674179792404175,11.249998092651367,27.567415237426758,50.625,90.0,0.05168609693646431
example_images/synthetic_nested_shapes/clean/1024/nested_star_square_oval_dark_light_steps_1024.png,dark_light_steps,1024,4,25,brute_64_vs_steerable,64,all,35023,0.5402359962463379,0.5027497410774231,1.186260461807251,1.2913408279418945,1.385331153869629,1.4061105251312256,0.05168609693646431
example_images/synthetic_nested_shapes/clean/1024/nested_star_square_oval_dark_light_steps_1024.png,dark_light_steps,1024,4,25,brute_64,64,smooth,25844,1.3544179201126099,0.5575893521308899,1.2129733562469482,1.8319629430770874,28.1250057220459,90.0,0.05394899472594261
example_images/synthetic_nested_shapes/clean/1024/nested_star_square_oval_dark_light_steps_1024.png,dark_light_steps,1024,4,25,brute_64_vs_steerable,64,smooth,25844,0.4932694435119629,0.4578036665916443,1.1470463275909424,1.268768072128296,1.3776679039001465,1.4061105251312256,0.05394899472594261
example_images/synthetic_nested_shapes/clean/1024/nested_star_square_oval_dark_light_steps_1024.png,dark_light_steps,1024,4,25,brute_180,180,all,35023,3.8876442909240723,0.37992244958877563,10.999999046325684,27.379913330078125,49.999996185302734,90.0,0.05168609693646431
example_images/synthetic_nested_shapes/clean/1024/nested_star_square_oval_dark_light_steps_1024.png,dark_light_steps,1024,4,25,brute_180_vs_steerable,180,all,35023,0.23095563054084778,0.24868719279766083,0.45345762372016907,0.47748488187789917,0.49570631980895996,0.49996301531791687,0.05168609693646431
example_images/synthetic_nested_shapes/clean/1024/nested_star_square_oval_dark_light_steps_1024.png,dark_light_steps,1024,4,25,brute_180,180,smooth,25844,1.1728498935699463,0.37991562485694885,0.6200855374336243,1.1754626035690308,28.004796981811523,89.00000762939453,0.05394899472594261
example_images/synthetic_nested_shapes/clean/1024/nested_star_square_oval_dark_light_steps_1024.png,dark_light_steps,1024,4,25,brute_180_vs_steerable,180,smooth,25844,0.22385141253471375,0.2476011961698532,0.45302048325538635,0.4776487946510315,0.495540976524353,0.4997785985469818,0.05394899472594261
example_images/synthetic_nested_shapes/clean/1024/nested_star_square_oval_dark_light_steps_1024.png,dark_light_steps,1024,6,25,steerable_atan2,0,all,35023,2.8060247898101807,0.220662921667099,5.866366386413574,17.1625919342041,47.50269317626953,89.8572769165039,0.0732712596654892
example_images/synthetic_nested_shapes/clean/1024/nested_star_square_oval_dark_light_steps_1024.png,dark_light_steps,1024,6,25,steerable_atan2,0,smooth,25844,0.7089037895202637,0.12671367824077606,0.6274006962776184,1.0236639976501465,15.143209457397461,89.8572769165039,0.07622989267110825
example_images/synthetic_nested_shapes/clean/1024/nested_star_square_oval_dark_light_steps_1024.png,dark_light_steps,1024,6,25,brute_16,16,all,35023,4.275904655456543,1.8682684898376465,7.8700785636901855,16.995027542114258,45.0,90.0,0.0732712596654892
example_images/synthetic_nested_shapes/clean/1024/nested_star_square_oval_dark_light_steps_1024.png,dark_light_steps,1024,6,25,brute_16_vs_steerable,16,all,35023,2.246708869934082,1.844738483428955,5.1939544677734375,5.510650634765625,5.589191436767578,5.6245927810668945,0.0732712596654892
example_images/synthetic_nested_shapes/clean/1024/nested_star_square_oval_dark_light_steps_1024.png,dark_light_steps,1024,6,25,brute_16,16,smooth,25844,2.503695487976074,1.1299182176589966,5.620084762573242,5.62992000579834,15.535050392150879,90.0,0.07622989267110825
example_images/synthetic_nested_shapes/clean/1024/nested_star_square_oval_dark_light_steps_1024.png,dark_light_steps,1024,6,25,brute_16_vs_steerable,16,smooth,25844,2.0780978202819824,1.4153586626052856,5.349540710449219,5.553879737854004,5.590721607208252,5.6245927810668945,0.07622989267110825
example_images/synthetic_nested_shapes/clean/1024/nested_star_square_oval_dark_light_steps_1024.png,dark_light_steps,1024,6,25,brute_32,32,all,35023,3.417025089263916,1.1299182176589966,5.62992000579834,16.875,47.25491714477539,90.0,0.0732712596654892
example_images/synthetic_nested_shapes/clean/1024/nested_star_square_oval_dark_light_steps_1024.png,dark_light_steps,1024,6,25,brute_32_vs_steerable,32,all,35023,1.0864262580871582,1.0367134809494019,2.363586902618408,2.501014471054077,2.7438852787017822,2.8121800422668457,0.0732712596654892
example_images/synthetic_nested_shapes/clean/1024/nested_star_square_oval_dark_light_steps_1024.png,dark_light_steps,1024,6,25,brute_32,32,smooth,25844,1.4583755731582642,1.1200759410858154,2.2549185752868652,2.690737724304199,16.45572853088379,90.0,0.07622989267110825
example_images/synthetic_nested_shapes/clean/1024/nested_star_square_oval_dark_light_steps_1024.png,dark_light_steps,1024,6,25,brute_32_vs_steerable,32,smooth,25844,0.9846198558807373,0.9131348133087158,2.321239709854126,2.428391695022583,2.695364236831665,2.8113811016082764,0.07622989267110825
example_images/synthetic_nested_shapes/clean/1024/nested_star_square_oval_dark_light_steps_1024.png,dark_light_steps,1024,6,25,brute_64,64,all,35023,3.070847988128662,0.5674179792404175,5.62992000579834,16.875,47.812503814697266,90.0,0.0732712596654892
example_images/synthetic_nested_shapes/clean/1024/nested_star_square_oval_dark_light_steps_1024.png,dark_light_steps,1024,6,25,brute_64_vs_steerable,64,all,35023,0.5643856525421143,0.5508069396018982,1.250027060508728,1.334022045135498,1.3909270763397217,1.405892014503479,0.0732712596654892
example_images/synthetic_nested_shapes/clean/1024/nested_star_square_oval_dark_light_steps_1024.png,dark_light_steps,1024,6,25,brute_64,64,smooth,25844,1.0363303422927856,0.5575824975967407,1.4857983589172363,1.7324870824813843,14.113171577453613,90.0,0.07622989267110825
example_images/synthetic_nested_shapes/clean/1024/nested_star_square_oval_dark_light_steps_1024.png,dark_light_steps,1024,6,25,brute_64_vs_steerable,64,smooth,25844,0.5221624970436096,0.47380000352859497,1.2488141059875488,1.3327884674072266,1.3906822204589844,1.4055572748184204,0.07622989267110825
example_images/synthetic_nested_shapes/clean/1024/nested_star_square_oval_dark_light_steps_1024.png,dark_light_steps,1024,6,25,brute_180,180,all,35023,2.912447214126587,0.37992244958877563,5.654092311859131,17.379907608032227,47.37990951538086,90.0,0.0732712596654892
example_images/synthetic_nested_shapes/clean/1024/nested_star_square_oval_dark_light_steps_1024.png,dark_light_steps,1024,6,25,brute_180_vs_steerable,180,all,35023,0.2134183794260025,0.21542416512966156,0.44844290614128113,0.47575682401657104,0.4951135814189911,0.4999835193157196,0.0732712596654892
example_images/synthetic_nested_shapes/clean/1024/nested_star_square_oval_dark_light_steps_1024.png,dark_light_steps,1024,6,25,brute_180,180,smooth,25844,0.840488076210022,0.37991562485694885,0.6579323410987854,1.15329110622406,15.31985855102539,90.0,0.07622989267110825
example_images/synthetic_nested_shapes/clean/1024/nested_star_square_oval_dark_light_steps_1024.png,dark_light_steps,1024,6,25,brute_180_vs_steerable,180,smooth,25844,0.20051737129688263,0.18930552899837494,0.44803309440612793,0.4748941659927368,0.4944861829280853,0.4999835193157196,0.07622989267110825
example_images/synthetic_nested_shapes/clean/1024/nested_star_square_oval_dark_light_steps_1024.png,dark_light_steps,1024,8,25,steerable_atan2,0,all,35023,2.3737735748291016,0.3506687581539154,4.801651954650879,10.417143821716309,45.0,89.9197769165039,0.09284338355064392
example_images/synthetic_nested_shapes/clean/1024/nested_star_square_oval_dark_light_steps_1024.png,dark_light_steps,1024,8,25,steerable_atan2,0,smooth,25844,0.6575689315795898,0.18501617014408112,0.8907570838928223,1.1628601551055908,9.766960144042969,89.9197769165039,0.09657592326402664
example_images/synthetic_nested_shapes/clean/1024/nested_star_square_oval_dark_light_steps_1024.png,dark_light_steps,1024,8,25,brute_16,16,all,35023,3.817164421081543,1.4901628494262695,5.62992000579834,11.250011444091797,45.0,90.0,0.09284338355064392
example_images/synthetic_nested_shapes/clean/1024/nested_star_square_oval_dark_light_steps_1024.png,dark_light_steps,1024,8,25,brute_16_vs_steerable,16,all,35023,2.185350179672241,1.8324031829833984,5.08560037612915,5.435471534729004,5.573352336883545,5.624490261077881,0.09284338355064392
example_images/synthetic_nested_shapes/clean/1024/nested_star_square_oval_dark_light_steps_1024.png,dark_light_steps,1024,8,25,brute_16,16,smooth,25844,2.3750159740448,1.1299182176589966,5.620084762573242,5.62992000579834,11.249998092651367,90.0,0.09657592326402664
example_images/synthetic_nested_shapes/clean/1024/nested_star_square_oval_dark_light_steps_1024.png,dark_light_steps,1024,8,25,brute_16_vs_steerable,16,smooth,25844,2.010995864868164,1.3865693807601929,5.098668098449707,5.445382118225098,5.573352336883545,5.624490261077881,0.09657592326402664
example_images/synthetic_nested_shapes/clean/1024/nested_star_square_oval_dark_light_steps_1024.png,dark_light_steps,1024,8,25,brute_32,32,all,35023,2.9377124309539795,1.1299182176589966,5.624995708465576,11.249998092651367,45.0,90.0,0.09284338355064392
example_images/synthetic_nested_shapes/clean/1024/nested_star_square_oval_dark_light_steps_1024.png,dark_light_steps,1024,8,25,brute_32_vs_steerable,32,all,35023,1.0827090740203857,0.9866481423377991,2.4463388919830322,2.6198489665985107,2.7748122215270996,2.8121392726898193,0.09284338355064392
example_images/synthetic_nested_shapes/clean/1024/nested_star_square_oval_dark_light_steps_1024.png,dark_light_steps,1024,8,25,brute_32,32,smooth,25844,1.35520339012146,1.1200759410858154,2.2549185752868652,3.3700835704803467,10.163896560668945,90.0,0.09657592326402664
example_images/synthetic_nested_shapes/clean/1024/nested_star_square_oval_dark_light_steps_1024.png,dark_light_steps,1024,8,25,brute_32_vs_steerable,32,smooth,25844,0.9827479124069214,0.8201247453689575,2.4234466552734375,2.6058695316314697,2.7696268558502197,2.8117566108703613,0.09657592326402664
example_images/synthetic_nested_shapes/clean/1024/nested_star_square_oval_dark_light_steps_1024.png,dark_light_steps,1024,8,25,brute_64,64,all,35023,2.5795321464538574,0.5674179792404175,5.067412853240967,10.692415237426758,45.0,90.0,0.09284338355064392
example_images/synthetic_nested_shapes/clean/1024/nested_star_square_oval_dark_light_steps_1024.png,dark_light_steps,1024,8,25,brute_64_vs_steerable,64,all,35023,0.5387051701545715,0.49464231729507446,1.203773021697998,1.304552435874939,1.387079119682312,1.4062540531158447,0.09284338355064392
example_images/synthetic_nested_shapes/clean/1024/nested_star_square_oval_dark_light_steps_1024.png,dark_light_steps,1024,8,25,brute_64,64,smooth,25844,0.9094846248626709,0.5575824975967407,1.5514883995056152,1.872639775276184,8.948262214660645,90.0,0.09657592326402664
example_images/synthetic_nested_shapes/clean/1024/nested_star_square_oval_dark_light_steps_1024.png,dark_light_steps,1024,8,25,brute_64_vs_steerable,64,smooth,25844,0.4895511269569397,0.4007408618927002,1.1799219846725464,1.289677381515503,1.3865936994552612,1.4062403440475464,0.09657592326402664
example_images/synthetic_nested_shapes/clean/1024/nested_star_square_oval_dark_light_steps_1024.png,dark_light_steps,1024,8,25,brute_180,180,all,35023,2.445814609527588,0.37992244958877563,4.7236809730529785,10.379920959472656,45.0,90.0,0.09284338355064392
example_images/synthetic_nested_shapes/clean/1024/nested_star_square_oval_dark_light_steps_1024.png,dark_light_steps,1024,8,25,brute_180_vs_steerable,180,all,35023,0.20494970679283142,0.19621767103672028,0.44202253222465515,0.4720097780227661,0.4950111210346222,0.4998742341995239,0.09284338355064392
example_images/synthetic_nested_shapes/clean/1024/nested_star_square_oval_dark_light_steps_1024.png,dark_light_steps,1024,8,25,brute_180,180,smooth,25844,0.7434537410736084,0.37991562485694885,0.8728141784667969,1.379916787147522,9.633376121520996,90.0,0.09657592326402664
example_images/synthetic_nested_shapes/clean/1024/nested_star_square_oval_dark_light_steps_1024.png,dark_light_steps,1024,8,25,brute_180_vs_steerable,180,smooth,25844,0.1906706988811493,0.17353802919387817,0.43963196873664856,0.47186943888664246,0.4949096441268921,0.4998742341995239,0.09657592326402664
example_images/synthetic_nested_shapes/clean/1024/nested_star_square_oval_low_contrast_gray_1024.png,low_contrast_gray,1024,2,25,steerable_atan2,0,all,35023,5.736697196960449,0.2273496836423874,23.881210327148438,37.8116569519043,55.123687744140625,89.64105224609375,0.005495848599821329
example_images/synthetic_nested_shapes/clean/1024/nested_star_square_oval_low_contrast_gray_1024.png,low_contrast_gray,1024,2,25,steerable_atan2,0,smooth,25844,1.8956611156463623,0.15076276659965515,0.39867132902145386,7.544545650482178,53.868587493896484,89.64105224609375,0.00556990597397089
example_images/synthetic_nested_shapes/clean/1024/nested_star_square_oval_low_contrast_gray_1024.png,low_contrast_gray,1024,2,25,brute_16,16,all,35023,7.167572021484375,3.3700835704803467,22.500001907348633,37.12992477416992,56.250003814697266,90.0,0.005495848599821329
example_images/synthetic_nested_shapes/clean/1024/nested_star_square_oval_low_contrast_gray_1024.png,low_contrast_gray,1024,2,25,brute_16_vs_steerable,16,all,35023,2.252685785293579,1.9038196802139282,5.274713516235352,5.542220592498779,5.614169597625732,5.624995708465576,0.005495848599821329
example_images/synthetic_nested_shapes/clean/1024/nested_star_square_oval_low_contrast_gray_1024.png,low_contrast_gray,1024,2,25,brute_16,16,smooth,25844,3.686997652053833,1.1299182176589966,5.620084762573242,8.561922073364258,55.14916229248047,89.66014862060547,0.00556990597397089
example_images/synthetic_nested_shapes/clean/1024/nested_star_square_oval_low_contrast_gray_1024.png,low_contrast_gray,1024,2,25,brute_16_vs_steerable,16,smooth,25844,2.0683679580688477,0.9919552206993103,5.377572059631348,5.564295768737793,5.614319801330566,5.624995708465576,0.00556990597397089
example_images/synthetic_nested_shapes/clean/1024/nested_star_square_oval_low_contrast_gray_1024.png,low_contrast_gray,1024,2,25,brute_32,32,all,35023,6.349440574645996,1.1299182176589966,23.126338958740234,38.30214309692383,56.201229095458984,90.0,0.005495848599821329
example_images/synthetic_nested_shapes/clean/1024/nested_star_square_oval_low_contrast_gray_1024.png,low_contrast_gray,1024,2,25,brute_32_vs_steerable,32,all,35023,1.031944990158081,0.8828975558280945,2.2197868824005127,2.4794795513153076,2.748173952102661,2.8119888305664062,0.005495848599821329
example_images/synthetic_nested_shapes/clean/1024/nested_star_square_oval_low_contrast_gray_1024.png,low_contrast_gray,1024,2,25,brute_32,32,smooth,25844,2.673966884613037,1.1200827360153198,2.2549185752868652,7.424224376678467,53.513160705566406,89.87996673583984,0.00556990597397089
example_images/synthetic_nested_shapes/clean/1024/nested_star_square_oval_low_contrast_gray_1024.png,low_contrast_gray,1024,2,25,brute_32_vs_steerable,32,smooth,25844,0.9157745242118835,0.8233861327171326,2.1378629207611084,2.2772209644317627,2.7058072090148926,2.810049057006836,0.00556990597397089
example_images/synthetic_nested_shapes/clean/1024/nested_star_square_oval_low_contrast_gray_1024.png,low_contrast_gray,1024,2,25,brute_64,64,all,35023,5.985058784484863,0.6169641613960266,23.629926681518555,37.69243240356445,55.72529602050781,90.0,0.005495848599821329
example_images/synthetic_nested_shapes/clean/1024/nested_star_square_oval_low_contrast_gray_1024.png,low_contrast_gray,1024,2,25,brute_64_vs_steerable,64,all,35023,0.5434331893920898,0.6497217416763306,1.0789841413497925,1.2512080669403076,1.3725926876068115,1.406226634979248,0.005495848599821329
example_images/synthetic_nested_shapes/clean/1024/nested_star_square_oval_low_contrast_gray_1024.png,low_contrast_gray,1024,2,25,brute_64,64,smooth,25844,2.218992233276367,0.5575893521308899,1.1299182176589966,7.476072311401367,53.437496185302734,89.87996673583984,0.00556990597397089
example_images/synthetic_nested_shapes/clean/1024/nested_star_square_oval_low_contrast_gray_1024.png,low_contrast_gray,1024,2,25,brute_64_vs_steerable,64,smooth,25844,0.4941011071205139,0.6273938417434692,0.9668248891830444,1.1397355794906616,1.340872883796692,1.406226634979248,0.00556990597397089
example_images/synthetic_nested_shapes/clean/1024/nested_star_square_oval_low_contrast_gray_1024.png,low_contrast_gray,1024,2,25,brute_180,180,all,35023,5.84917688369751,0.37992244958877563,24.0,37.999996185302734,54.999996185302734,89.54671478271484,0.005495848599821329
example_images/synthetic_nested_shapes/clean/1024/nested_star_square_oval_low_contrast_gray_1024.png,low_contrast_gray,1024,2,25,brute_180_vs_steerable,180,all,35023,0.21237602829933167,0.20845738053321838,0.43986281752586365,0.4735493063926697,0.4919915199279785,0.4999220371246338,0.005495848599821329
example_images/synthetic_nested_shapes/clean/1024/nested_star_square_oval_low_contrast_gray_1024.png,low_contrast_gray,1024,2,25,brute_180,180,smooth,25844,2.045637369155884,0.37991562485694885,0.6200855374336243,7.6371283531188965,53.720455169677734,89.54671478271484,0.00556990597397089
example_images/synthetic_nested_shapes/clean/1024/nested_star_square_oval_low_contrast_gray_1024.png,low_contrast_gray,1024,2,25,brute_180_vs_steerable,180,smooth,25844,0.20054003596305847,0.18914160132408142,0.4374394714832306,0.47070932388305664,0.4909198582172394,0.4998878836631775,0.00556990597397089
example_images/synthetic_nested_shapes/clean/1024/nested_star_square_oval_low_contrast_gray_1024.png,low_contrast_gray,1024,4,25,steerable_atan2,0,all,35023,3.74867844581604,0.19209907948970795,11.10555648803711,27.573604583740234,49.42522048950195,86.72244262695312,0.010579634457826614
example_images/synthetic_nested_shapes/clean/1024/nested_star_square_oval_low_contrast_gray_1024.png,low_contrast_gray,1024,4,25,steerable_atan2,0,smooth,25844,1.086629867553711,0.10400670766830444,0.49641406536102295,1.0764046907424927,31.919673919677734,86.72244262695312,0.010294901207089424
example_images/synthetic_nested_shapes/clean/1024/nested_star_square_oval_low_contrast_gray_1024.png,low_contrast_gray,1024,4,25,brute_16,16,all,35023,5.188394069671631,2.632949113845825,11.249998092651367,27.405675888061523,48.37993240356445,89.35560607910156,0.010579634457826614
example_images/synthetic_nested_shapes/clean/1024/nested_star_square_oval_low_contrast_gray_1024.png,low_contrast_gray,1024,4,25,brute_16_vs_steerable,16,all,35023,2.2286221981048584,1.9158544540405273,5.162099838256836,5.485256671905518,5.602025508880615,5.624988555908203,0.010579634457826614
example_images/synthetic_nested_shapes/clean/1024/nested_star_square_oval_low_contrast_gray_1024.png,low_contrast_gray,1024,4,25,brute_16,16,smooth,25844,2.891899585723877,1.1299182176589966,5.62992000579834,5.62992000579834,33.74999237060547,89.35560607910156,0.010294901207089424
example_images/synthetic_nested_shapes/clean/1024/nested_star_square_oval_low_contrast_gray_1024.png,low_contrast_gray,1024,4,25,brute_16_vs_steerable,16,smooth,25844,2.0339560508728027,1.2772386074066162,5.192241668701172,5.5041351318359375,5.609539031982422,5.624865531921387,0.010294901207089424
example_images/synthetic_nested_shapes/clean/1024/nested_star_square_oval_low_contrast_gray_1024.png,low_contrast_gray,1024,4,25,brute_32,32,all,35023,4.387121677398682,1.1299182176589966,11.249998092651367,28.1250057220459,50.625,88.07666015625,0.010579634457826614
example_images/synthetic_nested_shapes/clean/1024/nested_star_square_oval_low_contrast_gray_1024.png,low_contrast_gray,1024,4,25,brute_32_vs_steerable,32,all,35023,1.1069722175598145,0.998184323310852,2.3999099731445312,2.5273475646972656,2.7522871494293213,2.8123509883880615,0.010579634457826614
example_images/synthetic_nested_shapes/clean/1024/nested_star_square_oval_low_contrast_gray_1024.png,low_contrast_gray,1024,4,25,brute_32,32,smooth,25844,1.86370050907135,1.1200759410858154,2.2549185752868652,2.9078564643859863,32.54633712768555,88.07666015625,0.010294901207089424
example_images/synthetic_nested_shapes/clean/1024/nested_star_square_oval_low_contrast_gray_1024.png,low_contrast_gray,1024,4,25,brute_32_vs_steerable,32,smooth,25844,0.9999365210533142,0.8904927372932434,2.3546879291534424,2.468109130859375,2.691580295562744,2.8087241649627686,0.010294901207089424
example_images/synthetic_nested_shapes/clean/1024/nested_star_square_oval_low_contrast_gray_1024.png,low_contrast_gray,1024,4,25,brute_64,64,all,35023,4.017252445220947,0.5674179792404175,11.249998092651367,27.567415237426758,49.50491714477539,86.5430908203125,0.010579634457826614
example_images/synthetic_nested_shapes/clean/1024/nested_star_square_oval_low_contrast_gray_1024.png,low_contrast_gray,1024,4,25,brute_64_vs_steerable,64,all,35023,0.5424824357032776,0.504286527633667,1.1917027235031128,1.2940735816955566,1.3869965076446533,1.4060627222061157,0.010579634457826614
example_images/synthetic_nested_shapes/clean/1024/nested_star_square_oval_low_contrast_gray_1024.png,low_contrast_gray,1024,4,25,brute_64,64,smooth,25844,1.4256434440612793,0.5575893521308899,1.2129713296890259,1.8388781547546387,31.91899299621582,86.5430908203125,0.010294901207089424
example_images/synthetic_nested_shapes/clean/1024/nested_star_square_oval_low_contrast_gray_1024.png,low_contrast_gray,1024,4,25,brute_64_vs_steerable,64,smooth,25844,0.49307721853256226,0.45778658986091614,1.1496765613555908,1.2726045846939087,1.3782570362091064,1.4060627222061157,0.010294901207089424
example_images/synthetic_nested_shapes/clean/1024/nested_star_square_oval_low_contrast_gray_1024.png,low_contrast_gray,1024,4,25,brute_180,180,all,35023,3.871626377105713,0.37992244958877563,11.127723693847656,27.379920959472656,49.37992477416992,87.17335510253906,0.010579634457826614
example_images/synthetic_nested_shapes/clean/1024/nested_star_square_oval_low_contrast_gray_1024.png,low_contrast_gray,1024,4,25,brute_180_vs_steerable,180,all,35023,0.23117731511592865,0.25027862191200256,0.4530942738056183,0.4769930839538574,0.4955575466156006,0.4999903440475464,0.010579634457826614
example_images/synthetic_nested_shapes/clean/1024/nested_star_square_oval_low_contrast_gray_1024.png,low_contrast_gray,1024,4,25,brute_180,180,smooth,25844,1.2447091341018677,0.37991562485694885,0.6200855374336243,1.189925193786621,31.882230758666992,87.17335510253906,0.010294901207089424
example_images/synthetic_nested_shapes/clean/1024/nested_star_square_oval_low_contrast_gray_1024.png,low_contrast_gray,1024,4,25,brute_180_vs_steerable,180,smooth,25844,0.22410212457180023,0.24861888587474823,0.4529078006744385,0.4769930839538574,0.4954383075237274,0.49990156292915344,0.010294901207089424
example_images/synthetic_nested_shapes/clean/1024/nested_star_square_oval_low_contrast_gray_1024.png,low_contrast_gray,1024,6,25,steerable_atan2,0,all,35023,2.7925782203674316,0.22061511874198914,5.9862236976623535,17.033164978027344,47.26300048828125,87.663330078125,0.015156637877225876
example_images/synthetic_nested_shapes/clean/1024/nested_star_square_oval_low_contrast_gray_1024.png,low_contrast_gray,1024,6,25,steerable_atan2,0,smooth,25844,0.7370229363441467,0.12671367824077606,0.6273938417434692,1.0281500816345215,16.133689880371094,87.663330078125,0.014709711074829102
example_images/synthetic_nested_shapes/clean/1024/nested_star_square_oval_low_contrast_gray_1024.png,low_contrast_gray,1024,6,25,brute_16,16,all,35023,4.260071277618408,1.8444721698760986,7.870085716247559,16.879924774169922,45.0,88.07666015625,0.015156637877225876
example_images/synthetic_nested_shapes/clean/1024/nested_star_square_oval_low_contrast_gray_1024.png,low_contrast_gray,1024,6,25,brute_16_vs_steerable,16,all,35023,2.2431252002716064,1.8395748138427734,5.192162036895752,5.506989002227783,5.589287281036377,5.62464714050293,0.015156637877225876
example_images/synthetic_nested_shapes/clean/1024/nested_star_square_oval_low_contrast_gray_1024.png,low_contrast_gray,1024,6,25,brute_16,16,smooth,25844,2.531080722808838,1.1299182176589966,5.620084762573242,5.62992000579834,16.155672073364258,88.07666015625,0.014709711074829102
example_images/synthetic_nested_shapes/clean/1024/nested_star_square_oval_low_contrast_gray_1024.png,low_contrast_gray,1024,6,25,brute_16_vs_steerable,16,smooth,25844,2.075258255004883,1.413063645362854,5.349458694458008,5.553900241851807,5.590701103210449,5.62464714050293,0.014709711074829102
example_images/synthetic_nested_shapes/clean/1024/nested_star_square_oval_low_contrast_gray_1024.png,low_contrast_gray,1024,6,25,brute_32,32,all,35023,3.3996422290802,1.1299182176589966,5.62992000579834,16.875,47.25490951538086,88.07666015625,0.015156637877225876
example_images/synthetic_nested_shapes/clean/1024/nested_star_square_oval_low_contrast_gray_1024.png,low_contrast_gray,1024,6,25,brute_32_vs_steerable,32,all,35023,1.088707685470581,1.03964364528656,2.370553731918335,2.5050346851348877,2.748302698135376,2.8119957447052,0.015156637877225876
example_images/synthetic_nested_shapes/clean/1024/nested_star_square_oval_low_contrast_gray_1024.png,low_contrast_gray,1024,6,25,brute_32,32,smooth,25844,1.487136960029602,1.1200759410858154,2.2549185752868652,2.7132925987243652,16.875,88.07666015625,0.014709711074829102
example_images/synthetic_nested_shapes/clean/1024/nested_star_square_oval_low_contrast_gray_1024.png,low_contrast_gray,1024,6,25,brute_32_vs_steerable,32,smooth,25844,0.9845948219299316,0.9121478796005249,2.3226945400238037,2.432671308517456,2.7025272846221924,2.809810161590576,0.014709711074829102
example_images/synthetic_nested_shapes/clean/1024/nested_star_square_oval_low_contrast_gray_1024.png,low_contrast_gray,1024,6,25,brute_64,64,all,35023,3.055511713027954,0.5674179792404175,5.62992000579834,16.875,46.69242477416992,88.07666015625,0.015156637877225876
example_images/synthetic_nested_shapes/clean/1024/nested_star_square_oval_low_contrast_gray_1024.png,low_contrast_gray,1024,6,25,brute_64_vs_steerable,64,all,35023,0.5641308426856995,0.5489832758903503,1.251535177230835,1.33664071559906,1.3914978504180908,1.4061310291290283,0.015156637877225876
example_images/synthetic_nested_shapes/clean/1024/nested_star_square_oval_low_contrast_gray_1024.png,low_contrast_gray,1024,6,25,brute_64,64,smooth,25844,1.061914086341858,0.5575824975967407,1.4870619773864746,1.7438418865203857,16.860309600830078,88.07666015625,0.014709711074829102
example_images/synthetic_nested_shapes/clean/1024/nested_star_square_oval_low_contrast_gray_1024.png,low_contrast_gray,1024,6,25,brute_64_vs_steerable,64,smooth,25844,0.5214725732803345,0.47114303708076477,1.24991774559021,1.3357213735580444,1.390749454498291,1.405659794807434,0.014709711074829102
example_images/synthetic_nested_shapes/clean/1024/nested_star_square_oval_low_contrast_gray_1024.png,low_contrast_gray,1024,6,25,brute_180,180,all,35023,2.8982110023498535,0.37992244958877563,6.0,17.000019073486328,47.37990951538086,87.82666778564453,0.015156637877225876
example_images/synthetic_nested_shapes/clean/1024/nested_star_square_oval_low_contrast_gray_1024.png,low_contrast_gray,1024,6,25,brute_180_vs_steerable,180,all,35023,0.21334482729434967,0.21431085467338562,0.4485439956188202,0.4763237237930298,0.4950794279575348,0.4999903440475464,0.015156637877225876
example_images/synthetic_nested_shapes/clean/1024/nested_star_square_oval_low_contrast_gray_1024.png,low_contrast_gray,1024,6,25,brute_180,180,smooth,25844,0.8677178025245667,0.37991562485694885,0.6593796014785767,1.159299612045288,15.999998092651367,87.82666778564453,0.014709711074829102
example_images/synthetic_nested_shapes/clean/1024/nested_star_square_oval_low_contrast_gray_1024.png,low_contrast_gray,1024,6,25,brute_180_vs_steerable,180,smooth,25844,0.20034939050674438,0.18949677050113678,0.44796955585479736,0.4751981198787689,0.4943854808807373,0.4999903440475464,0.014709711074829102
example_images/synthetic_nested_shapes/clean/1024/nested_star_square_oval_low_contrast_gray_1024.png,low_contrast_gray,1024,8,25,steerable_atan2,0,all,35023,2.3817896842956543,0.3512561321258545,4.849229335784912,10.6256742477417,45.00007629394531,88.3570556640625,0.01927189528942108
example_images/synthetic_nested_shapes/clean/1024/nested_star_square_oval_low_contrast_gray_1024.png,low_contrast_gray,1024,8,25,steerable_atan2,0,smooth,25844,0.6865456700325012,0.18654611706733704,0.8921087384223938,1.1772254705429077,10.885855674743652,88.3570556640625,0.01872737519443035
example_images/synthetic_nested_shapes/clean/1024/nested_star_square_oval_low_contrast_gray_1024.png,low_contrast_gray,1024,8,25,brute_16,16,all,35023,3.816194534301758,1.4671725034713745,5.62992000579834,11.250011444091797,45.0,89.35560607910156,0.01927189528942108
example_images/synthetic_nested_shapes/clean/1024/nested_star_square_oval_low_contrast_gray_1024.png,low_contrast_gray,1024,8,25,brute_16_vs_steerable,16,all,35023,2.1837823390960693,1.8242137432098389,5.0720014572143555,5.439244270324707,5.573366165161133,5.623916149139404,0.01927189528942108
example_images/synthetic_nested_shapes/clean/1024/nested_star_square_oval_low_contrast_gray_1024.png,low_contrast_gray,1024,8,25,brute_16,16,smooth,25844,2.4017345905303955,1.1299182176589966,5.620084762573242,5.62992000579834,11.250011444091797,89.35560607910156,0.01872737519443035
example_images/synthetic_nested_shapes/clean/1024/nested_star_square_oval_low_contrast_gray_1024.png,low_contrast_gray,1024,8,25,brute_16_vs_steerable,16,smooth,25844,2.0081627368927,1.36420738697052,5.098572254180908,5.445443630218506,5.573366165161133,5.621143341064453,0.01872737519443035
example_images/synthetic_nested_shapes/clean/1024/nested_star_square_oval_low_contrast_gray_1024.png,low_contrast_gray,1024,8,25,brute_32,32,all,35023,2.943894624710083,1.1299182176589966,5.624995708465576,11.249998092651367,45.0,86.29835510253906,0.01927189528942108
example_images/synthetic_nested_shapes/clean/1024/nested_star_square_oval_low_contrast_gray_1024.png,low_contrast_gray,1024,8,25,brute_32_vs_steerable,32,all,35023,1.0824648141860962,0.988164484500885,2.4459261894226074,2.6198692321777344,2.7748122215270996,2.812248468399048,0.01927189528942108
example_images/synthetic_nested_shapes/clean/1024/nested_star_square_oval_low_contrast_gray_1024.png,low_contrast_gray,1024,8,25,brute_32,32,smooth,25844,1.3793784379959106,1.1200759410858154,2.258455991744995,3.3700835704803467,11.098999977111816,86.29835510253906,0.01872737519443035
example_images/synthetic_nested_shapes/clean/1024/nested_star_square_oval_low_contrast_gray_1024.png,low_contrast_gray,1024,8,25,brute_32_vs_steerable,32,smooth,25844,0.982915997505188,0.8229626417160034,2.4226341247558594,2.6065874099731445,2.7695958614349365,2.811845541000366,0.01872737519443035
example_images/synthetic_nested_shapes/clean/1024/nested_star_square_oval_low_contrast_gray_1024.png,low_contrast_gray,1024,8,25,brute_64,64,all,35023,2.5883824825286865,0.5674179792404175,5.06742000579834,10.962549209594727,45.00383377075195,89.11084747314453,0.01927189528942108
example_images/synthetic_nested_shapes/clean/1024/nested_star_square_oval_low_contrast_gray_1024.png,low_contrast_gray,1024,8,25,brute_64_vs_steerable,64,all,35023,0.5396363139152527,0.4947379231452942,1.20689857006073,1.3046399354934692,1.3871363401412964,1.4062130451202393,0.01927189528942108
example_images/synthetic_nested_shapes/clean/1024/nested_star_square_oval_low_contrast_gray_1024.png,low_contrast_gray,1024,8,25,brute_64,64,smooth,25844,0.9385344386100769,0.5575824975967407,1.5612645149230957,1.8727558851242065,10.868280410766602,89.11084747314453,0.01872737519443035
example_images/synthetic_nested_shapes/clean/1024/nested_star_square_oval_low_contrast_gray_1024.png,low_contrast_gray,1024,8,25,brute_64_vs_steerable,64,smooth,25844,0.4899120628833771,0.4032338857650757,1.1805230379104614,1.2896794080734253,1.3863028287887573,1.4062130451202393,0.01872737519443035
example_images/synthetic_nested_shapes/clean/1024/nested_star_square_oval_low_contrast_gray_1024.png,low_contrast_gray,1024,8,25,brute_180,180,all,35023,2.4537594318389893,0.37992244958877563,4.999999046325684,10.379920959472656,45.0,88.17335510253906,0.01927189528942108
example_images/synthetic_nested_shapes/clean/1024/nested_star_square_oval_low_contrast_gray_1024.png,low_contrast_gray,1024,8,25,brute_180_vs_steerable,180,all,35023,0.20504340529441833,0.19628597795963287,0.44245967268943787,0.4721429646015167,0.49496331810951233,0.4997854232788086,0.01927189528942108
example_images/synthetic_nested_shapes/clean/1024/nested_star_square_oval_low_contrast_gray_1024.png,low_contrast_gray,1024,8,25,brute_180,180,smooth,25844,0.7725763916969299,0.37991562485694885,0.8797010779380798,1.379916787147522,10.970479011535645,88.17335510253906,0.01872737519443035
example_images/synthetic_nested_shapes/clean/1024/nested_star_square_oval_low_contrast_gray_1024.png,low_contrast_gray,1024,8,25,brute_180_vs_steerable,180,smooth,25844,0.190750852227211,0.17569294571876526,0.43969616293907166,0.47200706601142883,0.49496331810951233,0.4997444450855255,0.01872737519443035
example_images/synthetic_nested_shapes/clean/1024/nested_star_square_oval_low_contrast_cool_colors_1024.png,low_contrast_cool_colors,1024,2,25,steerable_atan2,0,all,35023,6.0114827156066895,0.22769801318645477,25.375072479248047,38.187828063964844,60.428287506103516,89.91630554199219,0.0018557008588686585
example_images/synthetic_nested_shapes/clean/1024/nested_star_square_oval_low_contrast_cool_colors_1024.png,low_contrast_cool_colors,1024,2,25,steerable_atan2,0,smooth,25844,2.1016809940338135,0.15090620517730713,0.3991364538669586,7.412320613861084,63.54771041870117,89.91630554199219,0.0019382373429834843
example_images/synthetic_nested_shapes/clean/1024/nested_star_square_oval_low_contrast_cool_colors_1024.png,low_contrast_cool_colors,1024,2,25,brute_16,16,all,35023,7.433013439178467,3.3700835704803467,23.629913330078125,37.12992477416992,61.279808044433594,89.77401733398438,0.0018557008588686585
example_images/synthetic_nested_shapes/clean/1024/nested_star_square_oval_low_contrast_cool_colors_1024.png,low_contrast_cool_colors,1024,2,25,brute_16_vs_steerable,16,all,35023,2.24702787399292,1.8914774656295776,5.270739555358887,5.542220592498779,5.614312648773193,5.624906539916992,0.0018557008588686585
example_images/synthetic_nested_shapes/clean/1024/nested_star_square_oval_low_contrast_cool_colors_1024.png,low_contrast_cool_colors,1024,2,25,brute_16,16,smooth,25844,3.893251419067383,1.1299182176589966,5.620084762573242,9.153409957885742,62.9791259765625,89.77401733398438,0.0019382373429834843
example_images/synthetic_nested_shapes/clean/1024/nested_star_square_oval_low_contrast_cool_colors_1024.png,low_contrast_cool_colors,1024,2,25,brute_16_vs_steerable,16,smooth,25844,2.0676345825195312,0.9915522336959839,5.37736701965332,5.564350128173828,5.614354133605957,5.624046325683594,0.0019382373429834843
example_images/synthetic_nested_shapes/clean/1024/nested_star_square_oval_low_contrast_cool_colors_1024.png,low_contrast_cool_colors,1024,2,25,brute_32,32,all,35023,6.613348960876465,1.1299182176589966,25.16753387451172,39.375003814697266,60.98428726196289,89.77401733398438,0.0018557008588686585
example_images/synthetic_nested_shapes/clean/1024/nested_star_square_oval_low_contrast_cool_colors_1024.png,low_contrast_cool_colors,1024,2,25,brute_32_vs_steerable,32,all,35023,1.03384268283844,0.8861760497093201,2.2191832065582275,2.4815027713775635,2.7497177124023438,2.8124806880950928,0.0018557008588686585
example_images/synthetic_nested_shapes/clean/1024/nested_star_square_oval_low_contrast_cool_colors_1024.png,low_contrast_cool_colors,1024,2,25,brute_32,32,smooth,25844,2.870619773864746,1.1200827360153198,2.2549185752868652,6.506978511810303,62.797393798828125,89.77401733398438,0.0019382373429834843
example_images/synthetic_nested_shapes/clean/1024/nested_star_square_oval_low_contrast_cool_colors_1024.png,low_contrast_cool_colors,1024,2,25,brute_32_vs_steerable,32,smooth,25844,0.9147101640701294,0.8232836723327637,2.1368520259857178,2.2743983268737793,2.701414108276367,2.812405586242676,0.0019382373429834843
example_images/synthetic_nested_shapes/clean/1024/nested_star_square_oval_low_contrast_cool_colors_1024.png,low_contrast_cool_colors,1024,2,25,brute_64,64,all,35023,6.2623467445373535,0.6244978904724121,25.312496185302734,38.25492858886719,60.3900032043457,89.77401733398438,0.0018557008588686585
example_images/synthetic_nested_shapes/clean/1024/nested_star_square_oval_low_contrast_cool_colors_1024.png,low_contrast_cool_colors,1024,2,25,brute_64_vs_steerable,64,all,35023,0.5441679358482361,0.6507394313812256,1.0783748626708984,1.2500872611999512,1.3725463151931763,1.4061105251312256,0.0018557008588686585
example_images/synthetic_nested_shapes/clean/1024/nested_star_square_oval_low_contrast_cool_colors_1024.png,low_contrast_cool_colors,1024,2,25,brute_64,64,smooth,25844,2.427835702896118,0.5575893521308899,1.1299182176589966,8.201169967651367,63.362064361572266,89.77401733398438,0.0019382373429834843
example_images/synthetic_nested_shapes/clean/1024/nested_star_square_oval_low_contrast_cool_colors_1024.png,low_contrast_cool_colors,1024,2,25,brute_64_vs_steerable,64,smooth,25844,0.495080828666687,0.6331585645675659,0.9671342968940735,1.13570237159729,1.3361868858337402,1.4061105251312256,0.0019382373429834843
example_images/synthetic_nested_shapes/clean/1024/nested_star_square_oval_low_contrast_cool_colors_1024.png,low_contrast_cool_colors,1024,2,25,brute_180,180,all,35023,6.122533798217773,0.37992244958877563,25.379911422729492,38.379905700683594,60.6634407043457,89.93695068359375,0.0018557008588686585
example_images/synthetic_nested_shapes/clean/1024/nested_star_square_oval_low_contrast_cool_colors_1024.png,low_contrast_cool_colors,1024,2,25,brute_180_vs_steerable,180,all,35023,0.21268029510974884,0.20926333963871002,0.4400554299354553,0.4725029170513153,0.49182605743408203,0.4999766945838928,0.0018557008588686585
example_images/synthetic_nested_shapes/clean/1024/nested_star_square_oval_low_contrast_cool_colors_1024.png,low_contrast_cool_colors,1024,2,25,brute_180,180,smooth,25844,2.250964403152466,0.37991562485694885,0.6200855374336243,7.209636211395264,63.52191162109375,89.93695068359375,0.0019382373429834843
example_images/synthetic_nested_shapes/clean/1024/nested_star_square_oval_low_contrast_cool_colors_1024.png,low_contrast_cool_colors,1024,2,25,brute_180_vs_steerable,180,smooth,25844,0.2002527415752411,0.18886156380176544,0.43758291006088257,0.47070932388305664,0.4908105731010437,0.4999766945838928,0.0019382373429834843
example_images/synthetic_nested_shapes/clean/1024/nested_star_square_oval_low_contrast_cool_colors_1024.png,low_contrast_cool_colors,1024,4,25,steerable_atan2,0,all,35023,3.801624059677124,0.1920444369316101,11.279022216796875,27.60554313659668,49.34606170654297,89.81212615966797,0.0035527008585631847
example_images/synthetic_nested_shapes/clean/1024/nested_star_square_oval_low_contrast_cool_colors_1024.png,low_contrast_cool_colors,1024,4,25,steerable_atan2,0,smooth,25844,1.178636074066162,0.10386326909065247,0.4968641698360443,1.0868135690689087,36.06937026977539,89.81212615966797,0.0035715317353606224
example_images/synthetic_nested_shapes/clean/1024/nested_star_square_oval_low_contrast_cool_colors_1024.png,low_contrast_cool_colors,1024,4,25,brute_16,16,all,35023,5.244956970214844,2.649894952774048,11.250011444091797,28.129915237426758,48.37993240356445,89.98245239257812,0.0035527008585631847
example_images/synthetic_nested_shapes/clean/1024/nested_star_square_oval_low_contrast_cool_colors_1024.png,low_contrast_cool_colors,1024,4,25,brute_16_vs_steerable,16,all,35023,2.2306911945343018,1.9161412715911865,5.162175178527832,5.485201835632324,5.6021623611450195,5.6249680519104,0.0035527008585631847
example_images/synthetic_nested_shapes/clean/1024/nested_star_square_oval_low_contrast_cool_colors_1024.png,low_contrast_cool_colors,1024,4,25,brute_16,16,smooth,25844,2.9715850353240967,1.1299182176589966,5.62992000579834,5.62992000579834,34.70656967163086,89.98245239257812,0.0035715317353606224
example_images/synthetic_nested_shapes/clean/1024/nested_star_square_oval_low_contrast_cool_colors_1024.png,low_contrast_cool_colors,1024,4,25,brute_16_vs_steerable,16,smooth,25844,2.032714605331421,1.2763506174087524,5.192237377166748,5.5041351318359375,5.60955810546875,5.624770164489746,0.0035715317353606224
example_images/synthetic_nested_shapes/clean/1024/nested_star_square_oval_low_contrast_cool_colors_1024.png,low_contrast_cool_colors,1024,4,25,brute_32,32,all,35023,4.434693813323975,1.1299182176589966,11.250011444091797,28.1250057220459,50.625,89.98245239257812,0.0035527008585631847
example_images/synthetic_nested_shapes/clean/1024/nested_star_square_oval_low_contrast_cool_colors_1024.png,low_contrast_cool_colors,1024,4,25,brute_32_vs_steerable,32,all,35023,1.105484962463379,0.9930343627929688,2.3999509811401367,2.5302155017852783,2.748673677444458,2.8125011920928955,0.0035527008585631847
example_images/synthetic_nested_shapes/clean/1024/nested_star_square_oval_low_contrast_cool_colors_1024.png,low_contrast_cool_colors,1024,4,25,brute_32,32,smooth,25844,1.9541059732437134,1.1200759410858154,2.2549185752868652,2.915393590927124,35.34176254272461,89.98245239257812,0.0035715317353606224
example_images/synthetic_nested_shapes/clean/1024/nested_star_square_oval_low_contrast_cool_colors_1024.png,low_contrast_cool_colors,1024,4,25,brute_32_vs_steerable,32,smooth,25844,0.9996930956840515,0.8890925645828247,2.3546502590179443,2.467883586883545,2.6934432983398438,2.812330484390259,0.0035715317353606224
example_images/synthetic_nested_shapes/clean/1024/nested_star_square_oval_low_contrast_cool_colors_1024.png,low_contrast_cool_colors,1024,4,25,brute_64,64,all,35023,4.0695624351501465,0.5674179792404175,11.250011444091797,28.124998092651367,49.50491714477539,89.95429229736328,0.0035527008585631847
example_images/synthetic_nested_shapes/clean/1024/nested_star_square_oval_low_contrast_cool_colors_1024.png,low_contrast_cool_colors,1024,4,25,brute_64_vs_steerable,64,all,35023,0.5396890640258789,0.503111720085144,1.1856662034988403,1.2915942668914795,1.3850735425949097,1.4062062501907349,0.0035527008585631847
example_images/synthetic_nested_shapes/clean/1024/nested_star_square_oval_low_contrast_cool_colors_1024.png,low_contrast_cool_colors,1024,4,25,brute_64,64,smooth,25844,1.515841007232666,0.5575893521308899,1.213756799697876,1.8726387023925781,36.44365692138672,89.95429229736328,0.0035715317353606224
example_images/synthetic_nested_shapes/clean/1024/nested_star_square_oval_low_contrast_cool_colors_1024.png,low_contrast_cool_colors,1024,4,25,brute_64_vs_steerable,64,smooth,25844,0.49186041951179504,0.4578344225883484,1.1464813947677612,1.26846182346344,1.376214861869812,1.4062062501907349,0.0035715317353606224
example_images/synthetic_nested_shapes/clean/1024/nested_star_square_oval_low_contrast_cool_colors_1024.png,low_contrast_cool_colors,1024,4,25,brute_180,180,all,35023,3.9245009422302246,0.37992244958877563,11.379915237426758,27.47496223449707,49.37992477416992,89.32929992675781,0.0035527008585631847
example_images/synthetic_nested_shapes/clean/1024/nested_star_square_oval_low_contrast_cool_colors_1024.png,low_contrast_cool_colors,1024,4,25,brute_180_vs_steerable,180,all,35023,0.2311134785413742,0.24860522150993347,0.45304644107818604,0.476978063583374,0.4956563115119934,0.49999716877937317,0.0035527008585631847
example_images/synthetic_nested_shapes/clean/1024/nested_star_square_oval_low_contrast_cool_colors_1024.png,low_contrast_cool_colors,1024,4,25,brute_180,180,smooth,25844,1.3375239372253418,0.37991562485694885,0.6200855374336243,1.191552758216858,35.999996185302734,89.32929992675781,0.0035715317353606224
example_images/synthetic_nested_shapes/clean/1024/nested_star_square_oval_low_contrast_cool_colors_1024.png,low_contrast_cool_colors,1024,4,25,brute_180_vs_steerable,180,smooth,25844,0.22406479716300964,0.2478744089603424,0.4530942738056183,0.47759997844696045,0.49545782804489136,0.49996984004974365,0.0035715317353606224
example_images/synthetic_nested_shapes/clean/1024/nested_star_square_oval_low_contrast_cool_colors_1024.png,low_contrast_cool_colors,1024,6,25,steerable_atan2,0,all,35023,2.812849521636963,0.2218855321407318,6.1327900886535645,17.026561737060547,47.4273681640625,89.10118103027344,0.005085464101284742
example_images/synthetic_nested_shapes/clean/1024/nested_star_square_oval_low_contrast_cool_colors_1024.png,low_contrast_cool_colors,1024,6,25,steerable_atan2,0,smooth,25844,0.7779124975204468,0.12679563462734222,0.6273938417434692,1.0452040433883667,17.59481430053711,89.10118103027344,0.005098216235637665
example_images/synthetic_nested_shapes/clean/1024/nested_star_square_oval_low_contrast_cool_colors_1024.png,low_contrast_cool_colors,1024,6,25,brute_16,16,all,35023,4.277070999145508,1.8399232625961304,7.870085716247559,16.879924774169922,45.0,88.58196258544922,0.005085464101284742
example_images/synthetic_nested_shapes/clean/1024/nested_star_square_oval_low_contrast_cool_colors_1024.png,low_contrast_cool_colors,1024,6,25,brute_16_vs_steerable,16,all,35023,2.240591526031494,1.8432563543319702,5.176708221435547,5.508045196533203,5.5894036293029785,5.624954700469971,0.005085464101284742
example_images/synthetic_nested_shapes/clean/1024/nested_star_square_oval_low_contrast_cool_colors_1024.png,low_contrast_cool_colors,1024,6,25,brute_16,16,smooth,25844,2.5777931213378906,1.1299182176589966,5.620084762573242,5.62992000579834,18.048078536987305,88.58196258544922,0.005098216235637665
example_images/synthetic_nested_shapes/clean/1024/nested_star_square_oval_low_contrast_cool_colors_1024.png,low_contrast_cool_colors,1024,6,25,brute_16_vs_steerable,16,smooth,25844,2.0750033855438232,1.4136545658111572,5.349185466766357,5.55377721786499,5.590523719787598,5.6248250007629395,0.005098216235637665
example_images/synthetic_nested_shapes/clean/1024/nested_star_square_oval_low_contrast_cool_colors_1024.png,low_contrast_cool_colors,1024,6,25,brute_32,32,all,35023,3.4147143363952637,1.1299182176589966,5.62992000579834,16.875,47.25491714477539,88.58196258544922,0.005085464101284742
example_images/synthetic_nested_shapes/clean/1024/nested_star_square_oval_low_contrast_cool_colors_1024.png,low_contrast_cool_colors,1024,6,25,brute_32_vs_steerable,32,all,35023,1.0928165912628174,1.0487072467803955,2.372474431991577,2.5090277194976807,2.752523899078369,2.8119616508483887,0.005085464101284742
example_images/synthetic_nested_shapes/clean/1024/nested_star_square_oval_low_contrast_cool_colors_1024.png,low_contrast_cool_colors,1024,6,25,brute_32,32,smooth,25844,1.5202147960662842,1.1200759410858154,2.2549185752868652,2.73820161819458,16.875,88.58196258544922,0.005098216235637665
example_images/synthetic_nested_shapes/clean/1024/nested_star_square_oval_low_contrast_cool_colors_1024.png,low_contrast_cool_colors,1024,6,25,brute_32_vs_steerable,32,smooth,25844,0.9868468642234802,0.9187594652175903,2.3250722885131836,2.4363181591033936,2.7047626972198486,2.8107049465179443,0.005098216235637665
example_images/synthetic_nested_shapes/clean/1024/nested_star_square_oval_low_contrast_cool_colors_1024.png,low_contrast_cool_colors,1024,6,25,brute_64,64,all,35023,3.0770065784454346,0.5674179792404175,6.182584762573242,16.875,47.25491714477539,88.6055679321289,0.005085464101284742
example_images/synthetic_nested_shapes/clean/1024/nested_star_square_oval_low_contrast_cool_colors_1024.png,low_contrast_cool_colors,1024,6,25,brute_64_vs_steerable,64,all,35023,0.5642806887626648,0.5499736666679382,1.2509491443634033,1.3352527618408203,1.391331672668457,1.4059398174285889,0.005085464101284742
example_images/synthetic_nested_shapes/clean/1024/nested_star_square_oval_low_contrast_cool_colors_1024.png,low_contrast_cool_colors,1024,6,25,brute_64,64,smooth,25844,1.1034436225891113,0.5575824975967407,1.4945218563079834,1.7541213035583496,17.280899047851562,88.6055679321289,0.005098216235637665
example_images/synthetic_nested_shapes/clean/1024/nested_star_square_oval_low_contrast_cool_colors_1024.png,low_contrast_cool_colors,1024,6,25,brute_64_vs_steerable,64,smooth,25844,0.5216054916381836,0.47159039974212646,1.2487908601760864,1.335092544555664,1.3908997774124146,1.4055982828140259,0.005098216235637665
example_images/synthetic_nested_shapes/clean/1024/nested_star_square_oval_low_contrast_cool_colors_1024.png,low_contrast_cool_colors,1024,6,25,brute_180,180,all,35023,2.91869854927063,0.37992244958877563,6.021451473236084,17.000019073486328,47.37991714477539,88.91806030273438,0.005085464101284742
example_images/synthetic_nested_shapes/clean/1024/nested_star_square_oval_low_contrast_cool_colors_1024.png,low_contrast_cool_colors,1024,6,25,brute_180_vs_steerable,180,all,35023,0.2135857194662094,0.21437914669513702,0.4488718509674072,0.47609150409698486,0.4950271248817444,0.5000039935112,0.005085464101284742
example_images/synthetic_nested_shapes/clean/1024/nested_star_square_oval_low_contrast_cool_colors_1024.png,low_contrast_cool_colors,1024,6,25,brute_180,180,smooth,25844,0.9088835120201111,0.37991562485694885,0.6576837301254272,1.163093090057373,17.805198669433594,88.91806030273438,0.005098216235637665
example_images/synthetic_nested_shapes/clean/1024/nested_star_square_oval_low_contrast_cool_colors_1024.png,low_contrast_cool_colors,1024,6,25,brute_180_vs_steerable,180,smooth,25844,0.20068460702896118,0.18946945667266846,0.4483575224876404,0.4748893976211548,0.49390360713005066,0.5000039935112,0.005098216235637665
example_images/synthetic_nested_shapes/clean/1024/nested_star_square_oval_low_contrast_cool_colors_1024.png,low_contrast_cool_colors,1024,8,25,steerable_atan2,0,all,35023,2.4104387760162354,0.3552108108997345,4.978360652923584,11.086929321289062,45.00004959106445,89.56465911865234,0.006465091370046139
example_images/synthetic_nested_shapes/clean/1024/nested_star_square_oval_low_contrast_cool_colors_1024.png,low_contrast_cool_colors,1024,8,25,steerable_atan2,0,smooth,25844,0.7179057002067566,0.1870720535516739,0.8930813670158386,1.1730067729949951,11.204054832458496,89.56465911865234,0.006486620754003525
example_images/synthetic_nested_shapes/clean/1024/nested_star_square_oval_low_contrast_cool_colors_1024.png,low_contrast_cool_colors,1024,8,25,brute_16,16,all,35023,3.8283698558807373,1.434653878211975,5.62992000579834,11.250011444091797,45.0,89.66014862060547,0.006465091370046139
example_images/synthetic_nested_shapes/clean/1024/nested_star_square_oval_low_contrast_cool_colors_1024.png,low_contrast_cool_colors,1024,8,25,brute_16_vs_steerable,16,all,35023,2.1842422485351562,1.8184149265289307,5.089424133300781,5.43742036819458,5.5733866691589355,5.6245036125183105,0.006465091370046139
example_images/synthetic_nested_shapes/clean/1024/nested_star_square_oval_low_contrast_cool_colors_1024.png,low_contrast_cool_colors,1024,8,25,brute_16,16,smooth,25844,2.433643102645874,1.1299182176589966,5.620084762573242,5.62992000579834,12.140715599060059,89.66014862060547,0.006486620754003525
example_images/synthetic_nested_shapes/clean/1024/nested_star_square_oval_low_contrast_cool_colors_1024.png,low_contrast_cool_colors,1024,8,25,brute_16_vs_steerable,16,smooth,25844,2.005347490310669,1.3473299741744995,5.098627090454102,5.4454569816589355,5.573425769805908,5.621293544769287,0.006486620754003525
example_images/synthetic_nested_shapes/clean/1024/nested_star_square_oval_low_contrast_cool_colors_1024.png,low_contrast_cool_colors,1024,8,25,brute_32,32,all,35023,2.9693374633789062,1.1299182176589966,5.625002384185791,11.250011444091797,45.0,89.87996673583984,0.006465091370046139
example_images/synthetic_nested_shapes/clean/1024/nested_star_square_oval_low_contrast_cool_colors_1024.png,low_contrast_cool_colors,1024,8,25,brute_32_vs_steerable,32,all,35023,1.0802923440933228,0.9820036292076111,2.443732500076294,2.620753049850464,2.774693250656128,2.8121254444122314,0.006465091370046139
example_images/synthetic_nested_shapes/clean/1024/nested_star_square_oval_low_contrast_cool_colors_1024.png,low_contrast_cool_colors,1024,8,25,brute_32,32,smooth,25844,1.412239909172058,1.1200759410858154,2.272456645965576,3.3700835704803467,11.290361404418945,89.87996673583984,0.006486620754003525
example_images/synthetic_nested_shapes/clean/1024/nested_star_square_oval_low_contrast_cool_colors_1024.png,low_contrast_cool_colors,1024,8,25,brute_32_vs_steerable,32,smooth,25844,0.9793586730957031,0.7982305288314819,2.423337459564209,2.6100399494171143,2.7697861194610596,2.8117566108703613,0.006486620754003525
example_images/synthetic_nested_shapes/clean/1024/nested_star_square_oval_low_contrast_cool_colors_1024.png,low_contrast_cool_colors,1024,8,25,brute_64,64,all,35023,2.6142709255218506,0.5674179792404175,5.5672926902771,11.249998092651367,45.0,89.87996673583984,0.006465091370046139
example_images/synthetic_nested_shapes/clean/1024/nested_star_square_oval_low_contrast_cool_colors_1024.png,low_contrast_cool_colors,1024,8,25,brute_64_vs_steerable,64,all,35023,0.5385496616363525,0.49458765983581543,1.2054818868637085,1.304652214050293,1.387184977531433,1.4062130451202393,0.006465091370046139
example_images/synthetic_nested_shapes/clean/1024/nested_star_square_oval_low_contrast_cool_colors_1024.png,low_contrast_cool_colors,1024,8,25,brute_64,64,smooth,25844,0.9691488742828369,0.5575824975967407,1.5608006715774536,1.8793613910675049,11.250011444091797,89.87996673583984,0.006486620754003525
example_images/synthetic_nested_shapes/clean/1024/nested_star_square_oval_low_contrast_cool_colors_1024.png,low_contrast_cool_colors,1024,8,25,brute_64_vs_steerable,64,smooth,25844,0.4881599247455597,0.39772191643714905,1.1798195838928223,1.2911065816879272,1.3867722749710083,1.4062130451202393,0.006486620754003525
example_images/synthetic_nested_shapes/clean/1024/nested_star_square_oval_low_contrast_cool_colors_1024.png,low_contrast_cool_colors,1024,8,25,brute_180,180,all,35023,2.4822628498077393,0.37992244958877563,4.999999046325684,10.999999046325684,45.0,89.9101333618164,0.006465091370046139
example_images/synthetic_nested_shapes/clean/1024/nested_star_square_oval_low_contrast_cool_colors_1024.png,low_contrast_cool_colors,1024,8,25,brute_180_vs_steerable,180,all,35023,0.2054259032011032,0.1973651498556137,0.44254162907600403,0.47251248359680176,0.49532997608184814,0.4999220371246338,0.006465091370046139
example_images/synthetic_nested_shapes/clean/1024/nested_star_square_oval_low_contrast_cool_colors_1024.png,low_contrast_cool_colors,1024,8,25,brute_180,180,smooth,25844,0.8036119937896729,0.37991562485694885,0.8843845129013062,1.379916787147522,11.200014114379883,89.9101333618164,0.006486620754003525
example_images/synthetic_nested_shapes/clean/1024/nested_star_square_oval_low_contrast_cool_colors_1024.png,low_contrast_cool_colors,1024,8,25,brute_180_vs_steerable,180,smooth,25844,0.19084396958351135,0.17296771705150604,0.43974533677101135,0.47220513224601746,0.49502480030059814,0.4999220371246338,0.006486620754003525
example_images/synthetic_nested_shapes/clean/1024/nested_star_square_oval_low_contrast_warm_colors_1024.png,low_contrast_warm_colors,1024,2,25,steerable_atan2,0,all,35023,5.770665645599365,0.22759556770324707,22.861835479736328,38.00857162475586,66.13289642333984,89.9241714477539,0.002682585036382079
example_images/synthetic_nested_shapes/clean/1024/nested_star_square_oval_low_contrast_warm_colors_1024.png,low_contrast_warm_colors,1024,2,25,steerable_atan2,0,smooth,25844,2.3279380798339844,0.15058860182762146,0.39914941787719727,4.427417755126953,70.32270812988281,89.84000396728516,0.002693100133910775
example_images/synthetic_nested_shapes/clean/1024/nested_star_square_oval_low_contrast_warm_colors_1024.png,low_contrast_warm_colors,1024,2,25,brute_16,16,all,35023,7.171102523803711,3.3700835704803467,22.500001907348633,37.12992477416992,66.40705871582031,90.0,0.002682585036382079
example_images/synthetic_nested_shapes/clean/1024/nested_star_square_oval_low_contrast_warm_colors_1024.png,low_contrast_warm_colors,1024,2,25,brute_16_vs_steerable,16,all,35023,2.256030797958374,1.931058406829834,5.275496482849121,5.5421037673950195,5.613896369934082,5.624729156494141,0.002682585036382079
example_images/synthetic_nested_shapes/clean/1024/nested_star_square_oval_low_contrast_warm_colors_1024.png,low_contrast_warm_colors,1024,2,25,brute_16,16,smooth,25844,4.094442367553711,1.1299182176589966,5.620084762573242,5.660211086273193,70.04561614990234,89.9054183959961,0.002693100133910775
example_images/synthetic_nested_shapes/clean/1024/nested_star_square_oval_low_contrast_warm_colors_1024.png,low_contrast_warm_colors,1024,2,25,brute_16_vs_steerable,16,smooth,25844,2.068164587020874,0.990695059299469,5.3778862953186035,5.563981533050537,5.614456653594971,5.624729156494141,0.002693100133910775
example_images/synthetic_nested_shapes/clean/1024/nested_star_square_oval_low_contrast_warm_colors_1024.png,low_contrast_warm_colors,1024,2,25,brute_32,32,all,35023,6.3771209716796875,1.1299182176589966,22.500001907348633,38.990936279296875,66.50711059570312,90.0,0.002682585036382079
example_images/synthetic_nested_shapes/clean/1024/nested_star_square_oval_low_contrast_warm_colors_1024.png,low_contrast_warm_colors,1024,2,25,brute_32_vs_steerable,32,all,35023,1.03480863571167,0.8836420774459839,2.2239136695861816,2.4839389324188232,2.750330924987793,2.812323570251465,0.002682585036382079
example_images/synthetic_nested_shapes/clean/1024/nested_star_square_oval_low_contrast_warm_colors_1024.png,low_contrast_warm_colors,1024,2,25,brute_32,32,smooth,25844,3.1031253337860107,1.1200827360153198,2.2549185752868652,5.625002384185791,70.0085220336914,89.9493408203125,0.002693100133910775
example_images/synthetic_nested_shapes/clean/1024/nested_star_square_oval_low_contrast_warm_colors_1024.png,low_contrast_warm_colors,1024,2,25,brute_32_vs_steerable,32,smooth,25844,0.9170401096343994,0.8225801587104797,2.139495372772217,2.28564190864563,2.7092978954315186,2.8102402687072754,0.002693100133910775
example_images/synthetic_nested_shapes/clean/1024/nested_star_square_oval_low_contrast_warm_colors_1024.png,low_contrast_warm_colors,1024,2,25,brute_64,64,all,35023,6.02126932144165,0.608098566532135,22.500001907348633,38.254905700683594,65.6477279663086,90.0,0.002682585036382079
example_images/synthetic_nested_shapes/clean/1024/nested_star_square_oval_low_contrast_warm_colors_1024.png,low_contrast_warm_colors,1024,2,25,brute_64_vs_steerable,64,all,35023,0.5423351526260376,0.648533284664154,1.0753915309906006,1.2471611499786377,1.3713959455490112,1.4062403440475464,0.002682585036382079
example_images/synthetic_nested_shapes/clean/1024/nested_star_square_oval_low_contrast_warm_colors_1024.png,low_contrast_warm_colors,1024,2,25,brute_64,64,smooth,25844,2.6545753479003906,0.5575893521308899,1.1299182176589966,4.813902378082275,70.40843200683594,89.9493408203125,0.002693100133910775
example_images/synthetic_nested_shapes/clean/1024/nested_star_square_oval_low_contrast_warm_colors_1024.png,low_contrast_warm_colors,1024,2,25,brute_64_vs_steerable,64,smooth,25844,0.4923185110092163,0.6234664916992188,0.9645006060600281,1.1303863525390625,1.3371405601501465,1.4059808254241943,0.002693100133910775
example_images/synthetic_nested_shapes/clean/1024/nested_star_square_oval_low_contrast_warm_colors_1024.png,low_contrast_warm_colors,1024,2,25,brute_180,180,all,35023,5.882044315338135,0.37992244958877563,23.0,38.000003814697266,66.09435272216797,90.0,0.002682585036382079
example_images/synthetic_nested_shapes/clean/1024/nested_star_square_oval_low_contrast_warm_colors_1024.png,low_contrast_warm_colors,1024,2,25,brute_180_vs_steerable,180,all,35023,0.2128838151693344,0.20937944948673248,0.4403696358203888,0.47286084294319153,0.4920126795768738,0.4999425411224365,0.002682585036382079
example_images/synthetic_nested_shapes/clean/1024/nested_star_square_oval_low_contrast_warm_colors_1024.png,low_contrast_warm_colors,1024,2,25,brute_180,180,smooth,25844,2.4772543907165527,0.37991562485694885,0.6200855374336243,4.000011444091797,70.25000762939453,89.90848541259766,0.002693100133910775
example_images/synthetic_nested_shapes/clean/1024/nested_star_square_oval_low_contrast_warm_colors_1024.png,low_contrast_warm_colors,1024,2,25,brute_180_vs_steerable,180,smooth,25844,0.20041659474372864,0.18948994576931,0.43663692474365234,0.47067517042160034,0.49126818776130676,0.4999425411224365,0.002693100133910775
example_images/synthetic_nested_shapes/clean/1024/nested_star_square_oval_low_contrast_warm_colors_1024.png,low_contrast_warm_colors,1024,4,25,steerable_atan2,0,all,35023,3.815065622329712,0.19223567843437195,10.705607414245605,27.40955352783203,53.109928131103516,89.9732437133789,0.0050221215933561325
example_images/synthetic_nested_shapes/clean/1024/nested_star_square_oval_low_contrast_warm_colors_1024.png,low_contrast_warm_colors,1024,4,25,steerable_atan2,0,smooth,25844,1.3887468576431274,0.1042594239115715,0.4963703453540802,1.0698729753494263,47.524009704589844,89.9732437133789,0.0048637897707521915
example_images/synthetic_nested_shapes/clean/1024/nested_star_square_oval_low_contrast_warm_colors_1024.png,low_contrast_warm_colors,1024,4,25,brute_16,16,all,35023,5.249436378479004,2.5054023265838623,11.249998092651367,27.851667404174805,55.129920959472656,89.6143569946289,0.0050221215933561325
example_images/synthetic_nested_shapes/clean/1024/nested_star_square_oval_low_contrast_warm_colors_1024.png,low_contrast_warm_colors,1024,4,25,brute_16_vs_steerable,16,all,35023,2.2272207736968994,1.908436894416809,5.1620659828186035,5.4852294921875,5.602141857147217,5.624954700469971,0.0050221215933561325
example_images/synthetic_nested_shapes/clean/1024/nested_star_square_oval_low_contrast_warm_colors_1024.png,low_contrast_warm_colors,1024,4,25,brute_16,16,smooth,25844,3.180520534515381,1.1299182176589966,5.62992000579834,5.62992000579834,48.54105758666992,89.6143569946289,0.0048637897707521915
example_images/synthetic_nested_shapes/clean/1024/nested_star_square_oval_low_contrast_warm_colors_1024.png,low_contrast_warm_colors,1024,4,25,brute_16_vs_steerable,16,smooth,25844,2.0292012691497803,1.2762207984924316,5.1921186447143555,5.504053592681885,5.610695838928223,5.624954700469971,0.0048637897707521915
example_images/synthetic_nested_shapes/clean/1024/nested_star_square_oval_low_contrast_warm_colors_1024.png,low_contrast_warm_colors,1024,4,25,brute_32,32,all,35023,4.448634624481201,1.1299182176589966,11.249998092651367,28.124998092651367,52.879905700683594,89.9493408203125,0.0050221215933561325
example_images/synthetic_nested_shapes/clean/1024/nested_star_square_oval_low_contrast_warm_colors_1024.png,low_contrast_warm_colors,1024,4,25,brute_32_vs_steerable,32,all,35023,1.106817364692688,0.9979043006896973,2.400155782699585,2.5276939868927,2.7522635459899902,2.812405586242676,0.0050221215933561325
example_images/synthetic_nested_shapes/clean/1024/nested_star_square_oval_low_contrast_warm_colors_1024.png,low_contrast_warm_colors,1024,4,25,brute_32,32,smooth,25844,2.1596622467041016,1.1200759410858154,2.2549185752868652,2.915451765060425,47.4910774230957,89.9493408203125,0.0048637897707521915
example_images/synthetic_nested_shapes/clean/1024/nested_star_square_oval_low_contrast_warm_colors_1024.png,low_contrast_warm_colors,1024,4,25,brute_32_vs_steerable,32,smooth,25844,0.9994242191314697,0.8902468681335449,2.3546946048736572,2.467740535736084,2.6932733058929443,2.810349702835083,0.0048637897707521915
example_images/synthetic_nested_shapes/clean/1024/nested_star_square_oval_low_contrast_warm_colors_1024.png,low_contrast_warm_colors,1024,4,25,brute_64,64,all,35023,4.080239772796631,0.5674179792404175,10.692415237426758,27.567415237426758,53.31553649902344,89.9493408203125,0.0050221215933561325
example_images/synthetic_nested_shapes/clean/1024/nested_star_square_oval_low_contrast_warm_colors_1024.png,low_contrast_warm_colors,1024,4,25,brute_64_vs_steerable,64,all,35023,0.5418853163719177,0.5030024647712708,1.1897506713867188,1.2928729057312012,1.3843193054199219,1.406001329421997,0.0050221215933561325
example_images/synthetic_nested_shapes/clean/1024/nested_star_square_oval_low_contrast_warm_colors_1024.png,low_contrast_warm_colors,1024,4,25,brute_64,64,smooth,25844,1.724998116493225,0.5575893521308899,1.2112247943878174,1.898142695426941,47.637733459472656,89.9493408203125,0.0048637897707521915
example_images/synthetic_nested_shapes/clean/1024/nested_star_square_oval_low_contrast_warm_colors_1024.png,low_contrast_warm_colors,1024,4,25,brute_64_vs_steerable,64,smooth,25844,0.4929521679878235,0.4578002691268921,1.1482367515563965,1.27128267288208,1.3777586221694946,1.406001329421997,0.0048637897707521915
example_images/synthetic_nested_shapes/clean/1024/nested_star_square_oval_low_contrast_warm_colors_1024.png,low_contrast_warm_colors,1024,4,25,brute_180,180,all,35023,3.9380300045013428,0.37992244958877563,10.379920959472656,27.379913330078125,52.99999237060547,89.62626647949219,0.0050221215933561325
example_images/synthetic_nested_shapes/clean/1024/nested_star_square_oval_low_contrast_warm_colors_1024.png,low_contrast_warm_colors,1024,4,25,brute_180_vs_steerable,180,all,35023,0.23148494958877563,0.24974587559700012,0.4533524513244629,0.47700607776641846,0.49557122588157654,0.49986058473587036,0.0050221215933561325
example_images/synthetic_nested_shapes/clean/1024/nested_star_square_oval_low_contrast_warm_colors_1024.png,low_contrast_warm_colors,1024,4,25,brute_180,180,smooth,25844,1.5463886260986328,0.37991562485694885,0.6200855374336243,1.1707510948181152,47.66413497924805,89.62626647949219,0.0048637897707521915
example_images/synthetic_nested_shapes/clean/1024/nested_star_square_oval_low_contrast_warm_colors_1024.png,low_contrast_warm_colors,1024,4,25,brute_180_vs_steerable,180,smooth,25844,0.22371336817741394,0.24629662930965424,0.4527336061000824,0.47697943449020386,0.49540045857429504,0.49986058473587036,0.0048637897707521915
example_images/synthetic_nested_shapes/clean/1024/nested_star_square_oval_low_contrast_warm_colors_1024.png,low_contrast_warm_colors,1024,6,25,steerable_atan2,0,all,35023,2.8516783714294434,0.22057412564754486,6.1029582023620605,16.39080047607422,48.7116813659668,86.2684097290039,0.0071324254386126995
example_images/synthetic_nested_shapes/clean/1024/nested_star_square_oval_low_contrast_warm_colors_1024.png,low_contrast_warm_colors,1024,6,25,steerable_atan2,0,smooth,25844,0.910510778427124,0.1266385316848755,0.6273528933525085,1.0687931776046753,21.7155818939209,86.2684097290039,0.006890192162245512
example_images/synthetic_nested_shapes/clean/1024/nested_star_square_oval_low_contrast_warm_colors_1024.png,low_contrast_warm_colors,1024,6,25,brute_16,16,all,35023,4.301885604858398,1.7577354907989502,7.870085716247559,16.87991714477539,48.10934829711914,88.6336669921875,0.0071324254386126995
example_images/synthetic_nested_shapes/clean/1024/nested_star_square_oval_low_contrast_warm_colors_1024.png,low_contrast_warm_colors,1024,6,25,brute_16_vs_steerable,16,all,35023,2.231851100921631,1.8131420612335205,5.185434818267822,5.509570598602295,5.589191436767578,5.624749660491943,0.0071324254386126995
example_images/synthetic_nested_shapes/clean/1024/nested_star_square_oval_low_contrast_warm_colors_1024.png,low_contrast_warm_colors,1024,6,25,brute_16,16,smooth,25844,2.682379722595215,1.1299182176589966,5.620084762573242,5.62992000579834,21.855573654174805,88.6336669921875,0.006890192162245512
example_images/synthetic_nested_shapes/clean/1024/nested_star_square_oval_low_contrast_warm_colors_1024.png,low_contrast_warm_colors,1024,6,25,brute_16_vs_steerable,16,smooth,25844,2.0599188804626465,1.39542818069458,5.349513530731201,5.553872585296631,5.590742111206055,5.624633312225342,0.006890192162245512
example_images/synthetic_nested_shapes/clean/1024/nested_star_square_oval_low_contrast_warm_colors_1024.png,low_contrast_warm_colors,1024,6,25,brute_32,32,all,35023,3.458094835281372,1.1299182176589966,5.62992000579834,16.875,50.216060638427734,88.6336669921875,0.0071324254386126995
example_images/synthetic_nested_shapes/clean/1024/nested_star_square_oval_low_contrast_warm_colors_1024.png,low_contrast_warm_colors,1024,6,25,brute_32_vs_steerable,32,all,35023,1.087170124053955,1.036474347114563,2.372281789779663,2.5074989795684814,2.7524383068084717,2.8120639324188232,0.0071324254386126995
example_images/synthetic_nested_shapes/clean/1024/nested_star_square_oval_low_contrast_warm_colors_1024.png,low_contrast_warm_colors,1024,6,25,brute_32,32,smooth,25844,1.6598948240280151,1.1200759410858154,2.2549185752868652,2.8232693672180176,21.855573654174805,88.6336669921875,0.006890192162245512
example_images/synthetic_nested_shapes/clean/1024/nested_star_square_oval_low_contrast_warm_colors_1024.png,low_contrast_warm_colors,1024,6,25,brute_32_vs_steerable,32,smooth,25844,0.982001781463623,0.9092962741851807,2.321171522140503,2.432039260864258,2.7046914100646973,2.809427499771118,0.006890192162245512
example_images/synthetic_nested_shapes/clean/1024/nested_star_square_oval_low_contrast_warm_colors_1024.png,low_contrast_warm_colors,1024,6,25,brute_64,64,all,35023,3.113586187362671,0.5674179792404175,5.761726379394531,16.875,48.37992858886719,86.91968536376953,0.0071324254386126995
example_images/synthetic_nested_shapes/clean/1024/nested_star_square_oval_low_contrast_warm_colors_1024.png,low_contrast_warm_colors,1024,6,25,brute_64_vs_steerable,64,all,35023,0.5617333054542542,0.5449808239936829,1.2500790357589722,1.3350417613983154,1.3915504217147827,1.4059739112854004,0.0071324254386126995
example_images/synthetic_nested_shapes/clean/1024/nested_star_square_oval_low_contrast_warm_colors_1024.png,low_contrast_warm_colors,1024,6,25,brute_64,64,smooth,25844,1.2349493503570557,0.5575824975967407,1.5179097652435303,1.7956293821334839,21.595449447631836,86.91968536376953,0.006890192162245512
example_images/synthetic_nested_shapes/clean/1024/nested_star_square_oval_low_contrast_warm_colors_1024.png,low_contrast_warm_colors,1024,6,25,brute_64_vs_steerable,64,smooth,25844,0.519989550113678,0.46623897552490234,1.2488113641738892,1.332829475402832,1.3906606435775757,1.405625581741333,0.006890192162245512
example_images/synthetic_nested_shapes/clean/1024/nested_star_square_oval_low_contrast_warm_colors_1024.png,low_contrast_warm_colors,1024,6,25,brute_180,180,all,35023,2.956423044204712,0.37992244958877563,6.0,16.379920959472656,49.000003814697266,86.17235565185547,0.0071324254386126995
example_images/synthetic_nested_shapes/clean/1024/nested_star_square_oval_low_contrast_warm_colors_1024.png,low_contrast_warm_colors,1024,6,25,brute_180_vs_steerable,180,all,35023,0.21334001421928406,0.2144884318113327,0.44839510321617126,0.47533267736434937,0.4951417148113251,0.49999716877937317,0.0071324254386126995
example_images/synthetic_nested_shapes/clean/1024/nested_star_square_oval_low_contrast_warm_colors_1024.png,low_contrast_warm_colors,1024,6,25,brute_180,180,smooth,25844,1.039955735206604,0.37991562485694885,0.6576837301254272,1.2100110054016113,21.725996017456055,86.17235565185547,0.006890192162245512
example_images/synthetic_nested_shapes/clean/1024/nested_star_square_oval_low_contrast_warm_colors_1024.png,low_contrast_warm_colors,1024,6,25,brute_180_vs_steerable,180,smooth,25844,0.20026040077209473,0.1891860067844391,0.44778719544410706,0.4743703007698059,0.4942880868911743,0.49996301531791687,0.006890192162245512
example_images/synthetic_nested_shapes/clean/1024/nested_star_square_oval_low_contrast_warm_colors_1024.png,low_contrast_warm_colors,1024,8,25,steerable_atan2,0,all,35023,2.454413652420044,0.3524377644062042,4.883489608764648,11.691566467285156,46.99142074584961,84.81819915771484,0.009041163139045238
example_images/synthetic_nested_shapes/clean/1024/nested_star_square_oval_low_contrast_warm_colors_1024.png,low_contrast_warm_colors,1024,8,25,steerable_atan2,0,smooth,25844,0.8283957839012146,0.18725988268852234,0.8956878185272217,1.2116496562957764,15.486414909362793,84.81819915771484,0.00873526744544506
example_images/synthetic_nested_shapes/clean/1024/nested_star_square_oval_low_contrast_warm_colors_1024.png,low_contrast_warm_colors,1024,8,25,brute_16,16,all,35023,3.85664963722229,1.3254324197769165,5.62992000579834,12.370080947875977,45.0,89.77401733398438,0.009041163139045238
example_images/synthetic_nested_shapes/clean/1024/nested_star_square_oval_low_contrast_warm_colors_1024.png,low_contrast_warm_colors,1024,8,25,brute_16_vs_steerable,16,all,35023,2.1707637310028076,1.7921050786972046,5.060179710388184,5.435484886169434,5.573352336883545,5.622837066650391,0.009041163139045238
example_images/synthetic_nested_shapes/clean/1024/nested_star_square_oval_low_contrast_warm_colors_1024.png,low_contrast_warm_colors,1024,8,25,brute_16,16,smooth,25844,2.519853115081787,1.1299182176589966,5.62992000579834,5.62992000579834,15.84171199798584,89.77401733398438,0.00873526744544506
example_images/synthetic_nested_shapes/clean/1024/nested_star_square_oval_low_contrast_warm_colors_1024.png,low_contrast_warm_colors,1024,8,25,brute_16_vs_steerable,16,smooth,25844,1.9986391067504883,1.3358142375946045,5.098531246185303,5.445409297943115,5.573379993438721,5.621273040771484,0.00873526744544506
example_images/synthetic_nested_shapes/clean/1024/nested_star_square_oval_low_contrast_warm_colors_1024.png,low_contrast_warm_colors,1024,8,25,brute_32,32,all,35023,3.016052484512329,1.1299182176589966,5.625002384185791,11.254915237426758,46.12991714477539,87.21769714355469,0.009041163139045238
example_images/synthetic_nested_shapes/clean/1024/nested_star_square_oval_low_contrast_warm_colors_1024.png,low_contrast_warm_colors,1024,8,25,brute_32_vs_steerable,32,all,35023,1.0792001485824585,0.9774000644683838,2.445983648300171,2.621037244796753,2.776846170425415,2.8122074604034424,0.009041163139045238
example_images/synthetic_nested_shapes/clean/1024/nested_star_square_oval_low_contrast_warm_colors_1024.png,low_contrast_warm_colors,1024,8,25,brute_32,32,smooth,25844,1.5155576467514038,1.1200759410858154,2.3049798011779785,3.3700835704803467,15.53728199005127,87.21769714355469,0.00873526744544506
example_images/synthetic_nested_shapes/clean/1024/nested_star_square_oval_low_contrast_warm_colors_1024.png,low_contrast_warm_colors,1024,8,25,brute_32_vs_steerable,32,smooth,25844,0.978295624256134,0.7879716157913208,2.424492359161377,2.6098036766052246,2.771226406097412,2.811715602874756,0.00873526744544506
example_images/synthetic_nested_shapes/clean/1024/nested_star_square_oval_low_contrast_warm_colors_1024.png,low_contrast_warm_colors,1024,8,25,brute_64,64,all,35023,2.656205892562866,0.5674179792404175,5.076632499694824,11.254922866821289,47.19747543334961,84.57695770263672,0.009041163139045238
example_images/synthetic_nested_shapes/clean/1024/nested_star_square_oval_low_contrast_warm_colors_1024.png,low_contrast_warm_colors,1024,8,25,brute_64_vs_steerable,64,all,35023,0.5374259948730469,0.4929347634315491,1.2025463581085205,1.302556037902832,1.3877919912338257,1.4062403440475464,0.009041163139045238
example_images/synthetic_nested_shapes/clean/1024/nested_star_square_oval_low_contrast_warm_colors_1024.png,low_contrast_warm_colors,1024,8,25,brute_64,64,smooth,25844,1.0778266191482544,0.5575824975967407,1.5796806812286377,1.948933720588684,15.697938919067383,84.57695770263672,0.00873526744544506
example_images/synthetic_nested_shapes/clean/1024/nested_star_square_oval_low_contrast_warm_colors_1024.png,low_contrast_warm_colors,1024,8,25,brute_64_vs_steerable,64,smooth,25844,0.48676031827926636,0.393910676240921,1.1760684251785278,1.2868406772613525,1.3867762088775635,1.4062403440475464,0.00873526744544506
example_images/synthetic_nested_shapes/clean/1024/nested_star_square_oval_low_contrast_warm_colors_1024.png,low_contrast_warm_colors,1024,8,25,brute_180,180,all,35023,2.526418685913086,0.37992244958877563,4.999999046325684,11.608684539794922,47.0,84.71768188476562,0.009041163139045238
example_images/synthetic_nested_shapes/clean/1024/nested_star_square_oval_low_contrast_warm_colors_1024.png,low_contrast_warm_colors,1024,8,25,brute_180_vs_steerable,180,all,35023,0.20450133085250854,0.19612205028533936,0.4416263699531555,0.47093063592910767,0.4950111210346222,0.4999425411224365,0.009041163139045238
example_images/synthetic_nested_shapes/clean/1024/nested_star_square_oval_low_contrast_warm_colors_1024.png,low_contrast_warm_colors,1024,8,25,brute_180,180,smooth,25844,0.9145618677139282,0.37991562485694885,0.9034222960472107,1.379916787147522,15.59793758392334,84.71768188476562,0.00873526744544506
example_images/synthetic_nested_shapes/clean/1024/nested_star_square_oval_low_contrast_warm_colors_1024.png,low_contrast_warm_colors,1024,8,25,brute_180_vs_steerable,180,smooth,25844,0.1902179718017578,0.1722710281610489,0.4390104115009308,0.4695959985256195,0.4950111210346222,0.4998878836631775,0.00873526744544506
example_images/synthetic_nested_shapes/clean/1024/nested_star_square_oval_low_contrast_mixed_chroma_1024.png,low_contrast_mixed_chroma,1024,2,25,steerable_atan2,0,all,35023,4.651608943939209,0.22659152746200562,18.502763748168945,33.16023635864258,46.61742401123047,89.40928649902344,0.0012336958898231387
example_images/synthetic_nested_shapes/clean/1024/nested_star_square_oval_low_contrast_mixed_chroma_1024.png,low_contrast_mixed_chroma,1024,2,25,steerable_atan2,0,smooth,25844,1.033410668373108,0.1502368450164795,0.38895878195762634,0.8084871172904968,32.429813385009766,50.057071685791016,0.001163019216619432
example_images/synthetic_nested_shapes/clean/1024/nested_star_square_oval_low_contrast_mixed_chroma_1024.png,low_contrast_mixed_chroma,1024,2,25,brute_16,16,all,35023,6.0275139808654785,3.3504536151885986,19.129911422729492,33.74999237060547,46.12992858886719,90.0,0.0012336958898231387
example_images/synthetic_nested_shapes/clean/1024/nested_star_square_oval_low_contrast_mixed_chroma_1024.png,low_contrast_mixed_chroma,1024,2,25,brute_16_vs_steerable,16,all,35023,2.2198495864868164,1.8137977123260498,5.246760368347168,5.5418243408203125,5.613883018493652,5.6249680519104,0.0012336958898231387
example_images/synthetic_nested_shapes/clean/1024/nested_star_square_oval_low_contrast_mixed_chroma_1024.png,low_contrast_mixed_chroma,1024,2,25,brute_16,16,smooth,25844,2.7629811763763428,1.1299182176589966,5.620084762573242,5.62992000579834,30.41559410095215,51.67995071411133,0.001163019216619432
example_images/synthetic_nested_shapes/clean/1024/nested_star_square_oval_low_contrast_mixed_chroma_1024.png,low_contrast_mixed_chroma,1024,2,25,brute_16_vs_steerable,16,smooth,25844,2.0310568809509277,0.9746406674385071,5.377182483673096,5.564158916473389,5.614770889282227,5.6249680519104,0.001163019216619432
example_images/synthetic_nested_shapes/clean/1024/nested_star_square_oval_low_contrast_mixed_chroma_1024.png,low_contrast_mixed_chroma,1024,2,25,brute_32,32,all,35023,5.23382043838501,1.1299182176589966,18.004919052124023,33.74999237060547,46.12992858886719,90.0,0.0012336958898231387
example_images/synthetic_nested_shapes/clean/1024/nested_star_square_oval_low_contrast_mixed_chroma_1024.png,low_contrast_mixed_chroma,1024,2,25,brute_32_vs_steerable,32,all,35023,1.03444242477417,0.8850696086883545,2.222400188446045,2.4777042865753174,2.7483763694763184,2.812391996383667,0.0012336958898231387
example_images/synthetic_nested_shapes/clean/1024/nested_star_square_oval_low_contrast_mixed_chroma_1024.png,low_contrast_mixed_chroma,1024,2,25,brute_32,32,smooth,25844,1.7859437465667725,1.1200759410858154,2.2549185752868652,2.785248041152954,33.3975830078125,49.328372955322266,0.001163019216619432
example_images/synthetic_nested_shapes/clean/1024/nested_star_square_oval_low_contrast_mixed_chroma_1024.png,low_contrast_mixed_chroma,1024,2,25,brute_32_vs_steerable,32,smooth,25844,0.9133472442626953,0.8235569000244141,2.1358957290649414,2.274876594543457,2.699963092803955,2.8122894763946533,0.001163019216619432
example_images/synthetic_nested_shapes/clean/1024/nested_star_square_oval_low_contrast_mixed_chroma_1024.png,low_contrast_mixed_chroma,1024,2,25,brute_64,64,all,35023,4.898889064788818,0.5674179792404175,18.56742286682129,33.19241714477539,46.69242477416992,90.0,0.0012336958898231387
example_images/synthetic_nested_shapes/clean/1024/nested_star_square_oval_low_contrast_mixed_chroma_1024.png,low_contrast_mixed_chroma,1024,2,25,brute_64_vs_steerable,64,all,35023,0.5444173216819763,0.6509990096092224,1.0768052339553833,1.2457623481750488,1.3722878694534302,1.4062403440475464,0.0012336958898231387
example_images/synthetic_nested_shapes/clean/1024/nested_star_square_oval_low_contrast_mixed_chroma_1024.png,low_contrast_mixed_chroma,1024,2,25,brute_64,64,smooth,25844,1.354114294052124,0.5575824975967407,1.1299182176589966,1.6304843425750732,32.22896194458008,50.9781608581543,0.001163019216619432
example_images/synthetic_nested_shapes/clean/1024/nested_star_square_oval_low_contrast_mixed_chroma_1024.png,low_contrast_mixed_chroma,1024,2,25,brute_64_vs_steerable,64,smooth,25844,0.4949547052383423,0.6296751499176025,0.9670113325119019,1.1341272592544556,1.3390642404556274,1.4058032035827637,0.001163019216619432
example_images/synthetic_nested_shapes/clean/1024/nested_star_square_oval_low_contrast_mixed_chroma_1024.png,low_contrast_mixed_chroma,1024,2,25,brute_180,180,all,35023,4.763618469238281,0.37992244958877563,18.37991714477539,33.359718322753906,46.37991714477539,88.99999237060547,0.0012336958898231387
example_images/synthetic_nested_shapes/clean/1024/nested_star_square_oval_low_contrast_mixed_chroma_1024.png,low_contrast_mixed_chroma,1024,2,25,brute_180_vs_steerable,180,all,35023,0.2134377658367157,0.21035617589950562,0.4402698874473572,0.4733491837978363,0.49141544103622437,0.49999716877937317,0.0012336958898231387
example_images/synthetic_nested_shapes/clean/1024/nested_star_square_oval_low_contrast_mixed_chroma_1024.png,low_contrast_mixed_chroma,1024,2,25,brute_180,180,smooth,25844,1.182790756225586,0.37991562485694885,0.6200855374336243,1.0000011920928955,32.493263244628906,50.165672302246094,0.001163019216619432
example_images/synthetic_nested_shapes/clean/1024/nested_star_square_oval_low_contrast_mixed_chroma_1024.png,low_contrast_mixed_chroma,1024,2,25,brute_180_vs_steerable,180,smooth,25844,0.2011839598417282,0.18953092396259308,0.437371164560318,0.47088009119033813,0.49106329679489136,0.4999835193157196,0.001163019216619432
example_images/synthetic_nested_shapes/clean/1024/nested_star_square_oval_low_contrast_mixed_chroma_1024.png,low_contrast_mixed_chroma,1024,4,25,steerable_atan2,0,all,35023,3.812037467956543,0.19022077322006226,10.257160186767578,28.37346839904785,53.69677734375,89.94438934326172,0.002248855773359537
example_images/synthetic_nested_shapes/clean/1024/nested_star_square_oval_low_contrast_mixed_chroma_1024.png,low_contrast_mixed_chroma,1024,4,25,steerable_atan2,0,smooth,25844,1.519985556602478,0.1020771786570549,0.4816191792488098,0.900623619556427,51.3669548034668,89.94438934326172,0.002031526993960142
example_images/synthetic_nested_shapes/clean/1024/nested_star_square_oval_low_contrast_mixed_chroma_1024.png,low_contrast_mixed_chroma,1024,4,25,brute_16,16,all,35023,5.198211669921875,2.1452462673187256,11.249998092651367,28.129915237426758,56.250003814697266,90.0,0.002248855773359537
example_images/synthetic_nested_shapes/clean/1024/nested_star_square_oval_low_contrast_mixed_chroma_1024.png,low_contrast_mixed_chroma,1024,4,25,brute_16_vs_steerable,16,all,35023,2.2033753395080566,1.8265360593795776,5.1623663902282715,5.485256671905518,5.602189540863037,5.624975204467773,0.002248855773359537
example_images/synthetic_nested_shapes/clean/1024/nested_star_square_oval_low_contrast_mixed_chroma_1024.png,low_contrast_mixed_chroma,1024,4,25,brute_16,16,smooth,25844,3.2679858207702637,1.1299182176589966,5.62992000579834,5.62992000579834,50.57433319091797,89.95964050292969,0.002031526993960142
example_images/synthetic_nested_shapes/clean/1024/nested_star_square_oval_low_contrast_mixed_chroma_1024.png,low_contrast_mixed_chroma,1024,4,25,brute_16_vs_steerable,16,smooth,25844,2.0134193897247314,1.2604635953903198,5.188348293304443,5.503971576690674,5.6082000732421875,5.624729156494141,0.002031526993960142
example_images/synthetic_nested_shapes/clean/1024/nested_star_square_oval_low_contrast_mixed_chroma_1024.png,low_contrast_mixed_chroma,1024,4,25,brute_32,32,all,35023,4.435204029083252,1.1299182176589966,10.910127639770508,28.1250057220459,55.129920959472656,90.0,0.002248855773359537
example_images/synthetic_nested_shapes/clean/1024/nested_star_square_oval_low_contrast_mixed_chroma_1024.png,low_contrast_mixed_chroma,1024,4,25,brute_32_vs_steerable,32,all,35023,1.0997470617294312,0.9868189096450806,2.398750066757202,2.5262956619262695,2.7467150688171387,2.8123714923858643,0.002248855773359537
example_images/synthetic_nested_shapes/clean/1024/nested_star_square_oval_low_contrast_mixed_chroma_1024.png,low_contrast_mixed_chroma,1024,4,25,brute_32,32,smooth,25844,2.283428907394409,1.1200759410858154,2.2549185752868652,2.8215255737304688,52.00058364868164,89.76473999023438,0.002031526993960142
example_images/synthetic_nested_shapes/clean/1024/nested_star_square_oval_low_contrast_mixed_chroma_1024.png,low_contrast_mixed_chroma,1024,4,25,brute_32_vs_steerable,32,smooth,25844,0.9942836761474609,0.8792365789413452,2.3540451526641846,2.4671120643615723,2.6903367042541504,2.8116543292999268,0.002031526993960142
example_images/synthetic_nested_shapes/clean/1024/nested_star_square_oval_low_contrast_mixed_chroma_1024.png,low_contrast_mixed_chroma,1024,4,25,brute_64,64,all,35023,4.07987642288208,0.5674179792404175,10.605588912963867,28.1250057220459,53.43750762939453,89.76473236083984,0.002248855773359537
example_images/synthetic_nested_shapes/clean/1024/nested_star_square_oval_low_contrast_mixed_chroma_1024.png,low_contrast_mixed_chroma,1024,4,25,brute_64_vs_steerable,64,all,35023,0.5386417508125305,0.500475287437439,1.1860978603363037,1.2922616004943848,1.385237455368042,1.4062471389770508,0.002248855773359537
example_images/synthetic_nested_shapes/clean/1024/nested_star_square_oval_low_contrast_mixed_chroma_1024.png,low_contrast_mixed_chroma,1024,4,25,brute_64,64,smooth,25844,1.8564903736114502,0.5575824975967407,1.1793932914733887,1.7730000019073486,51.50724792480469,89.76473236083984,0.002031526993960142
example_images/synthetic_nested_shapes/clean/1024/nested_star_square_oval_low_contrast_mixed_chroma_1024.png,low_contrast_mixed_chroma,1024,4,25,brute_64_vs_steerable,64,smooth,25844,0.4917309582233429,0.4572196900844574,1.1480810642242432,1.2697304487228394,1.3768919706344604,1.4061174392700195,0.002031526993960142
example_images/synthetic_nested_shapes/clean/1024/nested_star_square_oval_low_contrast_mixed_chroma_1024.png,low_contrast_mixed_chroma,1024,4,25,brute_180,180,all,35023,3.935133218765259,0.37992244958877563,10.379913330078125,28.379907608032227,54.000003814697266,89.6127700805664,0.002248855773359537
example_images/synthetic_nested_shapes/clean/1024/nested_star_square_oval_low_contrast_mixed_chroma_1024.png,low_contrast_mixed_chroma,1024,4,25,brute_180_vs_steerable,180,all,35023,0.23072586953639984,0.24850960075855255,0.45314207673072815,0.4769931137561798,0.4955575466156006,0.4999903440475464,0.002248855773359537
example_images/synthetic_nested_shapes/clean/1024/nested_star_square_oval_low_contrast_mixed_chroma_1024.png,low_contrast_mixed_chroma,1024,4,25,brute_180,180,smooth,25844,1.678023099899292,0.37991562485694885,0.6200855374336243,1.040282964706421,51.41791534423828,89.6127700805664,0.002031526993960142
example_images/synthetic_nested_shapes/clean/1024/nested_star_square_oval_low_contrast_mixed_chroma_1024.png,low_contrast_mixed_chroma,1024,4,25,brute_180_vs_steerable,180,smooth,25844,0.2237969934940338,0.2476421743631363,0.4529965817928314,0.47756683826446533,0.49529799818992615,0.4999903440475464,0.002031526993960142
example_images/synthetic_nested_shapes/clean/1024/nested_star_square_oval_low_contrast_mixed_chroma_1024.png,low_contrast_mixed_chroma,1024,6,25,steerable_atan2,0,all,35023,2.91542387008667,0.21941299736499786,6.387949466705322,19.679052352905273,46.96543884277344,89.90403747558594,0.003154577687382698
example_images/synthetic_nested_shapes/clean/1024/nested_star_square_oval_low_contrast_mixed_chroma_1024.png,low_contrast_mixed_chroma,1024,6,25,steerable_atan2,0,smooth,25844,1.0449507236480713,0.12580183148384094,0.6274826526641846,1.0689027309417725,30.059795379638672,89.90403747558594,0.0028355594258755445
example_images/synthetic_nested_shapes/clean/1024/nested_star_square_oval_low_contrast_mixed_chroma_1024.png,low_contrast_mixed_chroma,1024,6,25,brute_16,16,all,35023,4.3477067947387695,1.661177158355713,7.870085716247559,21.2264461517334,46.04454040527344,89.97296905517578,0.003154577687382698
example_images/synthetic_nested_shapes/clean/1024/nested_star_square_oval_low_contrast_mixed_chroma_1024.png,low_contrast_mixed_chroma,1024,6,25,brute_16_vs_steerable,16,all,35023,2.2259368896484375,1.7674343585968018,5.187535762786865,5.506006717681885,5.589451313018799,5.62464714050293,0.003154577687382698
example_images/synthetic_nested_shapes/clean/1024/nested_star_square_oval_low_contrast_mixed_chroma_1024.png,low_contrast_mixed_chroma,1024,6,25,brute_16,16,smooth,25844,2.7866997718811035,1.1299182176589966,5.620084762573242,5.62992000579834,30.169233322143555,89.97296905517578,0.0028355594258755445
example_images/synthetic_nested_shapes/clean/1024/nested_star_square_oval_low_contrast_mixed_chroma_1024.png,low_contrast_mixed_chroma,1024,6,25,brute_16_vs_steerable,16,smooth,25844,2.060150623321533,1.4003186225891113,5.349246978759766,5.553818225860596,5.590578079223633,5.62464714050293,0.0028355594258755445
example_images/synthetic_nested_shapes/clean/1024/nested_star_square_oval_low_contrast_mixed_chroma_1024.png,low_contrast_mixed_chroma,1024,6,25,brute_32,32,all,35023,3.50830078125,1.1299182176589966,6.745078086853027,19.62521743774414,46.12992858886719,89.97296905517578,0.003154577687382698
example_images/synthetic_nested_shapes/clean/1024/nested_star_square_oval_low_contrast_mixed_chroma_1024.png,low_contrast_mixed_chroma,1024,6,25,brute_32_vs_steerable,32,all,35023,1.0794106721878052,1.0332436561584473,2.353560209274292,2.498603343963623,2.7407970428466797,2.8124125003814697,0.003154577687382698
example_images/synthetic_nested_shapes/clean/1024/nested_star_square_oval_low_contrast_mixed_chroma_1024.png,low_contrast_mixed_chroma,1024,6,25,brute_32,32,smooth,25844,1.7787898778915405,1.1200759410858154,2.2549185752868652,2.8423149585723877,30.058061599731445,89.97296905517578,0.0028355594258755445
example_images/synthetic_nested_shapes/clean/1024/nested_star_square_oval_low_contrast_mixed_chroma_1024.png,low_contrast_mixed_chroma,1024,6,25,brute_32_vs_steerable,32,smooth,25844,0.9796904921531677,0.9095421433448792,2.3101613521575928,2.425306558609009,2.6951041221618652,2.8124125003814697,0.0028355594258755445
example_images/synthetic_nested_shapes/clean/1024/nested_star_square_oval_low_contrast_mixed_chroma_1024.png,low_contrast_mixed_chroma,1024,6,25,brute_64,64,all,35023,3.177443265914917,0.5674179792404175,6.192420482635498,19.687501907348633,47.25490951538086,89.8489990234375,0.003154577687382698
example_images/synthetic_nested_shapes/clean/1024/nested_star_square_oval_low_contrast_mixed_chroma_1024.png,low_contrast_mixed_chroma,1024,6,25,brute_64_vs_steerable,64,all,35023,0.5627979636192322,0.5459438562393188,1.2499792575836182,1.334263801574707,1.3915349245071411,1.4059944152832031,0.003154577687382698
example_images/synthetic_nested_shapes/clean/1024/nested_star_square_oval_low_contrast_mixed_chroma_1024.png,low_contrast_mixed_chroma,1024,6,25,brute_64,64,smooth,25844,1.3682944774627686,0.5575824975967407,1.5011390447616577,1.7956109046936035,30.221593856811523,89.8489990234375,0.0028355594258755445
example_images/synthetic_nested_shapes/clean/1024/nested_star_square_oval_low_contrast_mixed_chroma_1024.png,low_contrast_mixed_chroma,1024,6,25,brute_64_vs_steerable,64,smooth,25844,0.520428478717804,0.4711396098136902,1.2488597631454468,1.332727074623108,1.3907573223114014,1.4057486057281494,0.0028355594258755445
example_images/synthetic_nested_shapes/clean/1024/nested_star_square_oval_low_contrast_mixed_chroma_1024.png,low_contrast_mixed_chroma,1024,6,25,brute_180,180,all,35023,3.0195658206939697,0.37991562485694885,6.379915714263916,19.534584045410156,47.0000114440918,89.8489990234375,0.003154577687382698
example_images/synthetic_nested_shapes/clean/1024/nested_star_square_oval_low_contrast_mixed_chroma_1024.png,low_contrast_mixed_chroma,1024,6,25,brute_180_vs_steerable,180,all,35023,0.2126314342021942,0.21396933495998383,0.44842925667762756,0.4752233922481537,0.4950772523880005,0.4999835193157196,0.003154577687382698
example_images/synthetic_nested_shapes/clean/1024/nested_star_square_oval_low_contrast_mixed_chroma_1024.png,low_contrast_mixed_chroma,1024,6,25,brute_180,180,smooth,25844,1.1735268831253052,0.37991562485694885,0.6554993987083435,1.1727571487426758,29.898197174072266,89.8489990234375,0.0028355594258755445
example_images/synthetic_nested_shapes/clean/1024/nested_star_square_oval_low_contrast_mixed_chroma_1024.png,low_contrast_mixed_chroma,1024,6,25,brute_180_vs_steerable,180,smooth,25844,0.19954189658164978,0.1868603229522705,0.4479449987411499,0.4743976294994354,0.4943964183330536,0.4999835193157196,0.0028355594258755445
example_images/synthetic_nested_shapes/clean/1024/nested_star_square_oval_low_contrast_mixed_chroma_1024.png,low_contrast_mixed_chroma,1024,8,25,steerable_atan2,0,all,35023,2.728398084640503,0.3423905670642853,5.118601322174072,14.660425186157227,49.19581604003906,89.51480102539062,0.003979706205427647
example_images/synthetic_nested_shapes/clean/1024/nested_star_square_oval_low_contrast_mixed_chroma_1024.png,low_contrast_mixed_chroma,1024,8,25,steerable_atan2,0,smooth,25844,1.2268365621566772,0.183622807264328,0.9004716873168945,1.253133773803711,36.88081741333008,89.51480102539062,0.0035715531557798386
example_images/synthetic_nested_shapes/clean/1024/nested_star_square_oval_low_contrast_mixed_chroma_1024.png,low_contrast_mixed_chroma,1024,8,25,brute_16,16,all,35023,4.130645751953125,1.3322011232376099,5.797314167022705,14.62991714477539,48.65851593017578,89.6143569946289,0.003979706205427647
example_images/synthetic_nested_shapes/clean/1024/nested_star_square_oval_low_contrast_mixed_chroma_1024.png,low_contrast_mixed_chroma,1024,8,25,brute_16_vs_steerable,16,all,35023,2.1611692905426025,1.7663142681121826,5.072961807250977,5.435642242431641,5.573475360870361,5.624865531921387,0.003979706205427647
example_images/synthetic_nested_shapes/clean/1024/nested_star_square_oval_low_contrast_mixed_chroma_1024.png,low_contrast_mixed_chroma,1024,8,25,brute_16,16,smooth,25844,2.900301218032837,1.1299182176589966,5.62992000579834,5.62992000579834,37.39596176147461,89.6143569946289,0.0035715531557798386
example_images/synthetic_nested_shapes/clean/1024/nested_star_square_oval_low_contrast_mixed_chroma_1024.png,low_contrast_mixed_chroma,1024,8,25,brute_16_vs_steerable,16,smooth,25844,1.9963407516479492,1.33340322971344,5.098722457885742,5.445395469665527,5.573475360870361,5.624865531921387,0.0035715531557798386
example_images/synthetic_nested_shapes/clean/1024/nested_star_square_oval_low_contrast_mixed_chroma_1024.png,low_contrast_mixed_chroma,1024,8,25,brute_32,32,all,35023,3.280562162399292,1.1299182176589966,5.625002384185791,14.629923820495605,49.50491714477539,89.9493408203125,0.003979706205427647
example_images/synthetic_nested_shapes/clean/1024/nested_star_square_oval_low_contrast_mixed_chroma_1024.png,low_contrast_mixed_chroma,1024,8,25,brute_32_vs_steerable,32,all,35023,1.0693279504776,0.9518141746520996,2.443814277648926,2.6201016902923584,2.774681568145752,2.812173366546631,0.003979706205427647
example_images/synthetic_nested_shapes/clean/1024/nested_star_square_oval_low_contrast_mixed_chroma_1024.png,low_contrast_mixed_chroma,1024,8,25,brute_32,32,smooth,25844,1.905190110206604,1.1200759410858154,2.352358102798462,3.3799190521240234,37.03960037231445,89.9493408203125,0.0035715531557798386
example_images/synthetic_nested_shapes/clean/1024/nested_star_square_oval_low_contrast_mixed_chroma_1024.png,low_contrast_mixed_chroma,1024,8,25,brute_32_vs_steerable,32,smooth,25844,0.9703208804130554,0.7708312273025513,2.4168100357055664,2.6025474071502686,2.769077777862549,2.812173366546631,0.0035715531557798386
example_images/synthetic_nested_shapes/clean/1024/nested_star_square_oval_low_contrast_mixed_chroma_1024.png,low_contrast_mixed_chroma,1024,8,25,brute_64,64,all,35023,2.926408529281616,0.5674111247062683,5.620084762573242,14.563672065734863,49.237064361572266,89.48458099365234,0.003979706205427647
example_images/synthetic_nested_shapes/clean/1024/nested_star_square_oval_low_contrast_mixed_chroma_1024.png,low_contrast_mixed_chroma,1024,8,25,brute_64_vs_steerable,64,all,35023,0.5329365134239197,0.4867807626724243,1.2002049684524536,1.3020075559616089,1.3862097263336182,1.4062403440475464,0.003979706205427647
example_images/synthetic_nested_shapes/clean/1024/nested_star_square_oval_low_contrast_mixed_chroma_1024.png,low_contrast_mixed_chroma,1024,8,25,brute_64,64,smooth,25844,1.4702811241149902,0.5575824975967407,1.6419072151184082,2.096581220626831,36.97224426269531,89.48458099365234,0.0035715531557798386
example_images/synthetic_nested_shapes/clean/1024/nested_star_square_oval_low_contrast_mixed_chroma_1024.png,low_contrast_mixed_chroma,1024,8,25,brute_64_vs_steerable,64,smooth,25844,0.48441988229751587,0.39311838150024414,1.1756668090820312,1.288068175315857,1.3864045143127441,1.4062403440475464,0.0035715531557798386
example_images/synthetic_nested_shapes/clean/1024/nested_star_square_oval_low_contrast_mixed_chroma_1024.png,low_contrast_mixed_chroma,1024,8,25,brute_180,180,all,35023,2.7983245849609375,0.37992244958877563,5.000005722045898,14.441940307617188,49.379913330078125,89.35958099365234,0.003979706205427647
example_images/synthetic_nested_shapes/clean/1024/nested_star_square_oval_low_contrast_mixed_chroma_1024.png,low_contrast_mixed_chroma,1024,8,25,brute_180_vs_steerable,180,all,35023,0.20433220267295837,0.19544586539268494,0.4415375888347626,0.47204530239105225,0.4951818883419037,0.49992886185646057,0.003979706205427647
example_images/synthetic_nested_shapes/clean/1024/nested_star_square_oval_low_contrast_mixed_chroma_1024.png,low_contrast_mixed_chroma,1024,8,25,brute_180,180,smooth,25844,1.310231328010559,0.37991562485694885,0.8974984884262085,1.379916787147522,36.828125,89.35958099365234,0.0035715531557798386
example_images/synthetic_nested_shapes/clean/1024/nested_star_square_oval_low_contrast_mixed_chroma_1024.png,low_contrast_mixed_chroma,1024,8,25,brute_180_vs_steerable,180,smooth,25844,0.18977223336696625,0.17081621289253235,0.43870988488197327,0.47086915373802185,0.4951818883419037,0.4999083876609802,0.0035715531557798386
example_images/synthetic_nested_shapes/clean/1024/nested_star_square_oval_warm_cool_midtones_1024.png,warm_cool_midtones,1024,2,25,steerable_atan2,0,all,35023,6.534926891326904,0.22749994695186615,27.361913681030273,41.800270080566406,73.81108856201172,89.97745513916016,0.014269464649260044
example_images/synthetic_nested_shapes/clean/1024/nested_star_square_oval_warm_cool_midtones_1024.png,warm_cool_midtones,1024,2,25,steerable_atan2,0,smooth,25844,2.4228765964508057,0.15076959133148193,0.3990606367588043,4.44520902633667,72.70509338378906,89.97745513916016,0.015725692734122276
example_images/synthetic_nested_shapes/clean/1024/nested_star_square_oval_warm_cool_midtones_1024.png,warm_cool_midtones,1024,2,25,brute_16,16,all,35023,7.9184417724609375,3.3700835704803467,27.120058059692383,43.87990951538086,73.12992095947266,89.87311553955078,0.014269464649260044
example_images/synthetic_nested_shapes/clean/1024/nested_star_square_oval_warm_cool_midtones_1024.png,warm_cool_midtones,1024,2,25,brute_16_vs_steerable,16,all,35023,2.2601871490478516,1.9355049133300781,5.284961223602295,5.542159080505371,5.614169597625732,5.624756336212158,0.014269464649260044
example_images/synthetic_nested_shapes/clean/1024/nested_star_square_oval_warm_cool_midtones_1024.png,warm_cool_midtones,1024,2,25,brute_16,16,smooth,25844,4.182189464569092,1.1299182176589966,5.620084762573242,5.689579010009766,72.6307601928711,89.87311553955078,0.015725692734122276
example_images/synthetic_nested_shapes/clean/1024/nested_star_square_oval_warm_cool_midtones_1024.png,warm_cool_midtones,1024,2,25,brute_16_vs_steerable,16,smooth,25844,2.0731284618377686,0.9951654076576233,5.377462863922119,5.564332485198975,5.614306449890137,5.624524116516113,0.015725692734122276
example_images/synthetic_nested_shapes/clean/1024/nested_star_square_oval_warm_cool_midtones_1024.png,warm_cool_midtones,1024,2,25,brute_32,32,all,35023,7.141458034515381,1.1299182176589966,28.124998092651367,41.62992858886719,73.90624237060547,89.9493408203125,0.014269464649260044
example_images/synthetic_nested_shapes/clean/1024/nested_star_square_oval_warm_cool_midtones_1024.png,warm_cool_midtones,1024,2,25,brute_32_vs_steerable,32,all,35023,1.0346003770828247,0.88372403383255,2.223363161087036,2.4804821014404297,2.7500576972961426,2.812398672103882,0.014269464649260044
example_images/synthetic_nested_shapes/clean/1024/nested_star_square_oval_warm_cool_midtones_1024.png,warm_cool_midtones,1024,2,25,brute_32,32,smooth,25844,3.198638439178467,1.1200827360153198,2.2549185752868652,5.625002384185791,73.37699890136719,89.9493408203125,0.015725692734122276
example_images/synthetic_nested_shapes/clean/1024/nested_star_square_oval_warm_cool_midtones_1024.png,warm_cool_midtones,1024,2,25,brute_32_vs_steerable,32,smooth,25844,0.91729736328125,0.8237686157226562,2.1375622749328613,2.276911973953247,2.702948808670044,2.812398672103882,0.015725692734122276
example_images/synthetic_nested_shapes/clean/1024/nested_star_square_oval_warm_cool_midtones_1024.png,warm_cool_midtones,1024,2,25,brute_64,64,all,35023,6.790114879608154,0.6244978904724121,27.567415237426758,42.1875,73.69242095947266,89.9493408203125,0.014269464649260044
example_images/synthetic_nested_shapes/clean/1024/nested_star_square_oval_warm_cool_midtones_1024.png,warm_cool_midtones,1024,2,25,brute_64_vs_steerable,64,all,35023,0.5425238013267517,0.6501042246818542,1.0730910301208496,1.2469767332077026,1.372272253036499,1.4060354232788086,0.014269464649260044
example_images/synthetic_nested_shapes/clean/1024/nested_star_square_oval_warm_cool_midtones_1024.png,warm_cool_midtones,1024,2,25,brute_64,64,smooth,25844,2.7505829334259033,0.5575893521308899,1.1299182176589966,5.624995708465576,72.85812377929688,89.9493408203125,0.015725692734122276
example_images/synthetic_nested_shapes/clean/1024/nested_star_square_oval_warm_cool_midtones_1024.png,warm_cool_midtones,1024,2,25,brute_64_vs_steerable,64,smooth,25844,0.494541198015213,0.6328750848770142,0.9653652906417847,1.1322845220565796,1.3392605781555176,1.4057621955871582,0.015725692734122276
example_images/synthetic_nested_shapes/clean/1024/nested_star_square_oval_warm_cool_midtones_1024.png,warm_cool_midtones,1024,2,25,brute_180,180,all,35023,6.646703720092773,0.37992244958877563,27.000019073486328,42.0,73.62007904052734,89.83112335205078,0.014269464649260044
example_images/synthetic_nested_shapes/clean/1024/nested_star_square_oval_warm_cool_midtones_1024.png,warm_cool_midtones,1024,2,25,brute_180_vs_steerable,180,all,35023,0.2127874344587326,0.2097141295671463,0.4391210675239563,0.4729359745979309,0.4919891953468323,0.49992886185646057,0.014269464649260044
example_images/synthetic_nested_shapes/clean/1024/nested_star_square_oval_warm_cool_midtones_1024.png,warm_cool_midtones,1024,2,25,brute_180,180,smooth,25844,2.5722768306732178,0.37991562485694885,0.6200855374336243,4.211441993713379,72.49990844726562,89.83112335205078,0.015725692734122276
example_images/synthetic_nested_shapes/clean/1024/nested_star_square_oval_warm_cool_midtones_1024.png,warm_cool_midtones,1024,2,25,brute_180_vs_steerable,180,smooth,25844,0.20044934749603271,0.18936017155647278,0.43756240606307983,0.4706819951534271,0.4907764196395874,0.49992886185646057,0.015725692734122276
example_images/synthetic_nested_shapes/clean/1024/nested_star_square_oval_warm_cool_midtones_1024.png,warm_cool_midtones,1024,4,25,steerable_atan2,0,all,35023,4.0001349449157715,0.19212639331817627,11.808445930480957,28.443557739257812,53.36357498168945,89.78609466552734,0.02566514164209366
example_images/synthetic_nested_shapes/clean/1024/nested_star_square_oval_warm_cool_midtones_1024.png,warm_cool_midtones,1024,4,25,steerable_atan2,0,smooth,25844,1.382041096687317,0.10392816364765167,0.4959871768951416,1.0804208517074585,49.76961135864258,89.78609466552734,0.02801402658224106
example_images/synthetic_nested_shapes/clean/1024/nested_star_square_oval_warm_cool_midtones_1024.png,warm_cool_midtones,1024,4,25,brute_16,16,all,35023,5.441312313079834,2.6908349990844727,11.250011444091797,28.12992286682129,56.250003814697266,89.48924255371094,0.02566514164209366
example_images/synthetic_nested_shapes/clean/1024/nested_star_square_oval_warm_cool_midtones_1024.png,warm_cool_midtones,1024,4,25,brute_16_vs_steerable,16,all,35023,2.2130863666534424,1.8725100755691528,5.162120342254639,5.4852294921875,5.601930141448975,5.624988555908203,0.02566514164209366
example_images/synthetic_nested_shapes/clean/1024/nested_star_square_oval_warm_cool_midtones_1024.png,warm_cool_midtones,1024,4,25,brute_16,16,smooth,25844,3.16835355758667,1.1299182176589966,5.62992000579834,5.62992000579834,47.57427978515625,89.48924255371094,0.02801402658224106
example_images/synthetic_nested_shapes/clean/1024/nested_star_square_oval_warm_cool_midtones_1024.png,warm_cool_midtones,1024,4,25,brute_16_vs_steerable,16,smooth,25844,2.034254312515259,1.276343822479248,5.192289352416992,5.504176139831543,5.610688209533691,5.624988555908203,0.02801402658224106
example_images/synthetic_nested_shapes/clean/1024/nested_star_square_oval_warm_cool_midtones_1024.png,warm_cool_midtones,1024,4,25,brute_32,32,all,35023,4.640242099761963,1.1299182176589966,11.254922866821289,28.1250057220459,53.7249641418457,89.9493408203125,0.02566514164209366
example_images/synthetic_nested_shapes/clean/1024/nested_star_square_oval_warm_cool_midtones_1024.png,warm_cool_midtones,1024,4,25,brute_32_vs_steerable,32,all,35023,1.1063424348831177,0.9944891929626465,2.400695323944092,2.5331246852874756,2.7525618076324463,2.8124191761016846,0.02566514164209366
example_images/synthetic_nested_shapes/clean/1024/nested_star_square_oval_warm_cool_midtones_1024.png,warm_cool_midtones,1024,4,25,brute_32,32,smooth,25844,2.1547741889953613,1.1200759410858154,2.2549185752868652,2.916200876235962,49.787376403808594,89.9493408203125,0.02801402658224106
example_images/synthetic_nested_shapes/clean/1024/nested_star_square_oval_warm_cool_midtones_1024.png,warm_cool_midtones,1024,4,25,brute_32_vs_steerable,32,smooth,25844,0.9993904829025269,0.8904039859771729,2.35477614402771,2.4719409942626953,2.7089521884918213,2.812248468399048,0.02801402658224106
example_images/synthetic_nested_shapes/clean/1024/nested_star_square_oval_warm_cool_midtones_1024.png,warm_cool_midtones,1024,4,25,brute_64,64,all,35023,4.266067028045654,0.5674179792404175,11.501084327697754,28.1250057220459,53.437496185302734,89.16146087646484,0.02566514164209366
example_images/synthetic_nested_shapes/clean/1024/nested_star_square_oval_warm_cool_midtones_1024.png,warm_cool_midtones,1024,4,25,brute_64_vs_steerable,64,all,35023,0.5399930477142334,0.5027497410774231,1.1871442794799805,1.2919644117355347,1.3839186429977417,1.4060559272766113,0.02566514164209366
example_images/synthetic_nested_shapes/clean/1024/nested_star_square_oval_warm_cool_midtones_1024.png,warm_cool_midtones,1024,4,25,brute_64,64,smooth,25844,1.7187798023223877,0.5575893521308899,1.211310863494873,1.8916164636611938,49.787376403808594,89.16146087646484,0.02801402658224106
example_images/synthetic_nested_shapes/clean/1024/nested_star_square_oval_warm_cool_midtones_1024.png,warm_cool_midtones,1024,4,25,brute_64_vs_steerable,64,smooth,25844,0.4915328919887543,0.4571787118911743,1.1483098268508911,1.2699214220046997,1.3762558698654175,1.4060559272766113,0.02801402658224106
example_images/synthetic_nested_shapes/clean/1024/nested_star_square_oval_warm_cool_midtones_1024.png,warm_cool_midtones,1024,4,25,brute_180,180,all,35023,4.122882843017578,0.37992244958877563,11.999993324279785,28.379920959472656,53.228431701660156,89.6783447265625,0.02566514164209366
example_images/synthetic_nested_shapes/clean/1024/nested_star_square_oval_warm_cool_midtones_1024.png,warm_cool_midtones,1024,4,25,brute_180_vs_steerable,180,all,35023,0.23125596344470978,0.24906285107135773,0.4533155560493469,0.4774172604084015,0.49557122588157654,0.4999083876609802,0.02566514164209366
example_images/synthetic_nested_shapes/clean/1024/nested_star_square_oval_warm_cool_midtones_1024.png,warm_cool_midtones,1024,4,25,brute_180,180,smooth,25844,1.5403470993041992,0.37991562485694885,0.6200855374336243,1.165924310684204,49.71769332885742,89.6783447265625,0.02801402658224106
example_images/synthetic_nested_shapes/clean/1024/nested_star_square_oval_warm_cool_midtones_1024.png,warm_cool_midtones,1024,4,25,brute_180_vs_steerable,180,smooth,25844,0.22373606264591217,0.2476011961698532,0.45282790064811707,0.47764572501182556,0.4955575466156006,0.49990156292915344,0.02801402658224106
example_images/synthetic_nested_shapes/clean/1024/nested_star_square_oval_warm_cool_midtones_1024.png,warm_cool_midtones,1024,6,25,steerable_atan2,0,all,35023,2.935697317123413,0.22174891829490662,6.521721363067627,17.62663459777832,48.8449592590332,89.96275329589844,0.03608022257685661
example_images/synthetic_nested_shapes/clean/1024/nested_star_square_oval_warm_cool_midtones_1024.png,warm_cool_midtones,1024,6,25,steerable_atan2,0,smooth,25844,0.9053165316581726,0.1267341673374176,0.6274259686470032,1.064929723739624,20.55722999572754,89.96275329589844,0.03928971663117409
example_images/synthetic_nested_shapes/clean/1024/nested_star_square_oval_warm_cool_midtones_1024.png,warm_cool_midtones,1024,6,25,brute_16,16,all,35023,4.380249977111816,1.8893805742263794,7.879914283752441,17.942140579223633,47.175540924072266,89.77401733398438,0.03608022257685661
example_images/synthetic_nested_shapes/clean/1024/nested_star_square_oval_warm_cool_midtones_1024.png,warm_cool_midtones,1024,6,25,brute_16_vs_steerable,16,all,35023,2.231565475463867,1.8158468008041382,5.187506675720215,5.505753993988037,5.589211940765381,5.6245927810668945,0.03608022257685661
example_images/synthetic_nested_shapes/clean/1024/nested_star_square_oval_warm_cool_midtones_1024.png,warm_cool_midtones,1024,6,25,brute_16,16,smooth,25844,2.689401149749756,1.1299182176589966,5.620084762573242,5.62992000579834,21.015840530395508,89.77401733398438,0.03928971663117409
example_images/synthetic_nested_shapes/clean/1024/nested_star_square_oval_warm_cool_midtones_1024.png,warm_cool_midtones,1024,6,25,brute_16_vs_steerable,16,smooth,25844,2.061424732208252,1.3964356184005737,5.349527359008789,5.553872585296631,5.590742111206055,5.6245927810668945,0.03928971663117409
example_images/synthetic_nested_shapes/clean/1024/nested_star_square_oval_warm_cool_midtones_1024.png,warm_cool_midtones,1024,6,25,brute_32,32,all,35023,3.5503361225128174,1.1299182176589966,6.7450852394104,16.87991714477539,49.9049072265625,89.58074188232422,0.03608022257685661
example_images/synthetic_nested_shapes/clean/1024/nested_star_square_oval_warm_cool_midtones_1024.png,warm_cool_midtones,1024,6,25,brute_32_vs_steerable,32,all,35023,1.0896995067596436,1.0363719463348389,2.378957509994507,2.513113498687744,2.748364210128784,2.812166452407837,0.03608022257685661
example_images/synthetic_nested_shapes/clean/1024/nested_star_square_oval_warm_cool_midtones_1024.png,warm_cool_midtones,1024,6,25,brute_32,32,smooth,25844,1.659895658493042,1.1200759410858154,2.2549185752868652,2.8232693672180176,21.160049438476562,89.58074188232422,0.03928971663117409
example_images/synthetic_nested_shapes/clean/1024/nested_star_square_oval_warm_cool_midtones_1024.png,warm_cool_midtones,1024,6,25,brute_32_vs_steerable,32,smooth,25844,0.9815117120742798,0.9083093404769897,2.321308135986328,2.433993339538574,2.7026093006134033,2.8102951049804688,0.03928971663117409
example_images/synthetic_nested_shapes/clean/1024/nested_star_square_oval_warm_cool_midtones_1024.png,warm_cool_midtones,1024,6,25,brute_64,64,all,35023,3.199889659881592,0.5674179792404175,6.7450852394104,17.442411422729492,48.37993240356445,89.58074188232422,0.03608022257685661
example_images/synthetic_nested_shapes/clean/1024/nested_star_square_oval_warm_cool_midtones_1024.png,warm_cool_midtones,1024,6,25,brute_64_vs_steerable,64,all,35023,0.5593809485435486,0.5380071997642517,1.2487881183624268,1.332877278327942,1.3913414478302002,1.4061720371246338,0.03608022257685661
example_images/synthetic_nested_shapes/clean/1024/nested_star_square_oval_warm_cool_midtones_1024.png,warm_cool_midtones,1024,6,25,brute_64,64,smooth,25844,1.2316181659698486,0.5575824975967407,1.5182056427001953,1.7956557273864746,20.669851303100586,89.58074188232422,0.03928971663117409
example_images/synthetic_nested_shapes/clean/1024/nested_star_square_oval_warm_cool_midtones_1024.png,warm_cool_midtones,1024,6,25,brute_64_vs_steerable,64,smooth,25844,0.5197435617446899,0.4662560522556305,1.248674750328064,1.332747459411621,1.3907289505004883,1.4061720371246338,0.03928971663117409
example_images/synthetic_nested_shapes/clean/1024/nested_star_square_oval_warm_cool_midtones_1024.png,warm_cool_midtones,1024,6,25,brute_180,180,all,35023,3.0388569831848145,0.37992244958877563,6.620079040527344,17.37992286682129,49.000003814697266,89.69747161865234,0.03608022257685661
example_images/synthetic_nested_shapes/clean/1024/nested_star_square_oval_warm_cool_midtones_1024.png,warm_cool_midtones,1024,6,25,brute_180_vs_steerable,180,all,35023,0.21318069100379944,0.2140786200761795,0.44825437664985657,0.47522953152656555,0.49502331018447876,0.49999716877937317,0.03608022257685661
example_images/synthetic_nested_shapes/clean/1024/nested_star_square_oval_warm_cool_midtones_1024.png,warm_cool_midtones,1024,6,25,brute_180,180,smooth,25844,1.0344160795211792,0.37991562485694885,0.6580047607421875,1.2071928977966309,20.44297981262207,89.69747161865234,0.03928971663117409
example_images/synthetic_nested_shapes/clean/1024/nested_star_square_oval_warm_cool_midtones_1024.png,warm_cool_midtones,1024,6,25,brute_180_vs_steerable,180,smooth,25844,0.2003116011619568,0.18895035982131958,0.44769158959388733,0.4746845066547394,0.49404090642929077,0.49999716877937317,0.03928971663117409
example_images/synthetic_nested_shapes/clean/1024/nested_star_square_oval_warm_cool_midtones_1024.png,warm_cool_midtones,1024,8,25,steerable_atan2,0,all,35023,2.5481014251708984,0.3583527207374573,5.1840972900390625,12.61785888671875,46.727699279785156,89.00260162353516,0.045594222843647
example_images/synthetic_nested_shapes/clean/1024/nested_star_square_oval_warm_cool_midtones_1024.png,warm_cool_midtones,1024,8,25,steerable_atan2,0,smooth,25844,0.8320357799530029,0.1870652288198471,0.8931428790092468,1.2057780027389526,14.967370986938477,89.00260162353516,0.049598824232816696
example_images/synthetic_nested_shapes/clean/1024/nested_star_square_oval_warm_cool_midtones_1024.png,warm_cool_midtones,1024,8,25,brute_16,16,all,35023,3.918635606765747,1.3997516632080078,5.773001670837402,12.379916191101074,45.0,89.77401733398438,0.045594222843647
example_images/synthetic_nested_shapes/clean/1024/nested_star_square_oval_warm_cool_midtones_1024.png,warm_cool_midtones,1024,8,25,brute_16_vs_steerable,16,all,35023,2.1786184310913086,1.8127254247665405,5.067597389221191,5.435478210449219,5.573359489440918,5.624469757080078,0.045594222843647
example_images/synthetic_nested_shapes/clean/1024/nested_star_square_oval_warm_cool_midtones_1024.png,warm_cool_midtones,1024,8,25,brute_16,16,smooth,25844,2.5212974548339844,1.1299182176589966,5.62992000579834,5.62992000579834,15.019292831420898,89.77401733398438,0.049598824232816696
example_images/synthetic_nested_shapes/clean/1024/nested_star_square_oval_warm_cool_midtones_1024.png,warm_cool_midtones,1024,8,25,brute_16_vs_steerable,16,smooth,25844,1.9988996982574463,1.3386214971542358,5.098647594451904,5.4453887939453125,5.573359489440918,5.622434139251709,0.049598824232816696
example_images/synthetic_nested_shapes/clean/1024/nested_star_square_oval_warm_cool_midtones_1024.png,warm_cool_midtones,1024,8,25,brute_32,32,all,35023,3.1183784008026123,1.1299182176589966,5.625002384185791,12.379916191101074,46.12992858886719,89.7782974243164,0.045594222843647
example_images/synthetic_nested_shapes/clean/1024/nested_star_square_oval_warm_cool_midtones_1024.png,warm_cool_midtones,1024,8,25,brute_32_vs_steerable,32,all,35023,1.0814810991287231,0.9774683713912964,2.453770160675049,2.621276378631592,2.777538299560547,2.8124125003814697,0.045594222843647
example_images/synthetic_nested_shapes/clean/1024/nested_star_square_oval_warm_cool_midtones_1024.png,warm_cool_midtones,1024,8,25,brute_32,32,smooth,25844,1.5248889923095703,1.1200759410858154,2.302686929702759,3.3700835704803467,15.499420166015625,89.7782974243164,0.049598824232816696
example_images/synthetic_nested_shapes/clean/1024/nested_star_square_oval_warm_cool_midtones_1024.png,warm_cool_midtones,1024,8,25,brute_32_vs_steerable,32,smooth,25844,0.9799091219902039,0.7883643507957458,2.4245047569274902,2.6129026412963867,2.774627447128296,2.8117566108703613,0.049598824232816696
example_images/synthetic_nested_shapes/clean/1024/nested_star_square_oval_warm_cool_midtones_1024.png,warm_cool_midtones,1024,8,25,brute_64,64,all,35023,2.7476425170898438,0.5674179792404175,5.624995708465576,12.922894477844238,46.69240951538086,89.70512390136719,0.045594222843647
example_images/synthetic_nested_shapes/clean/1024/nested_star_square_oval_warm_cool_midtones_1024.png,warm_cool_midtones,1024,8,25,brute_64_vs_steerable,64,all,35023,0.5362590551376343,0.49259325861930847,1.19640052318573,1.3002815246582031,1.3871606588363647,1.4062540531158447,0.045594222843647
example_images/synthetic_nested_shapes/clean/1024/nested_star_square_oval_warm_cool_midtones_1024.png,warm_cool_midtones,1024,8,25,brute_64,64,smooth,25844,1.0793386697769165,0.5575824975967407,1.575695276260376,1.9425327777862549,14.769478797912598,89.70512390136719,0.049598824232816696
example_images/synthetic_nested_shapes/clean/1024/nested_star_square_oval_warm_cool_midtones_1024.png,warm_cool_midtones,1024,8,25,brute_64_vs_steerable,64,smooth,25844,0.4874574840068817,0.39769458770751953,1.1780402660369873,1.2861014604568481,1.3865078687667847,1.4062540531158447,0.049598824232816696
example_images/synthetic_nested_shapes/clean/1024/nested_star_square_oval_warm_cool_midtones_1024.png,warm_cool_midtones,1024,8,25,brute_180,180,all,35023,2.619579792022705,0.37992244958877563,5.266719341278076,12.718841552734375,46.379913330078125,89.26762390136719,0.045594222843647
example_images/synthetic_nested_shapes/clean/1024/nested_star_square_oval_warm_cool_midtones_1024.png,warm_cool_midtones,1024,8,25,brute_180_vs_steerable,180,all,35023,0.20442013442516327,0.1962040215730667,0.44142967462539673,0.47189027070999146,0.4949072003364563,0.49990156292915344,0.045594222843647
example_images/synthetic_nested_shapes/clean/1024/nested_star_square_oval_warm_cool_midtones_1024.png,warm_cool_midtones,1024,8,25,brute_180,180,smooth,25844,0.9177870154380798,0.37991562485694885,0.8981398344039917,1.379916787147522,14.77035903930664,89.26762390136719,0.049598824232816696
example_images/synthetic_nested_shapes/clean/1024/nested_star_square_oval_warm_cool_midtones_1024.png,warm_cool_midtones,1024,8,25,brute_180_vs_steerable,180,smooth,25844,0.19031232595443726,0.1725100874900818,0.4389967620372772,0.4712608754634857,0.49496039748191833,0.4998400807380676,0.049598824232816696
example_images/synthetic_nested_shapes/clean/2048/nested_star_square_oval_garnet_atlantic_grass_2048.png,garnet_atlantic_grass,2048,2,25,steerable_atan2,0,all,71295,2.8367128372192383,0.15614496171474457,7.202479362487793,22.666500091552734,44.35211944580078,89.9810562133789,0.019372260197997093
example_images/synthetic_nested_shapes/clean/2048/nested_star_square_oval_garnet_atlantic_grass_2048.png,garnet_atlantic_grass,2048,2,25,steerable_atan2,0,smooth,60696,0.3260846734046936,0.11739729344844818,0.3751208186149597,0.5424177646636963,6.829188823699951,15.49125862121582,0.01996731571853161
example_images/synthetic_nested_shapes/clean/2048/nested_star_square_oval_garnet_atlantic_grass_2048.png,garnet_atlantic_grass,2048,2,25,brute_16,16,all,71295,4.486520290374756,1.9953031539916992,7.879920959472656,22.500001907348633,45.0,90.0,0.019372260197997093
example_images/synthetic_nested_shapes/clean/2048/nested_star_square_oval_garnet_atlantic_grass_2048.png,garnet_atlantic_grass,2048,2,25,brute_16_vs_steerable,16,all,71295,2.1834559440612793,1.4344490766525269,5.292980194091797,5.529338836669922,5.612223148345947,5.6247358322143555,0.019372260197997093
example_images/synthetic_nested_shapes/clean/2048/nested_star_square_oval_garnet_atlantic_grass_2048.png,garnet_atlantic_grass,2048,2,25,brute_16,16,smooth,60696,2.19553804397583,1.1299182176589966,5.620084762573242,5.620084762573242,11.249998092651367,12.099967002868652,0.01996731571853161
example_images/synthetic_nested_shapes/clean/2048/nested_star_square_oval_garnet_atlantic_grass_2048.png,garnet_atlantic_grass,2048,2,25,brute_16_vs_steerable,16,smooth,60696,2.0839340686798096,1.067101001739502,5.318477153778076,5.542165756225586,5.61418342590332,5.624271392822266,0.01996731571853161
example_images/synthetic_nested_shapes/clean/2048/nested_star_square_oval_garnet_atlantic_grass_2048.png,garnet_atlantic_grass,2048,2,25,brute_32,32,all,71295,3.546647310256958,1.1299182176589966,6.754913806915283,22.500001907348633,45.0,90.0,0.019372260197997093
example_images/synthetic_nested_shapes/clean/2048/nested_star_square_oval_garnet_atlantic_grass_2048.png,garnet_atlantic_grass,2048,2,25,brute_32_vs_steerable,32,all,71295,0.9882098436355591,0.9144530296325684,2.172314405441284,2.381251335144043,2.719613552093506,2.812330484390259,0.019372260197997093
example_images/synthetic_nested_shapes/clean/2048/nested_star_square_oval_garnet_atlantic_grass_2048.png,garnet_atlantic_grass,2048,2,25,brute_32,32,smooth,60696,1.1371982097625732,1.1200827360153198,2.2549185752868652,2.4593393802642822,6.196094036102295,16.875,0.01996731571853161
example_images/synthetic_nested_shapes/clean/2048/nested_star_square_oval_garnet_atlantic_grass_2048.png,garnet_atlantic_grass,2048,2,25,brute_32_vs_steerable,32,smooth,60696,0.9277754426002502,0.8863263130187988,2.1362099647521973,2.274657964706421,2.6840670108795166,2.812330484390259,0.01996731571853161
example_images/synthetic_nested_shapes/clean/2048/nested_star_square_oval_garnet_atlantic_grass_2048.png,garnet_atlantic_grass,2048,2,25,brute_64,64,all,71295,3.1373159885406494,0.5674111247062683,7.317420959472656,22.500001907348633,44.44240951538086,90.0,0.019372260197997093
example_images/synthetic_nested_shapes/clean/2048/nested_star_square_oval_garnet_atlantic_grass_2048.png,garnet_atlantic_grass,2048,2,25,brute_64_vs_steerable,64,all,71295,0.5439784526824951,0.6449679136276245,1.067101001739502,1.1894720792770386,1.3639224767684937,1.406076431274414,0.019372260197997093
example_images/synthetic_nested_shapes/clean/2048/nested_star_square_oval_garnet_atlantic_grass_2048.png,garnet_atlantic_grass,2048,2,25,brute_64,64,smooth,60696,0.6706597805023193,0.5575893521308899,1.1299182176589966,1.3523945808410645,6.730589389801025,16.875,0.01996731571853161
example_images/synthetic_nested_shapes/clean/2048/nested_star_square_oval_garnet_atlantic_grass_2048.png,garnet_atlantic_grass,2048,2,25,brute_64_vs_steerable,64,smooth,60696,0.5202813744544983,0.6266288757324219,1.039868950843811,1.1400712728500366,1.3409854173660278,1.4052021503448486,0.01996731571853161
example_images/synthetic_nested_shapes/clean/2048/nested_star_square_oval_garnet_atlantic_grass_2048.png,garnet_atlantic_grass,2048,2,25,brute_180,180,all,71295,2.9758594036102295,0.37991562485694885,7.379909992218018,22.379920959472656,44.379920959472656,90.0,0.019372260197997093
example_images/synthetic_nested_shapes/clean/2048/nested_star_square_oval_garnet_atlantic_grass_2048.png,garnet_atlantic_grass,2048,2,25,brute_180_vs_steerable,180,all,71295,0.21597430109977722,0.20844371616840363,0.45746833086013794,0.48155567049980164,0.49490228295326233,0.49996984004974365,0.019372260197997093
example_images/synthetic_nested_shapes/clean/2048/nested_star_square_oval_garnet_atlantic_grass_2048.png,garnet_atlantic_grass,2048,2,25,brute_180,180,smooth,60696,0.48752573132514954,0.37991562485694885,0.6200855374336243,0.7051351070404053,6.99999475479126,15.000003814697266,0.01996731571853161
example_images/synthetic_nested_shapes/clean/2048/nested_star_square_oval_garnet_atlantic_grass_2048.png,garnet_atlantic_grass,2048,2,25,brute_180_vs_steerable,180,smooth,60696,0.210664764046669,0.19485846161842346,0.459600031375885,0.48278510570526123,0.49543461203575134,0.499915212392807,0.01996731571853161
example_images/synthetic_nested_shapes/clean/2048/nested_star_square_oval_garnet_atlantic_grass_2048.png,garnet_atlantic_grass,2048,4,25,steerable_atan2,0,all,71295,1.8872944116592407,0.12480805069208145,3.159973382949829,10.773457527160645,39.87671661376953,87.98055267333984,0.03457990661263466
example_images/synthetic_nested_shapes/clean/2048/nested_star_square_oval_garnet_atlantic_grass_2048.png,garnet_atlantic_grass,2048,4,25,steerable_atan2,0,smooth,60696,0.2493966817855835,0.0878191590309143,0.4143056273460388,0.5836055278778076,3.297820568084717,16.68673324584961,0.03542109951376915
example_images/synthetic_nested_shapes/clean/2048/nested_star_square_oval_garnet_atlantic_grass_2048.png,garnet_atlantic_grass,2048,4,25,brute_16,16,all,71295,3.546133518218994,1.246523141860962,5.62992000579834,11.249998092651367,39.37992858886719,88.87992095947266,0.03457990661263466
example_images/synthetic_nested_shapes/clean/2048/nested_star_square_oval_garnet_atlantic_grass_2048.png,garnet_atlantic_grass,2048,4,25,brute_16_vs_steerable,16,all,71295,2.1760146617889404,1.5796315670013428,5.204678058624268,5.490799903869629,5.6045966148376465,5.624934196472168,0.03457990661263466
example_images/synthetic_nested_shapes/clean/2048/nested_star_square_oval_garnet_atlantic_grass_2048.png,garnet_atlantic_grass,2048,4,25,brute_16,16,smooth,60696,2.1364734172821045,1.1299182176589966,5.620084762573242,5.62992000579834,5.862748146057129,11.250011444091797,0.03542109951376915
example_images/synthetic_nested_shapes/clean/2048/nested_star_square_oval_garnet_atlantic_grass_2048.png,garnet_atlantic_grass,2048,4,25,brute_16_vs_steerable,16,smooth,60696,2.0811166763305664,1.356765866279602,5.2256035804748535,5.504196643829346,5.609641075134277,5.624715328216553,0.03542109951376915
example_images/synthetic_nested_shapes/clean/2048/nested_star_square_oval_garnet_atlantic_grass_2048.png,garnet_atlantic_grass,2048,4,25,brute_32,32,all,71295,2.6249916553497314,1.1200827360153198,3.3799190521240234,11.249998092651367,39.37991714477539,88.87992095947266,0.03457990661263466
example_images/synthetic_nested_shapes/clean/2048/nested_star_square_oval_garnet_atlantic_grass_2048.png,garnet_atlantic_grass,2048,4,25,brute_32_vs_steerable,32,all,71295,1.0638214349746704,1.0037919282913208,2.340733289718628,2.4577178955078125,2.7226874828338623,2.81172251701355,0.03457990661263466
example_images/synthetic_nested_shapes/clean/2048/nested_star_square_oval_garnet_atlantic_grass_2048.png,garnet_atlantic_grass,2048,4,25,brute_32,32,smooth,60696,1.0698374509811401,1.1200759410858154,2.2549185752868652,2.312702178955078,5.624995708465576,16.875,0.03542109951376915
example_images/synthetic_nested_shapes/clean/2048/nested_star_square_oval_garnet_atlantic_grass_2048.png,garnet_atlantic_grass,2048,4,25,brute_32_vs_steerable,32,smooth,60696,1.0104607343673706,0.946554958820343,2.325310707092285,2.4124433994293213,2.6854822635650635,2.811647415161133,0.03542109951376915
example_images/synthetic_nested_shapes/clean/2048/nested_star_square_oval_garnet_atlantic_grass_2048.png,garnet_atlantic_grass,2048,4,25,brute_64,64,all,71295,2.212001085281372,0.5674111247062683,2.8125011920928955,11.249998092651367,39.94243621826172,88.87991333007812,0.03457990661263466
example_images/synthetic_nested_shapes/clean/2048/nested_star_square_oval_garnet_atlantic_grass_2048.png,garnet_atlantic_grass,2048,4,25,brute_64_vs_steerable,64,all,71295,0.5389479398727417,0.5027633905410767,1.2134937047958374,1.3157628774642944,1.3879764080047607,1.4061447381973267,0.03457990661263466
example_images/synthetic_nested_shapes/clean/2048/nested_star_square_oval_garnet_atlantic_grass_2048.png,garnet_atlantic_grass,2048,4,25,brute_64,64,smooth,60696,0.6185169816017151,0.5575824975967407,1.1299182176589966,1.6825761795043945,2.9642751216888428,16.875,0.03542109951376915
example_images/synthetic_nested_shapes/clean/2048/nested_star_square_oval_garnet_atlantic_grass_2048.png,garnet_atlantic_grass,2048,4,25,brute_64_vs_steerable,64,smooth,60696,0.5158006548881531,0.47997787594795227,1.199470043182373,1.3098305463790894,1.3879764080047607,1.4061379432678223,0.03542109951376915
example_images/synthetic_nested_shapes/clean/2048/nested_star_square_oval_garnet_atlantic_grass_2048.png,garnet_atlantic_grass,2048,4,25,brute_180,180,all,71295,2.0389881134033203,0.37991562485694885,3.0000171661376953,10.999999046325684,40.0,88.37991333007812,0.03457990661263466
example_images/synthetic_nested_shapes/clean/2048/nested_star_square_oval_garnet_atlantic_grass_2048.png,garnet_atlantic_grass,2048,4,25,brute_180_vs_steerable,180,all,71295,0.23122797906398773,0.2577098608016968,0.44902756810188293,0.4738054573535919,0.4957966208457947,0.49996301531791687,0.03457990661263466
example_images/synthetic_nested_shapes/clean/2048/nested_star_square_oval_garnet_atlantic_grass_2048.png,garnet_atlantic_grass,2048,4,25,brute_180,180,smooth,60696,0.4233088493347168,0.37991562485694885,0.6200855374336243,0.7335042953491211,3.009272336959839,17.000019073486328,0.03542109951376915
example_images/synthetic_nested_shapes/clean/2048/nested_star_square_oval_garnet_atlantic_grass_2048.png,garnet_atlantic_grass,2048,4,25,brute_180_vs_steerable,180,smooth,60696,0.2283274531364441,0.2602302134037018,0.44754475355148315,0.47329795360565186,0.4957966208457947,0.4999425411224365,0.03542109951376915
example_images/synthetic_nested_shapes/clean/2048/nested_star_square_oval_garnet_atlantic_grass_2048.png,garnet_atlantic_grass,2048,6,25,steerable_atan2,0,all,71295,1.5584602355957031,0.15481306612491608,1.9330500364303589,6.823281288146973,36.578025817871094,87.35215759277344,0.04842974245548248
example_images/synthetic_nested_shapes/clean/2048/nested_star_square_oval_garnet_atlantic_grass_2048.png,garnet_atlantic_grass,2048,6,25,steerable_atan2,0,smooth,60696,0.2909493148326874,0.12147491425275803,0.5194120407104492,0.7607755064964294,3.02936053276062,21.440845489501953,0.049544185400009155
example_images/synthetic_nested_shapes/clean/2048/nested_star_square_oval_garnet_atlantic_grass_2048.png,garnet_atlantic_grass,2048,6,25,brute_16,16,all,71295,3.2185137271881104,1.1299182176589966,5.62992000579834,7.879914283752441,37.129920959472656,90.0,0.04842974245548248
example_images/synthetic_nested_shapes/clean/2048/nested_star_square_oval_garnet_atlantic_grass_2048.png,garnet_atlantic_grass,2048,6,25,brute_16_vs_steerable,16,all,71295,2.2144181728363037,1.5495445728302002,5.238864421844482,5.505720138549805,5.589184761047363,5.624776840209961,0.04842974245548248
example_images/synthetic_nested_shapes/clean/2048/nested_star_square_oval_garnet_atlantic_grass_2048.png,garnet_atlantic_grass,2048,6,25,brute_16,16,smooth,60696,2.136615753173828,1.1299182176589966,5.620084762573242,5.62992000579834,5.885355472564697,22.500001907348633,0.049544185400009155
example_images/synthetic_nested_shapes/clean/2048/nested_star_square_oval_garnet_atlantic_grass_2048.png,garnet_atlantic_grass,2048,6,25,brute_16_vs_steerable,16,smooth,60696,2.1259000301361084,1.4497793912887573,5.307511329650879,5.520650863647461,5.589191436767578,5.624776840209961,0.049544185400009155
example_images/synthetic_nested_shapes/clean/2048/nested_star_square_oval_garnet_atlantic_grass_2048.png,garnet_atlantic_grass,2048,6,25,brute_32,32,all,71295,2.259233236312866,1.1200827360153198,2.842653751373291,6.754913806915283,37.12991714477539,88.87992095947266,0.04842974245548248
example_images/synthetic_nested_shapes/clean/2048/nested_star_square_oval_garnet_atlantic_grass_2048.png,garnet_atlantic_grass,2048,6,25,brute_32_vs_steerable,32,all,71295,1.052258849143982,1.0902211666107178,2.279784679412842,2.4195644855499268,2.7131247520446777,2.8124260902404785,0.04842974245548248
example_images/synthetic_nested_shapes/clean/2048/nested_star_square_oval_garnet_atlantic_grass_2048.png,garnet_atlantic_grass,2048,6,25,brute_32,32,smooth,60696,1.076319932937622,1.1200759410858154,2.2549185752868652,2.3086585998535156,5.165295600891113,22.500001907348633,0.049544185400009155
example_images/synthetic_nested_shapes/clean/2048/nested_star_square_oval_garnet_atlantic_grass_2048.png,garnet_atlantic_grass,2048,6,25,brute_32_vs_steerable,32,smooth,60696,1.0018353462219238,1.0332368612289429,2.2599730491638184,2.397555112838745,2.645005226135254,2.8124260902404785,0.049544185400009155
example_images/synthetic_nested_shapes/clean/2048/nested_star_square_oval_garnet_atlantic_grass_2048.png,garnet_atlantic_grass,2048,6,25,brute_64,64,all,71295,1.8722543716430664,0.5575893521308899,2.312702178955078,6.754913806915283,36.567420959472656,87.18750762939453,0.04842974245548248
example_images/synthetic_nested_shapes/clean/2048/nested_star_square_oval_garnet_atlantic_grass_2048.png,garnet_atlantic_grass,2048,6,25,brute_64_vs_steerable,64,all,71295,0.5779263377189636,0.5667281150817871,1.2847312688827515,1.3478081226348877,1.391582727432251,1.4060286283493042,0.04842974245548248
example_images/synthetic_nested_shapes/clean/2048/nested_star_square_oval_garnet_atlantic_grass_2048.png,garnet_atlantic_grass,2048,6,25,brute_64,64,smooth,60696,0.6398621797561646,0.5575824975967407,1.286008596420288,1.6924184560775757,2.8125011920928955,22.500001907348633,0.049544185400009155
example_images/synthetic_nested_shapes/clean/2048/nested_star_square_oval_garnet_atlantic_grass_2048.png,garnet_atlantic_grass,2048,6,25,brute_64_vs_steerable,64,smooth,60696,0.5575063824653625,0.5390043258666992,1.2847380638122559,1.3485252857208252,1.3909270763397217,1.4060286283493042,0.049544185400009155
example_images/synthetic_nested_shapes/clean/2048/nested_star_square_oval_garnet_atlantic_grass_2048.png,garnet_atlantic_grass,2048,6,25,brute_180,180,all,71295,1.6809436082839966,0.37991562485694885,2.000002384185791,6.620085716247559,37.000003814697266,87.37991333007812,0.04842974245548248
example_images/synthetic_nested_shapes/clean/2048/nested_star_square_oval_garnet_atlantic_grass_2048.png,garnet_atlantic_grass,2048,6,25,brute_180_vs_steerable,180,all,71295,0.20413245260715485,0.20089635252952576,0.44365358352661133,0.4685373306274414,0.49263423681259155,0.49999716877937317,0.04842974245548248
example_images/synthetic_nested_shapes/clean/2048/nested_star_square_oval_garnet_atlantic_grass_2048.png,garnet_atlantic_grass,2048,6,25,brute_180,180,smooth,60696,0.4285739064216614,0.37991562485694885,0.6200855374336243,0.8369372487068176,3.0000171661376953,20.999998092651367,0.049544185400009155
example_images/synthetic_nested_shapes/clean/2048/nested_star_square_oval_garnet_atlantic_grass_2048.png,garnet_atlantic_grass,2048,6,25,brute_180_vs_steerable,180,smooth,60696,0.19728940725326538,0.18929186463356018,0.44281142950057983,0.4667614698410034,0.4901958405971527,0.49999716877937317,0.049544185400009155
example_images/synthetic_nested_shapes/clean/2048/nested_star_square_oval_garnet_atlantic_grass_2048.png,garnet_atlantic_grass,2048,8,25,steerable_atan2,0,all,71295,1.4468023777008057,0.23370859026908875,1.8267545700073242,5.882146835327148,33.433528900146484,85.25514221191406,0.06111986190080643
example_images/synthetic_nested_shapes/clean/2048/nested_star_square_oval_garnet_atlantic_grass_2048.png,garnet_atlantic_grass,2048,8,25,steerable_atan2,0,smooth,60696,0.3607325851917267,0.17455914616584778,0.7812985181808472,0.9934578537940979,3.1760175228118896,22.7737979888916,0.062479011714458466
example_images/synthetic_nested_shapes/clean/2048/nested_star_square_oval_garnet_atlantic_grass_2048.png,garnet_atlantic_grass,2048,8,25,brute_16,16,all,71295,3.037646532058716,1.1299182176589966,5.62992000579834,7.870071887969971,33.74999237060547,90.0,0.06111986190080643
example_images/synthetic_nested_shapes/clean/2048/nested_star_square_oval_garnet_atlantic_grass_2048.png,garnet_atlantic_grass,2048,8,25,brute_16_vs_steerable,16,all,71295,2.1473615169525146,1.6436713933944702,5.098674774169922,5.440512180328369,5.573366165161133,5.6243672370910645,0.06111986190080643
example_images/synthetic_nested_shapes/clean/2048/nested_star_square_oval_garnet_atlantic_grass_2048.png,garnet_atlantic_grass,2048,8,25,brute_16,16,smooth,60696,2.1288254261016846,1.1299182176589966,5.620084762573242,5.62992000579834,6.131721496582031,22.500001907348633,0.062479011714458466
example_images/synthetic_nested_shapes/clean/2048/nested_star_square_oval_garnet_atlantic_grass_2048.png,garnet_atlantic_grass,2048,8,25,brute_16_vs_steerable,16,smooth,60696,2.0571069717407227,1.4438064098358154,5.109528064727783,5.445400714874268,5.573366165161133,5.6243672370910645,0.062479011714458466
example_images/synthetic_nested_shapes/clean/2048/nested_star_square_oval_garnet_atlantic_grass_2048.png,garnet_atlantic_grass,2048,8,25,brute_32,32,all,71295,2.1044633388519287,1.1200827360153198,3.3700835704803467,5.625002384185791,33.75,84.375,0.06111986190080643
example_images/synthetic_nested_shapes/clean/2048/nested_star_square_oval_garnet_atlantic_grass_2048.png,garnet_atlantic_grass,2048,8,25,brute_32_vs_steerable,32,all,71295,1.0488790273666382,0.9448883533477783,2.394486665725708,2.5780270099639893,2.764040946960449,2.8124327659606934,0.06111986190080643
example_images/synthetic_nested_shapes/clean/2048/nested_star_square_oval_garnet_atlantic_grass_2048.png,garnet_atlantic_grass,2048,8,25,brute_32,32,smooth,60696,1.0991318225860596,1.1200759410858154,2.2549185752868652,2.9279398918151855,5.624995708465576,22.500001907348633,0.062479011714458466
example_images/synthetic_nested_shapes/clean/2048/nested_star_square_oval_garnet_atlantic_grass_2048.png,garnet_atlantic_grass,2048,8,25,brute_32_vs_steerable,32,smooth,60696,0.9982165098190308,0.8595929741859436,2.382110357284546,2.560999870300293,2.7640273571014404,2.8121938705444336,0.062479011714458466
example_images/synthetic_nested_shapes/clean/2048/nested_star_square_oval_garnet_atlantic_grass_2048.png,garnet_atlantic_grass,2048,8,25,brute_64,64,all,71295,1.6984128952026367,0.5575893521308899,2.2549118995666504,5.625002384185791,33.75,84.375,0.06111986190080643
example_images/synthetic_nested_shapes/clean/2048/nested_star_square_oval_garnet_atlantic_grass_2048.png,garnet_atlantic_grass,2048,8,25,brute_64_vs_steerable,64,all,71295,0.5353801846504211,0.5059599280357361,1.2038003206253052,1.3134057521820068,1.3934541940689087,1.4061857461929321,0.06111986190080643
example_images/synthetic_nested_shapes/clean/2048/nested_star_square_oval_garnet_atlantic_grass_2048.png,garnet_atlantic_grass,2048,8,25,brute_64,64,smooth,60696,0.6406913995742798,0.5575824975967407,1.4362282752990723,1.682582974433899,2.8783304691314697,22.500001907348633,0.062479011714458466
example_images/synthetic_nested_shapes/clean/2048/nested_star_square_oval_garnet_atlantic_grass_2048.png,garnet_atlantic_grass,2048,8,25,brute_64_vs_steerable,64,smooth,60696,0.5082507133483887,0.44887661933898926,1.180936336517334,1.3056589365005493,1.393625020980835,1.405857801437378,0.062479011714458466
example_images/synthetic_nested_shapes/clean/2048/nested_star_square_oval_garnet_atlantic_grass_2048.png,garnet_atlantic_grass,2048,8,25,brute_180,180,all,71295,1.5436776876449585,0.37992244958877563,1.9058003425598145,6.0,33.379905700683594,85.00000762939453,0.06111986190080643
example_images/synthetic_nested_shapes/clean/2048/nested_star_square_oval_garnet_atlantic_grass_2048.png,garnet_atlantic_grass,2048,8,25,brute_180_vs_steerable,180,all,71295,0.20159940421581268,0.1962040215730667,0.43879592418670654,0.47151049971580505,0.4954482614994049,0.4999903440475464,0.06111986190080643
example_images/synthetic_nested_shapes/clean/2048/nested_star_square_oval_garnet_atlantic_grass_2048.png,garnet_atlantic_grass,2048,8,25,brute_180,180,smooth,60696,0.4685894250869751,0.37991562485694885,0.6856998205184937,1.1809874773025513,3.0000171661376953,23.00001335144043,0.062479011714458466
example_images/synthetic_nested_shapes/clean/2048/nested_star_square_oval_garnet_atlantic_grass_2048.png,garnet_atlantic_grass,2048,8,25,brute_180_vs_steerable,180,smooth,60696,0.19473259150981903,0.1868295818567276,0.4374462962150574,0.469295471906662,0.4954482614994049,0.49980592727661133,0.062479011714458466
example_images/synthetic_nested_shapes/clean/2048/nested_star_square_oval_dark_light_steps_2048.png,dark_light_steps,2048,2,25,steerable_atan2,0,all,71295,3.082974672317505,0.1563020497560501,9.19450855255127,24.906545639038086,45.0,88.2588119506836,0.0288388729095459
example_images/synthetic_nested_shapes/clean/2048/nested_star_square_oval_dark_light_steps_2048.png,dark_light_steps,2048,2,25,steerable_atan2,0,smooth,60696,0.6301972270011902,0.11753048002719879,0.3758072555065155,0.555538535118103,16.950664520263672,70.7687759399414,0.029816091060638428
example_images/synthetic_nested_shapes/clean/2048/nested_star_square_oval_dark_light_steps_2048.png,dark_light_steps,2048,2,25,brute_16,16,all,71295,4.719732284545898,2.162437915802002,10.129915237426758,23.629913330078125,45.0,88.87992095947266,0.0288388729095459
example_images/synthetic_nested_shapes/clean/2048/nested_star_square_oval_dark_light_steps_2048.png,dark_light_steps,2048,2,25,brute_16_vs_steerable,16,all,71295,2.184779405593872,1.4480957984924316,5.2904133796691895,5.529338836669922,5.612229824066162,5.624988555908203,0.0288388729095459
example_images/synthetic_nested_shapes/clean/2048/nested_star_square_oval_dark_light_steps_2048.png,dark_light_steps,2048,2,25,brute_16,16,smooth,60696,2.4866693019866943,1.1299182176589966,5.620084762573242,5.62992000579834,17.541702270507812,67.50000762939453,0.029816091060638428
example_images/synthetic_nested_shapes/clean/2048/nested_star_square_oval_dark_light_steps_2048.png,dark_light_steps,2048,2,25,brute_16_vs_steerable,16,smooth,60696,2.0877554416656494,1.068108320236206,5.318436145782471,5.542172431945801,5.6142377853393555,5.624319553375244,0.029816091060638428
example_images/synthetic_nested_shapes/clean/2048/nested_star_square_oval_dark_light_steps_2048.png,dark_light_steps,2048,2,25,brute_32,32,all,71295,3.787202835083008,1.1299182176589966,9.004921913146973,24.754907608032227,45.0,88.87992095947266,0.0288388729095459
example_images/synthetic_nested_shapes/clean/2048/nested_star_square_oval_dark_light_steps_2048.png,dark_light_steps,2048,2,25,brute_32_vs_steerable,32,all,71295,0.9886374473571777,0.914446234703064,2.1723008155822754,2.376603841781616,2.723515748977661,2.812248468399048,0.0288388729095459
example_images/synthetic_nested_shapes/clean/2048/nested_star_square_oval_dark_light_steps_2048.png,dark_light_steps,2048,2,25,brute_32,32,smooth,60696,1.4344929456710815,1.1200827360153198,2.2549185752868652,2.552687644958496,16.875,73.125,0.029816091060638428
example_images/synthetic_nested_shapes/clean/2048/nested_star_square_oval_dark_light_steps_2048.png,dark_light_steps,2048,2,25,brute_32_vs_steerable,32,smooth,60696,0.9273706674575806,0.884769082069397,2.137576103210449,2.274644374847412,2.6847567558288574,2.812248468399048,0.029816091060638428
example_images/synthetic_nested_shapes/clean/2048/nested_star_square_oval_dark_light_steps_2048.png,dark_light_steps,2048,2,25,brute_64,64,all,71295,3.382934331893921,0.5674111247062683,9.004921913146973,25.312496185302734,45.0,88.3075942993164,0.0288388729095459
example_images/synthetic_nested_shapes/clean/2048/nested_star_square_oval_dark_light_steps_2048.png,dark_light_steps,2048,2,25,brute_64_vs_steerable,64,all,71295,0.5435678362846375,0.6416553258895874,1.0671077966690063,1.1878396272659302,1.3613190650939941,1.4060081243515015,0.0288388729095459
example_images/synthetic_nested_shapes/clean/2048/nested_star_square_oval_dark_light_steps_2048.png,dark_light_steps,2048,2,25,brute_64,64,smooth,60696,0.9745413661003113,0.5575893521308899,1.1299182176589966,1.4020329713821411,16.875,70.3125,0.029816091060638428
example_images/synthetic_nested_shapes/clean/2048/nested_star_square_oval_dark_light_steps_2048.png,dark_light_steps,2048,2,25,brute_64_vs_steerable,64,smooth,60696,0.519619882106781,0.6250647902488708,1.0381819009780884,1.1398903131484985,1.3374193906784058,1.405892014503479,0.029816091060638428
example_images/synthetic_nested_shapes/clean/2048/nested_star_square_oval_dark_light_steps_2048.png,dark_light_steps,2048,2,25,brute_180,180,all,71295,3.222132444381714,0.37991562485694885,9.379912376403809,25.000001907348633,45.0,88.62010192871094,0.0288388729095459
example_images/synthetic_nested_shapes/clean/2048/nested_star_square_oval_dark_light_steps_2048.png,dark_light_steps,2048,2,25,brute_180_vs_steerable,180,all,71295,0.21639414131641388,0.21034933626651764,0.4573153257369995,0.4815283417701721,0.4948817789554596,0.49996984004974365,0.0288388729095459
example_images/synthetic_nested_shapes/clean/2048/nested_star_square_oval_dark_light_steps_2048.png,dark_light_steps,2048,2,25,brute_180,180,smooth,60696,0.7915647029876709,0.37991562485694885,0.6200855374336243,0.722990870475769,17.0,71.00001525878906,0.029816091060638428
example_images/synthetic_nested_shapes/clean/2048/nested_star_square_oval_dark_light_steps_2048.png,dark_light_steps,2048,2,25,brute_180_vs_steerable,180,smooth,60696,0.2108777016401291,0.19628597795963287,0.45921069383621216,0.4827714264392853,0.49542778730392456,0.499915212392807,0.029816091060638428
example_images/synthetic_nested_shapes/clean/2048/nested_star_square_oval_dark_light_steps_2048.png,dark_light_steps,2048,4,25,steerable_atan2,0,all,71295,1.8687750101089478,0.12434359639883041,3.2588391304016113,10.094017028808594,39.90623092651367,86.46353149414062,0.05228586494922638
example_images/synthetic_nested_shapes/clean/2048/nested_star_square_oval_dark_light_steps_2048.png,dark_light_steps,2048,4,25,steerable_atan2,0,smooth,60696,0.23652096092700958,0.08783282339572906,0.4125775694847107,0.5807470679283142,3.6695587635040283,16.801015853881836,0.053646426647901535
example_images/synthetic_nested_shapes/clean/2048/nested_star_square_oval_dark_light_steps_2048.png,dark_light_steps,2048,4,25,brute_16,16,all,71295,3.512143611907959,1.1299182176589966,5.62992000579834,11.249998092651367,39.37992858886719,86.62992095947266,0.05228586494922638
example_images/synthetic_nested_shapes/clean/2048/nested_star_square_oval_dark_light_steps_2048.png,dark_light_steps,2048,4,25,brute_16_vs_steerable,16,all,71295,2.1746268272399902,1.5796246528625488,5.203248023986816,5.491583347320557,5.603542804718018,5.624934196472168,0.05228586494922638
example_images/synthetic_nested_shapes/clean/2048/nested_star_square_oval_dark_light_steps_2048.png,dark_light_steps,2048,4,25,brute_16,16,smooth,60696,2.101738691329956,1.1299182176589966,5.620084762573242,5.62992000579834,5.695683002471924,15.0704984664917,0.053646426647901535
example_images/synthetic_nested_shapes/clean/2048/nested_star_square_oval_dark_light_steps_2048.png,dark_light_steps,2048,4,25,brute_16_vs_steerable,16,smooth,60696,2.0790815353393555,1.3558062314987183,5.220306873321533,5.504196643829346,5.606766223907471,5.624749660491943,0.053646426647901535
example_images/synthetic_nested_shapes/clean/2048/nested_star_square_oval_dark_light_steps_2048.png,dark_light_steps,2048,4,25,brute_32,32,all,71295,2.6074283123016357,1.1200827360153198,3.3799190521240234,11.249998092651367,39.37991714477539,86.62992095947266,0.05228586494922638
example_images/synthetic_nested_shapes/clean/2048/nested_star_square_oval_dark_light_steps_2048.png,dark_light_steps,2048,4,25,brute_32_vs_steerable,32,all,71295,1.0638772249221802,1.007029414176941,2.340733289718628,2.4537339210510254,2.720184326171875,2.8120572566986084,0.05228586494922638
example_images/synthetic_nested_shapes/clean/2048/nested_star_square_oval_dark_light_steps_2048.png,dark_light_steps,2048,4,25,brute_32,32,smooth,60696,1.0587893724441528,1.1200759410858154,2.2549185752868652,2.334150552749634,5.624995708465576,16.875,0.053646426647901535
example_images/synthetic_nested_shapes/clean/2048/nested_star_square_oval_dark_light_steps_2048.png,dark_light_steps,2048,4,25,brute_32_vs_steerable,32,smooth,60696,1.0099931955337524,0.9513941407203674,2.325324296951294,2.4119856357574463,2.6805624961853027,2.8120572566986084,0.053646426647901535
example_images/synthetic_nested_shapes/clean/2048/nested_star_square_oval_dark_light_steps_2048.png,dark_light_steps,2048,4,25,brute_64,64,all,71295,2.192612886428833,0.5674111247062683,2.8125011920928955,10.129915237426758,39.94243621826172,86.62992095947266,0.05228586494922638
example_images/synthetic_nested_shapes/clean/2048/nested_star_square_oval_dark_light_steps_2048.png,dark_light_steps,2048,4,25,brute_64_vs_steerable,64,all,71295,0.5394110679626465,0.5027565956115723,1.2137041091918945,1.3158742189407349,1.3879832029342651,1.406233549118042,0.05228586494922638
example_images/synthetic_nested_shapes/clean/2048/nested_star_square_oval_dark_light_steps_2048.png,dark_light_steps,2048,4,25,brute_64,64,smooth,60696,0.6031994819641113,0.5575824975967407,1.1299182176589966,1.682582974433899,3.161503314971924,16.875,0.053646426647901535
example_images/synthetic_nested_shapes/clean/2048/nested_star_square_oval_dark_light_steps_2048.png,dark_light_steps,2048,4,25,brute_64_vs_steerable,64,smooth,60696,0.5155864357948303,0.4799710512161255,1.1992685794830322,1.3096699714660645,1.3879832029342651,1.406233549118042,0.053646426647901535
example_images/synthetic_nested_shapes/clean/2048/nested_star_square_oval_dark_light_steps_2048.png,dark_light_steps,2048,4,25,brute_180,180,all,71295,2.0203194618225098,0.37991562485694885,3.224039316177368,10.379913330078125,40.0,86.37991333007812,0.05228586494922638
example_images/synthetic_nested_shapes/clean/2048/nested_star_square_oval_dark_light_steps_2048.png,dark_light_steps,2048,4,25,brute_180_vs_steerable,180,all,71295,0.2311142235994339,0.2577098608016968,0.4488062560558319,0.4736531376838684,0.4958922266960144,0.49996301531791687,0.05228586494922638
example_images/synthetic_nested_shapes/clean/2048/nested_star_square_oval_dark_light_steps_2048.png,dark_light_steps,2048,4,25,brute_180,180,smooth,60696,0.4100724756717682,0.37991562485694885,0.6200855374336243,0.7430460453033447,3.9911928176879883,17.000019073486328,0.053646426647901535
example_images/synthetic_nested_shapes/clean/2048/nested_star_square_oval_dark_light_steps_2048.png,dark_light_steps,2048,4,25,brute_180_vs_steerable,180,smooth,60696,0.22819212079048157,0.2599262595176697,0.4475003480911255,0.47295302152633667,0.4958922266960144,0.49992886185646057,0.053646426647901535
example_images/synthetic_nested_shapes/clean/2048/nested_star_square_oval_dark_light_steps_2048.png,dark_light_steps,2048,6,25,steerable_atan2,0,all,71295,1.5047907829284668,0.1548062413930893,1.9554599523544312,5.8853759765625,36.558921813964844,71.9930191040039,0.07347575575113297
example_images/synthetic_nested_shapes/clean/2048/nested_star_square_oval_dark_light_steps_2048.png,dark_light_steps,2048,6,25,steerable_atan2,0,smooth,60696,0.23676764965057373,0.12139295041561127,0.5185137987136841,0.7667484879493713,2.6227519512176514,5.980745792388916,0.07532290369272232
example_images/synthetic_nested_shapes/clean/2048/nested_star_square_oval_dark_light_steps_2048.png,dark_light_steps,2048,6,25,brute_16,16,all,71295,3.1496334075927734,1.1299182176589966,5.62992000579834,7.870085716247559,37.12991714477539,68.62992858886719,0.07347575575113297
example_images/synthetic_nested_shapes/clean/2048/nested_star_square_oval_dark_light_steps_2048.png,dark_light_steps,2048,6,25,brute_16_vs_steerable,16,all,71295,2.207089900970459,1.5453029870986938,5.237054347991943,5.505720138549805,5.589184761047363,5.624783992767334,0.07347575575113297
example_images/synthetic_nested_shapes/clean/2048/nested_star_square_oval_dark_light_steps_2048.png,dark_light_steps,2048,6,25,brute_16,16,smooth,60696,2.064160108566284,1.1299182176589966,5.620084762573242,5.62992000579834,5.62992000579834,10.969051361083984,0.07532290369272232
example_images/synthetic_nested_shapes/clean/2048/nested_star_square_oval_dark_light_steps_2048.png,dark_light_steps,2048,6,25,brute_16_vs_steerable,16,smooth,60696,2.1157732009887695,1.4495779275894165,5.303928852081299,5.520650863647461,5.590489387512207,5.624783992767334,0.07532290369272232
example_images/synthetic_nested_shapes/clean/2048/nested_star_square_oval_dark_light_steps_2048.png,dark_light_steps,2048,6,25,brute_32,32,all,71295,2.1994800567626953,1.1200827360153198,2.748074769973755,5.62992000579834,37.129920959472656,73.125,0.07347575575113297
example_images/synthetic_nested_shapes/clean/2048/nested_star_square_oval_dark_light_steps_2048.png,dark_light_steps,2048,6,25,brute_32_vs_steerable,32,all,71295,1.0530040264129639,1.0885546207427979,2.2798898220062256,2.4252853393554688,2.716093063354492,2.8124260902404785,0.07347575575113297
example_images/synthetic_nested_shapes/clean/2048/nested_star_square_oval_dark_light_steps_2048.png,dark_light_steps,2048,6,25,brute_32,32,smooth,60696,1.0165858268737793,1.1200759410858154,2.2549185752868652,2.2605466842651367,3.423708438873291,8.057806015014648,0.07532290369272232
example_images/synthetic_nested_shapes/clean/2048/nested_star_square_oval_dark_light_steps_2048.png,dark_light_steps,2048,6,25,brute_32_vs_steerable,32,smooth,60696,1.0028975009918213,1.0332368612289429,2.260014057159424,2.400930881500244,2.6613152027130127,2.8124260902404785,0.07532290369272232
example_images/synthetic_nested_shapes/clean/2048/nested_star_square_oval_dark_light_steps_2048.png,dark_light_steps,2048,6,25,brute_64,64,all,71295,1.8185880184173584,0.5575893521308899,2.4058728218078613,5.62992000579834,36.567413330078125,73.125,0.07347575575113297
example_images/synthetic_nested_shapes/clean/2048/nested_star_square_oval_dark_light_steps_2048.png,dark_light_steps,2048,6,25,brute_64_vs_steerable,64,all,71295,0.5759049654006958,0.564508318901062,1.284724473953247,1.3478217124938965,1.3915684223175049,1.405892014503479,0.07347575575113297
example_images/synthetic_nested_shapes/clean/2048/nested_star_square_oval_dark_light_steps_2048.png,dark_light_steps,2048,6,25,brute_64,64,smooth,60696,0.5849319696426392,0.5575824975967407,1.291117548942566,1.6924184560775757,2.8124876022338867,6.546886444091797,0.07532290369272232
example_images/synthetic_nested_shapes/clean/2048/nested_star_square_oval_dark_light_steps_2048.png,dark_light_steps,2048,6,25,brute_64_vs_steerable,64,smooth,60696,0.5558387041091919,0.5373856425285339,1.2874633073806763,1.3485320806503296,1.390933871269226,1.405892014503479,0.07532290369272232
example_images/synthetic_nested_shapes/clean/2048/nested_star_square_oval_dark_light_steps_2048.png,dark_light_steps,2048,6,25,brute_180,180,all,71295,1.626848578453064,0.37991562485694885,2.000002384185791,5.620091438293457,36.37992477416992,72.00000762939453,0.07347575575113297
example_images/synthetic_nested_shapes/clean/2048/nested_star_square_oval_dark_light_steps_2048.png,dark_light_steps,2048,6,25,brute_180_vs_steerable,180,all,71295,0.2039446085691452,0.20090319216251373,0.4432382881641388,0.4684068560600281,0.4924907982349396,0.49999716877937317,0.07347575575113297
example_images/synthetic_nested_shapes/clean/2048/nested_star_square_oval_dark_light_steps_2048.png,dark_light_steps,2048,6,25,brute_180,180,smooth,60696,0.37339556217193604,0.37991562485694885,0.6200855374336243,0.8458779454231262,2.6977813243865967,5.859386920928955,0.07532290369272232
example_images/synthetic_nested_shapes/clean/2048/nested_star_square_oval_dark_light_steps_2048.png,dark_light_steps,2048,6,25,brute_180_vs_steerable,180,smooth,60696,0.1969180554151535,0.18886838853359222,0.44273287057876587,0.4667614698410034,0.49001142382621765,0.49999716877937317,0.07532290369272232
example_images/synthetic_nested_shapes/clean/2048/nested_star_square_oval_dark_light_steps_2048.png,dark_light_steps,2048,8,25,steerable_atan2,0,all,71295,1.3976093530654907,0.23336024582386017,1.714672565460205,5.24091100692749,33.35470199584961,78.77678680419922,0.09281940013170242
example_images/synthetic_nested_shapes/clean/2048/nested_star_square_oval_dark_light_steps_2048.png,dark_light_steps,2048,8,25,steerable_atan2,0,smooth,60696,0.30848246812820435,0.1743474155664444,0.7713264226913452,0.9869008660316467,2.157231330871582,5.430000305175781,0.09509367495775223
example_images/synthetic_nested_shapes/clean/2048/nested_star_square_oval_dark_light_steps_2048.png,dark_light_steps,2048,8,25,brute_16,16,all,71295,2.980717182159424,1.1299182176589966,5.62992000579834,6.1703200340271,33.74999237060547,78.75001525878906,0.09281940013170242
example_images/synthetic_nested_shapes/clean/2048/nested_star_square_oval_dark_light_steps_2048.png,dark_light_steps,2048,8,25,brute_16_vs_steerable,16,all,71295,2.132344961166382,1.6319985389709473,5.098668098449707,5.440505504608154,5.573352336883545,5.624360084533691,0.09281940013170242
example_images/synthetic_nested_shapes/clean/2048/nested_star_square_oval_dark_light_steps_2048.png,dark_light_steps,2048,8,25,brute_16,16,smooth,60696,2.0681827068328857,1.1299182176589966,5.620084762573242,5.62992000579834,5.795989513397217,9.359395027160645,0.09509367495775223
example_images/synthetic_nested_shapes/clean/2048/nested_star_square_oval_dark_light_steps_2048.png,dark_light_steps,2048,8,25,brute_16_vs_steerable,16,smooth,60696,2.0391199588775635,1.4340870380401611,5.100863933563232,5.445382118225098,5.573352336883545,5.624360084533691,0.09509367495775223
example_images/synthetic_nested_shapes/clean/2048/nested_star_square_oval_dark_light_steps_2048.png,dark_light_steps,2048,8,25,brute_32,32,all,71295,2.045109510421753,1.1200827360153198,3.3700835704803467,5.625002384185791,33.75,78.75001525878906,0.09281940013170242
example_images/synthetic_nested_shapes/clean/2048/nested_star_square_oval_dark_light_steps_2048.png,dark_light_steps,2048,8,25,brute_32_vs_steerable,32,all,71295,1.0495344400405884,0.944908857345581,2.3988990783691406,2.5803656578063965,2.764040946960449,2.812398672103882,0.09281940013170242
example_images/synthetic_nested_shapes/clean/2048/nested_star_square_oval_dark_light_steps_2048.png,dark_light_steps,2048,8,25,brute_32,32,smooth,60696,1.0345280170440674,1.1200759410858154,2.2549185752868652,2.7416038513183594,3.3799190521240234,7.749013423919678,0.09509367495775223
example_images/synthetic_nested_shapes/clean/2048/nested_star_square_oval_dark_light_steps_2048.png,dark_light_steps,2048,8,25,brute_32_vs_steerable,32,smooth,60696,0.998916745185852,0.8623796701431274,2.386270046234131,2.5610203742980957,2.764040946960449,2.8121800422668457,0.09509367495775223
example_images/synthetic_nested_shapes/clean/2048/nested_star_square_oval_dark_light_steps_2048.png,dark_light_steps,2048,8,25,brute_64,64,all,71295,1.6508533954620361,0.5575893521308899,2.2450830936431885,5.625002384185791,33.74999237060547,78.75001525878906,0.09281940013170242
example_images/synthetic_nested_shapes/clean/2048/nested_star_square_oval_dark_light_steps_2048.png,dark_light_steps,2048,8,25,brute_64_vs_steerable,64,all,71295,0.5345482230186462,0.5017115473747253,1.2037935256958008,1.3141919374465942,1.3936113119125366,1.4061925411224365,0.09281940013170242
example_images/synthetic_nested_shapes/clean/2048/nested_star_square_oval_dark_light_steps_2048.png,dark_light_steps,2048,8,25,brute_64,64,smooth,60696,0.5892233848571777,0.5575824975967407,1.3960360288619995,1.682582974433899,2.8124876022338867,5.625002384185791,0.09509367495775223
example_images/synthetic_nested_shapes/clean/2048/nested_star_square_oval_dark_light_steps_2048.png,dark_light_steps,2048,8,25,brute_64_vs_steerable,64,smooth,60696,0.5069162845611572,0.44273287057876587,1.182626724243164,1.3062258958816528,1.393618106842041,1.4058442115783691,0.09509367495775223
example_images/synthetic_nested_shapes/clean/2048/nested_star_square_oval_dark_light_steps_2048.png,dark_light_steps,2048,8,25,brute_180,180,all,71295,1.4933494329452515,0.37992244958877563,1.726904034614563,5.3799147605896,33.379905700683594,79.00000762939453,0.09281940013170242
example_images/synthetic_nested_shapes/clean/2048/nested_star_square_oval_dark_light_steps_2048.png,dark_light_steps,2048,8,25,brute_180_vs_steerable,180,all,71295,0.2016710340976715,0.19621767103672028,0.43898993730545044,0.47131651639938354,0.49543461203575134,0.4999903440475464,0.09281940013170242
example_images/synthetic_nested_shapes/clean/2048/nested_star_square_oval_dark_light_steps_2048.png,dark_light_steps,2048,8,25,brute_180,180,smooth,60696,0.4157070517539978,0.37991562485694885,0.6736205816268921,1.1394786834716797,2.091430187225342,5.421476364135742,0.09509367495775223
example_images/synthetic_nested_shapes/clean/2048/nested_star_square_oval_dark_light_steps_2048.png,dark_light_steps,2048,8,25,brute_180_vs_steerable,180,smooth,60696,0.19493873417377472,0.18753309547901154,0.4381566345691681,0.46946966648101807,0.4952443838119507,0.49982643127441406,0.09509367495775223
example_images/synthetic_nested_shapes/clean/2048/nested_star_square_oval_low_contrast_gray_2048.png,low_contrast_gray,2048,2,25,steerable_atan2,0,all,71295,3.021171808242798,0.15604250133037567,9.33634090423584,24.431703567504883,43.70965576171875,89.79048919677734,0.005965688265860081
example_images/synthetic_nested_shapes/clean/2048/nested_star_square_oval_low_contrast_gray_2048.png,low_contrast_gray,2048,2,25,steerable_atan2,0,smooth,60696,0.5650732517242432,0.11731532961130142,0.3757423758506775,0.5602736473083496,16.187345504760742,37.46040344238281,0.005935985594987869
example_images/synthetic_nested_shapes/clean/2048/nested_star_square_oval_low_contrast_gray_2048.png,low_contrast_gray,2048,2,25,brute_16,16,all,71295,4.662453651428223,2.1463117599487305,10.129928588867188,23.269853591918945,45.0,88.87992095947266,0.005965688265860081
example_images/synthetic_nested_shapes/clean/2048/nested_star_square_oval_low_contrast_gray_2048.png,low_contrast_gray,2048,2,25,brute_16_vs_steerable,16,all,71295,2.1846277713775635,1.4444825649261475,5.2952165603637695,5.529277324676514,5.612325668334961,5.624838352203369,0.005965688265860081
example_images/synthetic_nested_shapes/clean/2048/nested_star_square_oval_low_contrast_gray_2048.png,low_contrast_gray,2048,2,25,brute_16,16,smooth,60696,2.4233925342559814,1.1299182176589966,5.620084762573242,5.62992000579834,16.207088470458984,41.890655517578125,0.005935985594987869
example_images/synthetic_nested_shapes/clean/2048/nested_star_square_oval_low_contrast_gray_2048.png,low_contrast_gray,2048,2,25,brute_16_vs_steerable,16,smooth,60696,2.086899757385254,1.0674561262130737,5.3191704750061035,5.542151927947998,5.614128589630127,5.624168872833252,0.005935985594987869
example_images/synthetic_nested_shapes/clean/2048/nested_star_square_oval_low_contrast_gray_2048.png,low_contrast_gray,2048,2,25,brute_32,32,all,71295,3.7247090339660645,1.1299182176589966,9.841714859008789,23.629926681518555,45.0,89.99508666992188,0.005965688265860081
example_images/synthetic_nested_shapes/clean/2048/nested_star_square_oval_low_contrast_gray_2048.png,low_contrast_gray,2048,2,25,brute_32_vs_steerable,32,all,71295,0.988077700138092,0.9138793349266052,2.1724510192871094,2.379485607147217,2.7225708961486816,2.811859130859375,0.005965688265860081
example_images/synthetic_nested_shapes/clean/2048/nested_star_square_oval_low_contrast_gray_2048.png,low_contrast_gray,2048,2,25,brute_32,32,smooth,60696,1.3674066066741943,1.1200827360153198,2.2549185752868652,2.560330629348755,16.875,37.57049560546875,0.005935985594987869
example_images/synthetic_nested_shapes/clean/2048/nested_star_square_oval_low_contrast_gray_2048.png,low_contrast_gray,2048,2,25,brute_32_vs_steerable,32,smooth,60696,0.9270208477973938,0.8844206929206848,2.1365787982940674,2.274876594543457,2.6901917457580566,2.811859130859375,0.005935985594987869
example_images/synthetic_nested_shapes/clean/2048/nested_star_square_oval_low_contrast_gray_2048.png,low_contrast_gray,2048,2,25,brute_64,64,all,71295,3.321869134902954,0.5674111247062683,9.004921913146973,24.198196411132812,43.87991714477539,89.44241333007812,0.005965688265860081
example_images/synthetic_nested_shapes/clean/2048/nested_star_square_oval_low_contrast_gray_2048.png,low_contrast_gray,2048,2,25,brute_64_vs_steerable,64,all,71295,0.5429822206497192,0.6417918801307678,1.0673017501831055,1.1882705688476562,1.3621796369552612,1.4060218334197998,0.005965688265860081
example_images/synthetic_nested_shapes/clean/2048/nested_star_square_oval_low_contrast_gray_2048.png,low_contrast_gray,2048,2,25,brute_64,64,smooth,60696,0.9109134674072266,0.5575893521308899,1.1299182176589966,1.4097014665603638,16.875,37.57049560546875,0.005935985594987869
example_images/synthetic_nested_shapes/clean/2048/nested_star_square_oval_low_contrast_gray_2048.png,low_contrast_gray,2048,2,25,brute_64_vs_steerable,64,smooth,60696,0.5193725824356079,0.6250989437103271,1.038663387298584,1.1402181386947632,1.339843988418579,1.4059330224990845,0.005935985594987869
example_images/synthetic_nested_shapes/clean/2048/nested_star_square_oval_low_contrast_gray_2048.png,low_contrast_gray,2048,2,25,brute_180,180,all,71295,3.16013240814209,0.37991562485694885,9.379912376403809,24.37991714477539,43.37993240356445,89.6200942993164,0.005965688265860081
example_images/synthetic_nested_shapes/clean/2048/nested_star_square_oval_low_contrast_gray_2048.png,low_contrast_gray,2048,2,25,brute_180_vs_steerable,180,all,71295,0.21630078554153442,0.21055424213409424,0.4574901759624481,0.48185619711875916,0.4952433705329895,0.4999220371246338,0.005965688265860081
example_images/synthetic_nested_shapes/clean/2048/nested_star_square_oval_low_contrast_gray_2048.png,low_contrast_gray,2048,2,25,brute_180,180,smooth,60696,0.7262890934944153,0.37991562485694885,0.6200855374336243,0.7287197113037109,16.19705581665039,37.64066696166992,0.005935985594987869
example_images/synthetic_nested_shapes/clean/2048/nested_star_square_oval_low_contrast_gray_2048.png,low_contrast_gray,2048,2,25,brute_180_vs_steerable,180,smooth,60696,0.21087436378002167,0.19684264063835144,0.45931997895240784,0.4830719530582428,0.4953266978263855,0.49976494908332825,0.005935985594987869
example_images/synthetic_nested_shapes/clean/2048/nested_star_square_oval_low_contrast_gray_2048.png,low_contrast_gray,2048,4,25,steerable_atan2,0,all,71295,1.8638044595718384,0.12424114346504211,3.2300784587860107,10.049270629882812,39.90498733520508,86.74954223632812,0.010989862494170666
example_images/synthetic_nested_shapes/clean/2048/nested_star_square_oval_low_contrast_gray_2048.png,low_contrast_gray,2048,4,25,steerable_atan2,0,smooth,60696,0.23278750479221344,0.08772695064544678,0.412468284368515,0.5800913572311401,3.5459678173065186,13.891963005065918,0.010819317772984505
example_images/synthetic_nested_shapes/clean/2048/nested_star_square_oval_low_contrast_gray_2048.png,low_contrast_gray,2048,4,25,brute_16,16,all,71295,3.506171464920044,1.1299182176589966,5.62992000579834,11.249998092651367,39.37992858886719,88.87992095947266,0.010989862494170666
example_images/synthetic_nested_shapes/clean/2048/nested_star_square_oval_low_contrast_gray_2048.png,low_contrast_gray,2048,4,25,brute_16_vs_steerable,16,all,71295,2.170478343963623,1.5753353834152222,5.195091247558594,5.489090442657471,5.604517936706543,5.624988555908203,0.010989862494170666
example_images/synthetic_nested_shapes/clean/2048/nested_star_square_oval_low_contrast_gray_2048.png,low_contrast_gray,2048,4,25,brute_16,16,smooth,60696,2.0983941555023193,1.1299182176589966,5.620084762573242,5.62992000579834,5.687867641448975,19.390661239624023,0.010819317772984505
example_images/synthetic_nested_shapes/clean/2048/nested_star_square_oval_low_contrast_gray_2048.png,low_contrast_gray,2048,4,25,brute_16_vs_steerable,16,smooth,60696,2.0735371112823486,1.3557789325714111,5.220320701599121,5.504148960113525,5.607750415802002,5.624701976776123,0.010819317772984505
example_images/synthetic_nested_shapes/clean/2048/nested_star_square_oval_low_contrast_gray_2048.png,low_contrast_gray,2048,4,25,brute_32,32,all,71295,2.5997283458709717,1.1200827360153198,3.3799190521240234,10.760987281799316,39.37991714477539,88.87992095947266,0.010989862494170666
example_images/synthetic_nested_shapes/clean/2048/nested_star_square_oval_low_contrast_gray_2048.png,low_contrast_gray,2048,4,25,brute_32_vs_steerable,32,all,71295,1.0652097463607788,1.0043178796768188,2.3409695625305176,2.4576292037963867,2.7226431369781494,2.8118181228637695,0.010989862494170666
example_images/synthetic_nested_shapes/clean/2048/nested_star_square_oval_low_contrast_gray_2048.png,low_contrast_gray,2048,4,25,brute_32,32,smooth,60696,1.051895260810852,1.1200759410858154,2.2549185752868652,2.3297622203826904,5.574336051940918,15.150465965270996,0.010819317772984505
example_images/synthetic_nested_shapes/clean/2048/nested_star_square_oval_low_contrast_gray_2048.png,low_contrast_gray,2048,4,25,brute_32_vs_steerable,32,smooth,60696,1.0110962390899658,0.9473813772201538,2.3274142742156982,2.4174704551696777,2.685514450073242,2.811647415161133,0.010819317772984505
example_images/synthetic_nested_shapes/clean/2048/nested_star_square_oval_low_contrast_gray_2048.png,low_contrast_gray,2048,4,25,brute_64,64,all,71295,2.1875112056732178,0.5674111247062683,2.8125011920928955,10.129915237426758,39.94243621826172,86.06741333007812,0.010989862494170666
example_images/synthetic_nested_shapes/clean/2048/nested_star_square_oval_low_contrast_gray_2048.png,low_contrast_gray,2048,4,25,brute_64_vs_steerable,64,all,71295,0.5388348698616028,0.5027702450752258,1.2125334739685059,1.3149889707565308,1.3879832029342651,1.4061857461929321,0.010989862494170666
example_images/synthetic_nested_shapes/clean/2048/nested_star_square_oval_low_contrast_gray_2048.png,low_contrast_gray,2048,4,25,brute_64,64,smooth,60696,0.5991972088813782,0.5575824975967407,1.1299182176589966,1.682582974433899,3.067629337310791,13.899927139282227,0.010819317772984505
example_images/synthetic_nested_shapes/clean/2048/nested_star_square_oval_low_contrast_gray_2048.png,low_contrast_gray,2048,4,25,brute_64_vs_steerable,64,smooth,60696,0.5144829154014587,0.47971150279045105,1.1949586868286133,1.3086847066879272,1.3879696130752563,1.406124234199524,0.010819317772984505
example_images/synthetic_nested_shapes/clean/2048/nested_star_square_oval_low_contrast_gray_2048.png,low_contrast_gray,2048,4,25,brute_180,180,all,71295,2.0149195194244385,0.37991562485694885,3.0000171661376953,10.379913330078125,40.0,86.37991333007812,0.010989862494170666
example_images/synthetic_nested_shapes/clean/2048/nested_star_square_oval_low_contrast_gray_2048.png,low_contrast_gray,2048,4,25,brute_180_vs_steerable,180,all,71295,0.23130188882350922,0.257559597492218,0.4492078721523285,0.47398099303245544,0.49587857723236084,0.4999903440475464,0.010989862494170666
example_images/synthetic_nested_shapes/clean/2048/nested_star_square_oval_low_contrast_gray_2048.png,low_contrast_gray,2048,4,25,brute_180,180,smooth,60696,0.4061417579650879,0.37991562485694885,0.6200855374336243,0.739607036113739,3.6095235347747803,13.640666961669922,0.010819317772984505
example_images/synthetic_nested_shapes/clean/2048/nested_star_square_oval_low_contrast_gray_2048.png,low_contrast_gray,2048,4,25,brute_180_vs_steerable,180,smooth,60696,0.22845779359340668,0.25993311405181885,0.44877755641937256,0.4735814332962036,0.49587857723236084,0.49993571639060974,0.010819317772984505
example_images/synthetic_nested_shapes/clean/2048/nested_star_square_oval_low_contrast_gray_2048.png,low_contrast_gray,2048,6,25,steerable_atan2,0,all,71295,1.503658652305603,0.15481306612491608,1.9553998708724976,5.886846542358398,36.54037857055664,71.99303436279297,0.015482484363019466
example_images/synthetic_nested_shapes/clean/2048/nested_star_square_oval_low_contrast_gray_2048.png,low_contrast_gray,2048,6,25,steerable_atan2,0,smooth,60696,0.236014723777771,0.1212119534611702,0.5179845094680786,0.7663882374763489,2.4726474285125732,6.690061092376709,0.015234210528433323
example_images/synthetic_nested_shapes/clean/2048/nested_star_square_oval_low_contrast_gray_2048.png,low_contrast_gray,2048,6,25,brute_16,16,all,71295,3.1493027210235596,1.1299182176589966,5.62992000579834,7.870085716247559,37.12991714477539,68.62992858886719,0.015482484363019466
example_images/synthetic_nested_shapes/clean/2048/nested_star_square_oval_low_contrast_gray_2048.png,low_contrast_gray,2048,6,25,brute_16_vs_steerable,16,all,71295,2.2029473781585693,1.5433769226074219,5.240026950836182,5.505665302276611,5.589252948760986,5.624804496765137,0.015482484363019466
example_images/synthetic_nested_shapes/clean/2048/nested_star_square_oval_low_contrast_gray_2048.png,low_contrast_gray,2048,6,25,brute_16,16,smooth,60696,2.0651426315307617,1.1299182176589966,5.620084762573242,5.62992000579834,5.62992000579834,12.099967002868652,0.015234210528433323
example_images/synthetic_nested_shapes/clean/2048/nested_star_square_oval_low_contrast_gray_2048.png,low_contrast_gray,2048,6,25,brute_16_vs_steerable,16,smooth,60696,2.1107568740844727,1.445151925086975,5.306155204772949,5.520725727081299,5.589287281036377,5.624804496765137,0.015234210528433323
example_images/synthetic_nested_shapes/clean/2048/nested_star_square_oval_low_contrast_gray_2048.png,low_contrast_gray,2048,6,25,brute_32,32,all,71295,2.1948440074920654,1.1200827360153198,2.7308871746063232,5.62992000579834,37.129920959472656,73.125,0.015482484363019466
example_images/synthetic_nested_shapes/clean/2048/nested_star_square_oval_low_contrast_gray_2048.png,low_contrast_gray,2048,6,25,brute_32_vs_steerable,32,all,71295,1.052492618560791,1.0885955095291138,2.279773712158203,2.4223642349243164,2.7140681743621826,2.8124806880950928,0.015482484363019466
example_images/synthetic_nested_shapes/clean/2048/nested_star_square_oval_low_contrast_gray_2048.png,low_contrast_gray,2048,6,25,brute_32,32,smooth,60696,1.011528730392456,1.1200759410858154,2.2549185752868652,2.2549185752868652,3.322286367416382,8.177006721496582,0.015234210528433323
example_images/synthetic_nested_shapes/clean/2048/nested_star_square_oval_low_contrast_gray_2048.png,low_contrast_gray,2048,6,25,brute_32_vs_steerable,32,smooth,60696,1.0023614168167114,1.036289930343628,2.259986639022827,2.3986804485321045,2.656069278717041,2.8124806880950928,0.015234210528433323
example_images/synthetic_nested_shapes/clean/2048/nested_star_square_oval_low_contrast_gray_2048.png,low_contrast_gray,2048,6,25,brute_64,64,all,71295,1.8174535036087036,0.5575893521308899,2.460221767425537,5.62992000579834,36.56741714477539,73.125,0.015482484363019466
example_images/synthetic_nested_shapes/clean/2048/nested_star_square_oval_low_contrast_gray_2048.png,low_contrast_gray,2048,6,25,brute_64_vs_steerable,64,all,71295,0.5759121179580688,0.5634837746620178,1.2847312688827515,1.3478081226348877,1.3917577266693115,1.405816912651062,0.015482484363019466
example_images/synthetic_nested_shapes/clean/2048/nested_star_square_oval_low_contrast_gray_2048.png,low_contrast_gray,2048,6,25,brute_64,64,smooth,60696,0.5843774676322937,0.5575824975967407,1.2905778884887695,1.6924184560775757,2.8124876022338867,6.9953293800354,0.015234210528433323
example_images/synthetic_nested_shapes/clean/2048/nested_star_square_oval_low_contrast_gray_2048.png,low_contrast_gray,2048,6,25,brute_64_vs_steerable,64,smooth,60696,0.5558594465255737,0.5373992919921875,1.2874770164489746,1.3485320806503296,1.3915008306503296,1.4057691097259521,0.015234210528433323
example_images/synthetic_nested_shapes/clean/2048/nested_star_square_oval_low_contrast_gray_2048.png,low_contrast_gray,2048,6,25,brute_180,180,all,71295,1.625432014465332,0.37991562485694885,2.000002384185791,5.684168338775635,36.37992477416992,72.00000762939453,0.015482484363019466
example_images/synthetic_nested_shapes/clean/2048/nested_star_square_oval_low_contrast_gray_2048.png,low_contrast_gray,2048,6,25,brute_180_vs_steerable,180,all,71295,0.2042664736509323,0.20220091938972473,0.44418907165527344,0.4686281681060791,0.49262139201164246,0.4999903440475464,0.015482484363019466
example_images/synthetic_nested_shapes/clean/2048/nested_star_square_oval_low_contrast_gray_2048.png,low_contrast_gray,2048,6,25,brute_180,180,smooth,60696,0.37253162264823914,0.37991562485694885,0.6200855374336243,0.8509920835494995,2.5206568241119385,6.599957466125488,0.015234210528433323
example_images/synthetic_nested_shapes/clean/2048/nested_star_square_oval_low_contrast_gray_2048.png,low_contrast_gray,2048,6,25,brute_180_vs_steerable,180,smooth,60696,0.19729143381118774,0.18936017155647278,0.4432382881641388,0.4668332040309906,0.49034610390663147,0.4999903440475464,0.015234210528433323
example_images/synthetic_nested_shapes/clean/2048/nested_star_square_oval_low_contrast_gray_2048.png,low_contrast_gray,2048,8,25,steerable_atan2,0,all,71295,1.3962150812149048,0.233414888381958,1.7199468612670898,5.256539821624756,33.30664825439453,78.77679443359375,0.0195743627846241
example_images/synthetic_nested_shapes/clean/2048/nested_star_square_oval_low_contrast_gray_2048.png,low_contrast_gray,2048,8,25,steerable_atan2,0,smooth,60696,0.3076241910457611,0.17432692646980286,0.7712069153785706,0.9869691729545593,2.1511476039886475,6.0440754890441895,0.01924724318087101
example_images/synthetic_nested_shapes/clean/2048/nested_star_square_oval_low_contrast_gray_2048.png,low_contrast_gray,2048,8,25,brute_16,16,all,71295,2.9823906421661377,1.1299182176589966,5.62992000579834,6.190892219543457,33.74999237060547,78.75001525878906,0.0195743627846241
example_images/synthetic_nested_shapes/clean/2048/nested_star_square_oval_low_contrast_gray_2048.png,low_contrast_gray,2048,8,25,brute_16_vs_steerable,16,all,71295,2.128645181655884,1.6238092184066772,5.098572254180908,5.440505504608154,5.573379993438721,5.624449253082275,0.0195743627846241
example_images/synthetic_nested_shapes/clean/2048/nested_star_square_oval_low_contrast_gray_2048.png,low_contrast_gray,2048,8,25,brute_16,16,smooth,60696,2.0686280727386475,1.1299182176589966,5.620084762573242,5.62992000579834,5.796735763549805,9.359395027160645,0.01924724318087101
example_images/synthetic_nested_shapes/clean/2048/nested_star_square_oval_low_contrast_gray_2048.png,low_contrast_gray,2048,8,25,brute_16_vs_steerable,16,smooth,60696,2.034771203994751,1.4273524284362793,5.098763465881348,5.445428371429443,5.573379993438721,5.624449253082275,0.01924724318087101
example_images/synthetic_nested_shapes/clean/2048/nested_star_square_oval_low_contrast_gray_2048.png,low_contrast_gray,2048,8,25,brute_32,32,all,71295,2.0387871265411377,1.1200827360153198,3.3700835704803467,5.625002384185791,33.75,78.75001525878906,0.0195743627846241
example_images/synthetic_nested_shapes/clean/2048/nested_star_square_oval_low_contrast_gray_2048.png,low_contrast_gray,2048,8,25,brute_32_vs_steerable,32,all,71295,1.0479475259780884,0.9438228607177734,2.3972270488739014,2.578061819076538,2.764136552810669,2.812378168106079,0.0195743627846241
example_images/synthetic_nested_shapes/clean/2048/nested_star_square_oval_low_contrast_gray_2048.png,low_contrast_gray,2048,8,25,brute_32,32,smooth,60696,1.0280839204788208,1.1200759410858154,2.2549185752868652,2.7171483039855957,3.3799190521240234,7.749013423919678,0.01924724318087101
example_images/synthetic_nested_shapes/clean/2048/nested_star_square_oval_low_contrast_gray_2048.png,low_contrast_gray,2048,8,25,brute_32_vs_steerable,32,smooth,60696,0.9971025586128235,0.8596066236495972,2.383162260055542,2.560938596725464,2.7639317512512207,2.812378168106079,0.01924724318087101
example_images/synthetic_nested_shapes/clean/2048/nested_star_square_oval_low_contrast_gray_2048.png,low_contrast_gray,2048,8,25,brute_64,64,all,71295,1.6483361721038818,0.5575893521308899,2.2450830936431885,5.624997615814209,33.74999237060547,78.75001525878906,0.0195743627846241
example_images/synthetic_nested_shapes/clean/2048/nested_star_square_oval_low_contrast_gray_2048.png,low_contrast_gray,2048,8,25,brute_64_vs_steerable,64,all,71295,0.5346789956092834,0.5017457008361816,1.2038072347640991,1.3124959468841553,1.3933461904525757,1.4061788320541382,0.0195743627846241
example_images/synthetic_nested_shapes/clean/2048/nested_star_square_oval_low_contrast_gray_2048.png,low_contrast_gray,2048,8,25,brute_64,64,smooth,60696,0.5872482061386108,0.5575824975967407,1.3876690864562988,1.682582974433899,2.8124876022338867,6.547350883483887,0.01924724318087101
example_images/synthetic_nested_shapes/clean/2048/nested_star_square_oval_low_contrast_gray_2048.png,low_contrast_gray,2048,8,25,brute_64_vs_steerable,64,smooth,60696,0.5071064233779907,0.442422091960907,1.1816329956054688,1.3051022291183472,1.3936386108398438,1.4061310291290283,0.01924724318087101
example_images/synthetic_nested_shapes/clean/2048/nested_star_square_oval_low_contrast_gray_2048.png,low_contrast_gray,2048,8,25,brute_180,180,all,71295,1.4911978244781494,0.37992244958877563,1.7095212936401367,5.3799147605896,33.379905700683594,79.00000762939453,0.0195743627846241
example_images/synthetic_nested_shapes/clean/2048/nested_star_square_oval_low_contrast_gray_2048.png,low_contrast_gray,2048,8,25,brute_180_vs_steerable,180,all,71295,0.20114044845104218,0.19550733268260956,0.4381839632987976,0.4699989855289459,0.49536630511283875,0.49996301531791687,0.0195743627846241
example_images/synthetic_nested_shapes/clean/2048/nested_star_square_oval_low_contrast_gray_2048.png,low_contrast_gray,2048,8,25,brute_180,180,smooth,60696,0.41411882638931274,0.37991562485694885,0.6728146076202393,1.1348086595535278,2.000002384185791,6.421484470367432,0.01924724318087101
example_images/synthetic_nested_shapes/clean/2048/nested_star_square_oval_low_contrast_gray_2048.png,low_contrast_gray,2048,8,25,brute_180_vs_steerable,180,smooth,60696,0.19441522657871246,0.18592798709869385,0.43735069036483765,0.4689061641693115,0.4949769973754883,0.4998878836631775,0.01924724318087101
example_images/synthetic_nested_shapes/clean/2048/nested_star_square_oval_low_contrast_cool_colors_2048.png,low_contrast_cool_colors,2048,2,25,steerable_atan2,0,all,71295,3.067746639251709,0.15508627891540527,9.098705291748047,24.690603256225586,45.000755310058594,89.87975311279297,0.0019909937400370836
example_images/synthetic_nested_shapes/clean/2048/nested_star_square_oval_low_contrast_cool_colors_2048.png,low_contrast_cool_colors,2048,2,25,steerable_atan2,0,smooth,60696,0.5802196860313416,0.11737680435180664,0.37159985303878784,0.5404694676399231,16.327058792114258,65.31095886230469,0.002023199573159218
example_images/synthetic_nested_shapes/clean/2048/nested_star_square_oval_low_contrast_cool_colors_2048.png,low_contrast_cool_colors,2048,2,25,brute_16,16,all,71295,4.7114057540893555,2.117140054702759,10.129928588867188,23.629920959472656,45.0,88.87992095947266,0.0019909937400370836
example_images/synthetic_nested_shapes/clean/2048/nested_star_square_oval_low_contrast_cool_colors_2048.png,low_contrast_cool_colors,2048,2,25,brute_16_vs_steerable,16,all,71295,2.1854312419891357,1.4438542127609253,5.295071125030518,5.529297828674316,5.612298011779785,5.624906539916992,0.0019909937400370836
example_images/synthetic_nested_shapes/clean/2048/nested_star_square_oval_low_contrast_cool_colors_2048.png,low_contrast_cool_colors,2048,2,25,brute_16,16,smooth,60696,2.446014881134033,1.1299182176589966,5.620084762573242,5.62992000579834,16.36787986755371,70.14994049072266,0.002023199573159218
example_images/synthetic_nested_shapes/clean/2048/nested_star_square_oval_low_contrast_cool_colors_2048.png,low_contrast_cool_colors,2048,2,25,brute_16_vs_steerable,16,smooth,60696,2.085914134979248,1.0714006423950195,5.318449974060059,5.542220592498779,5.6142377853393555,5.624722480773926,0.002023199573159218
example_images/synthetic_nested_shapes/clean/2048/nested_star_square_oval_low_contrast_cool_colors_2048.png,low_contrast_cool_colors,2048,2,25,brute_32,32,all,71295,3.7762930393218994,1.1299182176589966,9.004921913146973,24.754907608032227,45.0,89.99508666992188,0.0019909937400370836
example_images/synthetic_nested_shapes/clean/2048/nested_star_square_oval_low_contrast_cool_colors_2048.png,low_contrast_cool_colors,2048,2,25,brute_32_vs_steerable,32,all,71295,0.9877705574035645,0.9139612913131714,2.1719865798950195,2.371835231781006,2.73132586479187,2.812227964401245,0.0019909937400370836
example_images/synthetic_nested_shapes/clean/2048/nested_star_square_oval_low_contrast_cool_colors_2048.png,low_contrast_cool_colors,2048,2,25,brute_32,32,smooth,60696,1.3893765211105347,1.1200827360153198,2.2549185752868652,2.5234832763671875,16.875,64.52493286132812,0.002023199573159218
example_images/synthetic_nested_shapes/clean/2048/nested_star_square_oval_low_contrast_cool_colors_2048.png,low_contrast_cool_colors,2048,2,25,brute_32_vs_steerable,32,smooth,60696,0.9279766082763672,0.886203408241272,2.1373164653778076,2.2743983268737793,2.6978161334991455,2.812227964401245,0.002023199573159218
example_images/synthetic_nested_shapes/clean/2048/nested_star_square_oval_low_contrast_cool_colors_2048.png,low_contrast_cool_colors,2048,2,25,brute_64,64,all,71295,3.366365432739258,0.5674111247062683,9.004914283752441,25.312496185302734,45.00491714477539,89.99508666992188,0.0019909937400370836
example_images/synthetic_nested_shapes/clean/2048/nested_star_square_oval_low_contrast_cool_colors_2048.png,low_contrast_cool_colors,2048,2,25,brute_64_vs_steerable,64,all,71295,0.5431327223777771,0.6421197652816772,1.066943883895874,1.191605806350708,1.3634973764419556,1.4060696363449097,0.0019909937400370836
example_images/synthetic_nested_shapes/clean/2048/nested_star_square_oval_low_contrast_cool_colors_2048.png,low_contrast_cool_colors,2048,2,25,brute_64,64,smooth,60696,0.9230477213859558,0.5575893521308899,1.1299182176589966,1.3696236610412598,16.80339813232422,64.52493286132812,0.002023199573159218
example_images/synthetic_nested_shapes/clean/2048/nested_star_square_oval_low_contrast_cool_colors_2048.png,low_contrast_cool_colors,2048,2,25,brute_64_vs_steerable,64,smooth,60696,0.5194737911224365,0.6252560019493103,1.039793848991394,1.141334891319275,1.3440210819244385,1.4060696363449097,0.002023199573159218
example_images/synthetic_nested_shapes/clean/2048/nested_star_square_oval_low_contrast_cool_colors_2048.png,low_contrast_cool_colors,2048,2,25,brute_180,180,all,71295,3.2080886363983154,0.37991562485694885,9.379912376403809,25.000001907348633,45.0,89.6200942993164,0.0019909937400370836
example_images/synthetic_nested_shapes/clean/2048/nested_star_square_oval_low_contrast_cool_colors_2048.png,low_contrast_cool_colors,2048,2,25,brute_180_vs_steerable,180,all,71295,0.21626518666744232,0.21006247401237488,0.4578002691268921,0.4815509021282196,0.49524417519569397,0.4999903440475464,0.0019909937400370836
example_images/synthetic_nested_shapes/clean/2048/nested_star_square_oval_low_contrast_cool_colors_2048.png,low_contrast_cool_colors,2048,2,25,brute_180,180,smooth,60696,0.7425771951675415,0.37991562485694885,0.6200855374336243,0.7051351070404053,16.275798797607422,65.39993286132812,0.002023199573159218
example_images/synthetic_nested_shapes/clean/2048/nested_star_square_oval_low_contrast_cool_colors_2048.png,low_contrast_cool_colors,2048,2,25,brute_180_vs_steerable,180,smooth,60696,0.21106766164302826,0.19715341925621033,0.4599688649177551,0.48331785202026367,0.4955165684223175,0.4999903440475464,0.002023199573159218
example_images/synthetic_nested_shapes/clean/2048/nested_star_square_oval_low_contrast_cool_colors_2048.png,low_contrast_cool_colors,2048,4,25,steerable_atan2,0,all,71295,1.8752572536468506,0.12422747910022736,3.1658406257629395,10.093615531921387,40.141212463378906,81.70256805419922,0.003649196121841669
example_images/synthetic_nested_shapes/clean/2048/nested_star_square_oval_low_contrast_cool_colors_2048.png,low_contrast_cool_colors,2048,4,25,steerable_atan2,0,smooth,60696,0.2298457771539688,0.08780208230018616,0.40997186303138733,0.5685107707977295,3.3937857151031494,18.07052230834961,0.00367625430226326
example_images/synthetic_nested_shapes/clean/2048/nested_star_square_oval_low_contrast_cool_colors_2048.png,low_contrast_cool_colors,2048,4,25,brute_16,16,all,71295,3.518259048461914,1.1299182176589966,5.62992000579834,11.249998092651367,41.62990951538086,82.1200942993164,0.003649196121841669
example_images/synthetic_nested_shapes/clean/2048/nested_star_square_oval_low_contrast_cool_colors_2048.png,low_contrast_cool_colors,2048,4,25,brute_16_vs_steerable,16,all,71295,2.169846296310425,1.571339726448059,5.201392650604248,5.4904632568359375,5.603471279144287,5.6249680519104,0.003649196121841669
example_images/synthetic_nested_shapes/clean/2048/nested_star_square_oval_low_contrast_cool_colors_2048.png,low_contrast_cool_colors,2048,4,25,brute_16,16,smooth,60696,2.098433256149292,1.1299182176589966,5.620084762573242,5.62992000579834,5.681351184844971,20.775468826293945,0.00367625430226326
example_images/synthetic_nested_shapes/clean/2048/nested_star_square_oval_low_contrast_cool_colors_2048.png,low_contrast_cool_colors,2048,4,25,brute_16_vs_steerable,16,smooth,60696,2.0718748569488525,1.3557994365692139,5.220491409301758,5.5041422843933105,5.606967449188232,5.624783992767334,0.00367625430226326
example_images/synthetic_nested_shapes/clean/2048/nested_star_square_oval_low_contrast_cool_colors_2048.png,low_contrast_cool_colors,2048,4,25,brute_32,32,all,71295,2.610314130783081,1.1200827360153198,3.3799190521240234,11.249998092651367,39.37992858886719,82.1200942993164,0.003649196121841669
example_images/synthetic_nested_shapes/clean/2048/nested_star_square_oval_low_contrast_cool_colors_2048.png,low_contrast_cool_colors,2048,4,25,brute_32_vs_steerable,32,all,71295,1.0654237270355225,1.0043110847473145,2.343754768371582,2.4590020179748535,2.7218775749206543,2.8120298385620117,0.003649196121841669
example_images/synthetic_nested_shapes/clean/2048/nested_star_square_oval_low_contrast_cool_colors_2048.png,low_contrast_cool_colors,2048,4,25,brute_32,32,smooth,60696,1.0477237701416016,1.1200759410858154,2.2549185752868652,2.304095983505249,4.938699245452881,19.52492904663086,0.00367625430226326
example_images/synthetic_nested_shapes/clean/2048/nested_star_square_oval_low_contrast_cool_colors_2048.png,low_contrast_cool_colors,2048,4,25,brute_32_vs_steerable,32,smooth,60696,1.011217474937439,0.9452845454216003,2.3272504806518555,2.4188568592071533,2.6902530193328857,2.8117430210113525,0.00367625430226326
example_images/synthetic_nested_shapes/clean/2048/nested_star_square_oval_low_contrast_cool_colors_2048.png,low_contrast_cool_colors,2048,4,25,brute_64,64,all,71295,2.199073314666748,0.5674111247062683,2.8125011920928955,10.129928588867188,40.504913330078125,82.1200942993164,0.003649196121841669
example_images/synthetic_nested_shapes/clean/2048/nested_star_square_oval_low_contrast_cool_colors_2048.png,low_contrast_cool_colors,2048,4,25,brute_64_vs_steerable,64,all,71295,0.5378599762916565,0.5025380253791809,1.2130279541015625,1.3149206638336182,1.3879286050796509,1.4061583280563354,0.003649196121841669
example_images/synthetic_nested_shapes/clean/2048/nested_star_square_oval_low_contrast_cool_colors_2048.png,low_contrast_cool_colors,2048,4,25,brute_64,64,smooth,60696,0.5973923206329346,0.5575824975967407,1.1299182176589966,1.682582974433899,2.8125011920928955,19.390661239624023,0.00367625430226326
example_images/synthetic_nested_shapes/clean/2048/nested_star_square_oval_low_contrast_cool_colors_2048.png,low_contrast_cool_colors,2048,4,25,brute_64_vs_steerable,64,smooth,60696,0.5135548114776611,0.47868016362190247,1.1976736783981323,1.3087462186813354,1.3879218101501465,1.4059603214263916,0.00367625430226326
example_images/synthetic_nested_shapes/clean/2048/nested_star_square_oval_low_contrast_cool_colors_2048.png,low_contrast_cool_colors,2048,4,25,brute_180,180,all,71295,2.0261945724487305,0.37991562485694885,3.0000171661376953,10.379913330078125,40.379920959472656,81.62010192871094,0.003649196121841669
example_images/synthetic_nested_shapes/clean/2048/nested_star_square_oval_low_contrast_cool_colors_2048.png,low_contrast_cool_colors,2048,4,25,brute_180_vs_steerable,180,all,71295,0.23120851814746857,0.25745031237602234,0.4490303099155426,0.47376447916030884,0.49583759903907776,0.49999716877937317,0.003649196121841669
example_images/synthetic_nested_shapes/clean/2048/nested_star_square_oval_low_contrast_cool_colors_2048.png,low_contrast_cool_colors,2048,4,25,brute_180,180,smooth,60696,0.4030378758907318,0.37991562485694885,0.6200855374336243,0.7261788845062256,3.227781057357788,18.39994239807129,0.00367625430226326
example_images/synthetic_nested_shapes/clean/2048/nested_star_square_oval_low_contrast_cool_colors_2048.png,low_contrast_cool_colors,2048,4,25,brute_180_vs_steerable,180,smooth,60696,0.22823622822761536,0.25949937105178833,0.447800874710083,0.4733457863330841,0.495783269405365,0.4999903440475464,0.00367625430226326
example_images/synthetic_nested_shapes/clean/2048/nested_star_square_oval_low_contrast_cool_colors_2048.png,low_contrast_cool_colors,2048,6,25,steerable_atan2,0,all,71295,1.5098235607147217,0.15477891266345978,1.9099258184432983,5.990849494934082,36.586212158203125,81.57563018798828,0.005139730405062437
example_images/synthetic_nested_shapes/clean/2048/nested_star_square_oval_low_contrast_cool_colors_2048.png,low_contrast_cool_colors,2048,6,25,steerable_atan2,0,smooth,60696,0.23267631232738495,0.12098997086286545,0.5117177963256836,0.7534399032592773,2.3619964122772217,7.355703830718994,0.005177181214094162
example_images/synthetic_nested_shapes/clean/2048/nested_star_square_oval_low_contrast_cool_colors_2048.png,low_contrast_cool_colors,2048,6,25,brute_16,16,all,71295,3.1595613956451416,1.1299182176589966,5.62992000579834,7.870085716247559,37.129920959472656,86.62991333007812,0.005139730405062437
example_images/synthetic_nested_shapes/clean/2048/nested_star_square_oval_low_contrast_cool_colors_2048.png,low_contrast_cool_colors,2048,6,25,brute_16_vs_steerable,16,all,71295,2.197744846343994,1.5427963733673096,5.234861850738525,5.505460262298584,5.5894036293029785,5.624763488769531,0.005139730405062437
example_images/synthetic_nested_shapes/clean/2048/nested_star_square_oval_low_contrast_cool_colors_2048.png,low_contrast_cool_colors,2048,6,25,brute_16,16,smooth,60696,2.0662925243377686,1.1299182176589966,5.620084762573242,5.62992000579834,5.62992000579834,12.099967002868652,0.005177181214094162
example_images/synthetic_nested_shapes/clean/2048/nested_star_square_oval_low_contrast_cool_colors_2048.png,low_contrast_cool_colors,2048,6,25,brute_16_vs_steerable,16,smooth,60696,2.107356071472168,1.4438883066177368,5.306578636169434,5.520862579345703,5.5894646644592285,5.624763488769531,0.005177181214094162
example_images/synthetic_nested_shapes/clean/2048/nested_star_square_oval_low_contrast_cool_colors_2048.png,low_contrast_cool_colors,2048,6,25,brute_32,32,all,71295,2.1974666118621826,1.1200827360153198,2.7045624256134033,6.140435695648193,37.12991714477539,81.00491333007812,0.005139730405062437
example_images/synthetic_nested_shapes/clean/2048/nested_star_square_oval_low_contrast_cool_colors_2048.png,low_contrast_cool_colors,2048,6,25,brute_32_vs_steerable,32,all,71295,1.0506535768508911,1.0833909511566162,2.2796711921691895,2.419321298599243,2.7066588401794434,2.812303066253662,0.005139730405062437
example_images/synthetic_nested_shapes/clean/2048/nested_star_square_oval_low_contrast_cool_colors_2048.png,low_contrast_cool_colors,2048,6,25,brute_32,32,smooth,60696,1.00569486618042,1.1200759410858154,2.2549118995666504,2.2549185752868652,3.1958789825439453,9.359395027160645,0.005177181214094162
example_images/synthetic_nested_shapes/clean/2048/nested_star_square_oval_low_contrast_cool_colors_2048.png,low_contrast_cool_colors,2048,6,25,brute_32_vs_steerable,32,smooth,60696,1.0011810064315796,1.0331515073776245,2.259986639022827,2.3970890045166016,2.6445884704589844,2.812303066253662,0.005177181214094162
example_images/synthetic_nested_shapes/clean/2048/nested_star_square_oval_low_contrast_cool_colors_2048.png,low_contrast_cool_colors,2048,6,25,brute_64,64,all,71295,1.822446346282959,0.5575893521308899,2.343245506286621,5.62992000579834,36.56741714477539,81.00491333007812,0.005139730405062437
example_images/synthetic_nested_shapes/clean/2048/nested_star_square_oval_low_contrast_cool_colors_2048.png,low_contrast_cool_colors,2048,6,25,brute_64_vs_steerable,64,all,71295,0.5760868191719055,0.5638526082038879,1.2846766710281372,1.3479037284851074,1.3915486335754395,1.4059944152832031,0.005139730405062437
example_images/synthetic_nested_shapes/clean/2048/nested_star_square_oval_low_contrast_cool_colors_2048.png,low_contrast_cool_colors,2048,6,25,brute_64,64,smooth,60696,0.5813942551612854,0.5575824975967407,1.2723208665847778,1.6924184560775757,2.8124876022338867,8.156543731689453,0.005177181214094162
example_images/synthetic_nested_shapes/clean/2048/nested_star_square_oval_low_contrast_cool_colors_2048.png,low_contrast_cool_colors,2048,6,25,brute_64_vs_steerable,64,smooth,60696,0.5558955073356628,0.5372490286827087,1.28469717502594,1.3485593795776367,1.3908864259719849,1.4059466123580933,0.005177181214094162
example_images/synthetic_nested_shapes/clean/2048/nested_star_square_oval_low_contrast_cool_colors_2048.png,low_contrast_cool_colors,2048,6,25,brute_180,180,all,71295,1.631845474243164,0.37991562485694885,1.999995470046997,6.0,37.000003814697266,81.37991333007812,0.005139730405062437
example_images/synthetic_nested_shapes/clean/2048/nested_star_square_oval_low_contrast_cool_colors_2048.png,low_contrast_cool_colors,2048,6,25,brute_180_vs_steerable,180,all,71295,0.20377740263938904,0.20070511102676392,0.44325196743011475,0.4686008393764496,0.4924843907356262,0.5000039935112,0.005139730405062437
example_images/synthetic_nested_shapes/clean/2048/nested_star_square_oval_low_contrast_cool_colors_2048.png,low_contrast_cool_colors,2048,6,25,brute_180,180,smooth,60696,0.36937451362609863,0.37991562485694885,0.6200855374336243,0.828095555305481,2.204409599304199,7.59995174407959,0.005177181214094162
example_images/synthetic_nested_shapes/clean/2048/nested_star_square_oval_low_contrast_cool_colors_2048.png,low_contrast_cool_colors,2048,6,25,brute_180_vs_steerable,180,smooth,60696,0.1967940777540207,0.18868055939674377,0.4427533447742462,0.46685025095939636,0.48993730545043945,0.5000039935112,0.005177181214094162
example_images/synthetic_nested_shapes/clean/2048/nested_star_square_oval_low_contrast_cool_colors_2048.png,low_contrast_cool_colors,2048,8,25,steerable_atan2,0,all,71295,1.3998775482177734,0.23295043408870697,1.6723445653915405,5.294302940368652,33.413726806640625,78.77680206298828,0.006498353555798531
example_images/synthetic_nested_shapes/clean/2048/nested_star_square_oval_low_contrast_cool_colors_2048.png,low_contrast_cool_colors,2048,8,25,steerable_atan2,0,smooth,60696,0.30497512221336365,0.17396491765975952,0.7636629939079285,0.9756515622138977,2.0667731761932373,6.624887466430664,0.006542047020047903
example_images/synthetic_nested_shapes/clean/2048/nested_star_square_oval_low_contrast_cool_colors_2048.png,low_contrast_cool_colors,2048,8,25,brute_16,16,all,71295,2.9883389472961426,1.1299182176589966,5.62992000579834,6.229570388793945,33.74999237060547,78.75001525878906,0.006498353555798531
example_images/synthetic_nested_shapes/clean/2048/nested_star_square_oval_low_contrast_cool_colors_2048.png,low_contrast_cool_colors,2048,8,25,brute_16_vs_steerable,16,all,71295,2.126629590988159,1.6115831136703491,5.098572254180908,5.440669059753418,5.573482036590576,5.62440824508667,0.006498353555798531
example_images/synthetic_nested_shapes/clean/2048/nested_star_square_oval_low_contrast_cool_colors_2048.png,low_contrast_cool_colors,2048,8,25,brute_16,16,smooth,60696,2.070981979370117,1.1299182176589966,5.620084762573242,5.62992000579834,5.808010578155518,10.693781852722168,0.006542047020047903
example_images/synthetic_nested_shapes/clean/2048/nested_star_square_oval_low_contrast_cool_colors_2048.png,low_contrast_cool_colors,2048,8,25,brute_16_vs_steerable,16,smooth,60696,2.032285451889038,1.4193748235702515,5.098763465881348,5.4454569816589355,5.573482036590576,5.62440824508667,0.006542047020047903
example_images/synthetic_nested_shapes/clean/2048/nested_star_square_oval_low_contrast_cool_colors_2048.png,low_contrast_cool_colors,2048,8,25,brute_32,32,all,71295,2.0425596237182617,1.1200827360153198,3.3700835704803467,5.625002384185791,33.75,78.75001525878906,0.006498353555798531
example_images/synthetic_nested_shapes/clean/2048/nested_star_square_oval_low_contrast_cool_colors_2048.png,low_contrast_cool_colors,2048,8,25,brute_32_vs_steerable,32,all,71295,1.0459576845169067,0.9364189505577087,2.3932368755340576,2.5726590156555176,2.7637951374053955,2.812385082244873,0.006498353555798531
example_images/synthetic_nested_shapes/clean/2048/nested_star_square_oval_low_contrast_cool_colors_2048.png,low_contrast_cool_colors,2048,8,25,brute_32,32,smooth,60696,1.0257889032363892,1.1200759410858154,2.2549185752868652,2.7052502632141113,3.3799190521240234,8.026360511779785,0.006542047020047903
example_images/synthetic_nested_shapes/clean/2048/nested_star_square_oval_low_contrast_cool_colors_2048.png,low_contrast_cool_colors,2048,8,25,brute_32_vs_steerable,32,smooth,60696,0.9949539303779602,0.8531315922737122,2.379316806793213,2.561150312423706,2.7582249641418457,2.812316656112671,0.006542047020047903
example_images/synthetic_nested_shapes/clean/2048/nested_star_square_oval_low_contrast_cool_colors_2048.png,low_contrast_cool_colors,2048,8,25,brute_64,64,all,71295,1.6516697406768799,0.5575893521308899,2.2450830936431885,5.625002384185791,33.74999237060547,78.75001525878906,0.006498353555798531
example_images/synthetic_nested_shapes/clean/2048/nested_star_square_oval_low_contrast_cool_colors_2048.png,low_contrast_cool_colors,2048,8,25,brute_64_vs_steerable,64,all,71295,0.5344194769859314,0.5025038719177246,1.2033631801605225,1.3111053705215454,1.3933039903640747,1.4062130451202393,0.006498353555798531
example_images/synthetic_nested_shapes/clean/2048/nested_star_square_oval_low_contrast_cool_colors_2048.png,low_contrast_cool_colors,2048,8,25,brute_64,64,smooth,60696,0.5855833888053894,0.5575824975967407,1.3743433952331543,1.682582974433899,2.8124876022338867,7.749013423919678,0.006542047020047903
example_images/synthetic_nested_shapes/clean/2048/nested_star_square_oval_low_contrast_cool_colors_2048.png,low_contrast_cool_colors,2048,8,25,brute_64_vs_steerable,64,smooth,60696,0.5075953602790833,0.44644850492477417,1.180823564529419,1.3044739961624146,1.3936113119125366,1.405857801437378,0.006542047020047903
example_images/synthetic_nested_shapes/clean/2048/nested_star_square_oval_low_contrast_cool_colors_2048.png,low_contrast_cool_colors,2048,8,25,brute_180,180,all,71295,1.4954701662063599,0.37992244958877563,1.6210402250289917,5.3799147605896,33.379905700683594,79.00000762939453,0.006498353555798531
example_images/synthetic_nested_shapes/clean/2048/nested_star_square_oval_low_contrast_cool_colors_2048.png,low_contrast_cool_colors,2048,8,25,brute_180_vs_steerable,180,all,71295,0.2012699991464615,0.19555515050888062,0.43810200691223145,0.4700010418891907,0.49551862478256226,0.4999835193157196,0.006498353555798531
example_images/synthetic_nested_shapes/clean/2048/nested_star_square_oval_low_contrast_cool_colors_2048.png,low_contrast_cool_colors,2048,8,25,brute_180,180,smooth,60696,0.41164207458496094,0.37991562485694885,0.658560037612915,1.1027135848999023,2.000002384185791,6.421484470367432,0.006542047020047903
example_images/synthetic_nested_shapes/clean/2048/nested_star_square_oval_low_contrast_cool_colors_2048.png,low_contrast_cool_colors,2048,8,25,brute_180_vs_steerable,180,smooth,60696,0.19436457753181458,0.18621143698692322,0.437425822019577,0.4689078629016876,0.49539706110954285,0.4999425411224365,0.006542047020047903
example_images/synthetic_nested_shapes/clean/2048/nested_star_square_oval_low_contrast_warm_colors_2048.png,low_contrast_warm_colors,2048,2,25,steerable_atan2,0,all,71295,3.2057535648345947,0.15380220115184784,8.221413612365723,27.03287696838379,48.21336364746094,89.9291763305664,0.0027926804032176733
example_images/synthetic_nested_shapes/clean/2048/nested_star_square_oval_low_contrast_warm_colors_2048.png,low_contrast_warm_colors,2048,2,25,steerable_atan2,0,smooth,60696,0.7476189732551575,0.11638642847537994,0.36490628123283386,0.5051966309547424,16.241933822631836,89.9291763305664,0.002813827944919467
example_images/synthetic_nested_shapes/clean/2048/nested_star_square_oval_low_contrast_warm_colors_2048.png,low_contrast_warm_colors,2048,2,25,brute_16,16,all,71295,4.852197647094727,1.947293758392334,10.129915237426758,25.879920959472656,48.37991714477539,89.8862075805664,0.0027926804032176733
example_images/synthetic_nested_shapes/clean/2048/nested_star_square_oval_low_contrast_warm_colors_2048.png,low_contrast_warm_colors,2048,2,25,brute_16_vs_steerable,16,all,71295,2.189791679382324,1.4719467163085938,5.29448938369751,5.529092788696289,5.61246919631958,5.6248931884765625,0.0027926804032176733
example_images/synthetic_nested_shapes/clean/2048/nested_star_square_oval_low_contrast_warm_colors_2048.png,low_contrast_warm_colors,2048,2,25,brute_16,16,smooth,60696,2.613295555114746,1.1299182176589966,5.620084762573242,5.620084762573242,15.861926078796387,89.8862075805664,0.002813827944919467
example_images/synthetic_nested_shapes/clean/2048/nested_star_square_oval_low_contrast_warm_colors_2048.png,low_contrast_warm_colors,2048,2,25,brute_16_vs_steerable,16,smooth,60696,2.093733549118042,1.0906720161437988,5.319009780883789,5.5421929359436035,5.613664150238037,5.624510765075684,0.002813827944919467
example_images/synthetic_nested_shapes/clean/2048/nested_star_square_oval_low_contrast_warm_colors_2048.png,low_contrast_warm_colors,2048,2,25,brute_32,32,all,71295,3.9189858436584473,1.1299182176589966,7.879914283752441,28.124998092651367,48.37993240356445,89.8862075805664,0.0027926804032176733
example_images/synthetic_nested_shapes/clean/2048/nested_star_square_oval_low_contrast_warm_colors_2048.png,low_contrast_warm_colors,2048,2,25,brute_32_vs_steerable,32,all,71295,0.9888622760772705,0.9139817953109741,2.1738853454589844,2.384822130203247,2.7277066707611084,2.8124465942382812,0.0027926804032176733
example_images/synthetic_nested_shapes/clean/2048/nested_star_square_oval_low_contrast_warm_colors_2048.png,low_contrast_warm_colors,2048,2,25,brute_32,32,smooth,60696,1.5617632865905762,1.1200759410858154,2.2549185752868652,2.4418063163757324,16.876352310180664,89.8862075805664,0.002813827944919467
example_images/synthetic_nested_shapes/clean/2048/nested_star_square_oval_low_contrast_warm_colors_2048.png,low_contrast_warm_colors,2048,2,25,brute_32_vs_steerable,32,smooth,60696,0.9279417395591736,0.8855340480804443,2.139174222946167,2.2762699127197266,2.687981605529785,2.8124465942382812,0.002813827944919467
example_images/synthetic_nested_shapes/clean/2048/nested_star_square_oval_low_contrast_warm_colors_2048.png,low_contrast_warm_colors,2048,2,25,brute_64,64,all,71295,3.508673906326294,0.5674111247062683,8.437503814697266,27.56740951538086,47.81250762939453,89.95862579345703,0.0027926804032176733
example_images/synthetic_nested_shapes/clean/2048/nested_star_square_oval_low_contrast_warm_colors_2048.png,low_contrast_warm_colors,2048,2,25,brute_64_vs_steerable,64,all,71295,0.5429073572158813,0.6419421434402466,1.0669848918914795,1.1891496181488037,1.3626372814178467,1.4059398174285889,0.0027926804032176733
example_images/synthetic_nested_shapes/clean/2048/nested_star_square_oval_low_contrast_warm_colors_2048.png,low_contrast_warm_colors,2048,2,25,brute_64,64,smooth,60696,1.096168875694275,0.5575824975967407,1.1299182176589966,1.303568959236145,16.228776931762695,89.95862579345703,0.002813827944919467
example_images/synthetic_nested_shapes/clean/2048/nested_star_square_oval_low_contrast_warm_colors_2048.png,low_contrast_warm_colors,2048,2,25,brute_64_vs_steerable,64,smooth,60696,0.5190995931625366,0.62493497133255,1.0395889282226562,1.139774203300476,1.3398942947387695,1.4059125185012817,0.002813827944919467
example_images/synthetic_nested_shapes/clean/2048/nested_star_square_oval_low_contrast_warm_colors_2048.png,low_contrast_warm_colors,2048,2,25,brute_180,180,all,71295,3.345651626586914,0.37991562485694885,8.379918098449707,27.000019073486328,48.00000762939453,89.92152404785156,0.0027926804032176733
example_images/synthetic_nested_shapes/clean/2048/nested_star_square_oval_low_contrast_warm_colors_2048.png,low_contrast_warm_colors,2048,2,25,brute_180_vs_steerable,180,all,71295,0.21576683223247528,0.2085598260164261,0.45715823769569397,0.48239782452583313,0.4953526556491852,0.4999903440475464,0.0027926804032176733
example_images/synthetic_nested_shapes/clean/2048/nested_star_square_oval_low_contrast_warm_colors_2048.png,low_contrast_warm_colors,2048,2,25,brute_180,180,smooth,60696,0.9099858403205872,0.37991562485694885,0.6200855374336243,0.6487621068954468,16.125572204589844,89.92152404785156,0.002813827944919467
example_images/synthetic_nested_shapes/clean/2048/nested_star_square_oval_low_contrast_warm_colors_2048.png,low_contrast_warm_colors,2048,2,25,brute_180_vs_steerable,180,smooth,60696,0.21040615439414978,0.19445890188217163,0.4591014087200165,0.4831129312515259,0.49536630511283875,0.4999903440475464,0.002813827944919467
example_images/synthetic_nested_shapes/clean/2048/nested_star_square_oval_low_contrast_warm_colors_2048.png,low_contrast_warm_colors,2048,4,25,steerable_atan2,0,all,71295,2.1681156158447266,0.12360593676567078,3.103083372116089,11.166840553283691,45.98576354980469,89.77384185791016,0.005019816104322672
example_images/synthetic_nested_shapes/clean/2048/nested_star_square_oval_low_contrast_warm_colors_2048.png,low_contrast_warm_colors,2048,4,25,steerable_atan2,0,smooth,60696,0.28920093178749084,0.0878908783197403,0.40828824043273926,0.535739541053772,3.41123628616333,68.99219512939453,0.00505125941708684
example_images/synthetic_nested_shapes/clean/2048/nested_star_square_oval_low_contrast_warm_colors_2048.png,low_contrast_warm_colors,2048,4,25,brute_16,16,all,71295,3.814260244369507,1.1299182176589966,5.62992000579834,11.448817253112793,45.0,88.87992095947266,0.005019816104322672
example_images/synthetic_nested_shapes/clean/2048/nested_star_square_oval_low_contrast_warm_colors_2048.png,low_contrast_warm_colors,2048,4,25,brute_16_vs_steerable,16,all,71295,2.1629703044891357,1.5543667078018188,5.199888706207275,5.491799831390381,5.603615760803223,5.62492036819458,0.005019816104322672
example_images/synthetic_nested_shapes/clean/2048/nested_star_square_oval_low_contrast_warm_colors_2048.png,low_contrast_warm_colors,2048,4,25,brute_16,16,smooth,60696,2.1579761505126953,1.1299182176589966,5.620084762573242,5.62992000579834,5.720918655395508,67.17586517333984,0.00505125941708684
example_images/synthetic_nested_shapes/clean/2048/nested_star_square_oval_low_contrast_warm_colors_2048.png,low_contrast_warm_colors,2048,4,25,brute_16_vs_steerable,16,smooth,60696,2.061539888381958,1.335588812828064,5.220409393310547,5.504162788391113,5.606929779052734,5.624899864196777,0.00505125941708684
example_images/synthetic_nested_shapes/clean/2048/nested_star_square_oval_low_contrast_warm_colors_2048.png,low_contrast_warm_colors,2048,4,25,brute_32,32,all,71295,2.897812604904175,1.1200827360153198,3.3799123764038086,11.254915237426758,45.00492477416992,88.87992095947266,0.005019816104322672
example_images/synthetic_nested_shapes/clean/2048/nested_star_square_oval_low_contrast_warm_colors_2048.png,low_contrast_warm_colors,2048,4,25,brute_32_vs_steerable,32,all,71295,1.0610580444335938,1.0027742385864258,2.3403780460357666,2.4498291015625,2.7204108238220215,2.811647415161133,0.005019816104322672
example_images/synthetic_nested_shapes/clean/2048/nested_star_square_oval_low_contrast_warm_colors_2048.png,low_contrast_warm_colors,2048,4,25,brute_32,32,smooth,60696,1.1003369092941284,1.1200759410858154,2.2549185752868652,2.2605552673339844,4.164616584777832,70.01566314697266,0.00505125941708684
example_images/synthetic_nested_shapes/clean/2048/nested_star_square_oval_low_contrast_warm_colors_2048.png,low_contrast_warm_colors,2048,4,25,brute_32_vs_steerable,32,smooth,60696,1.00523841381073,0.9390007853507996,2.3211441040039062,2.4108245372772217,2.6829886436462402,2.811558723449707,0.00505125941708684
example_images/synthetic_nested_shapes/clean/2048/nested_star_square_oval_low_contrast_warm_colors_2048.png,low_contrast_warm_colors,2048,4,25,brute_64,64,all,71295,2.494793653488159,0.5674111247062683,2.8125011920928955,11.254915237426758,46.12992858886719,88.87992095947266,0.005019816104322672
example_images/synthetic_nested_shapes/clean/2048/nested_star_square_oval_low_contrast_warm_colors_2048.png,low_contrast_warm_colors,2048,4,25,brute_64_vs_steerable,64,all,71295,0.5395098924636841,0.5027907490730286,1.2147600650787354,1.317100167274475,1.3879626989364624,1.4061379432678223,0.005019816104322672
example_images/synthetic_nested_shapes/clean/2048/nested_star_square_oval_low_contrast_warm_colors_2048.png,low_contrast_warm_colors,2048,4,25,brute_64,64,smooth,60696,0.6602679491043091,0.5575824975967407,1.1299182176589966,1.6481964588165283,3.2544076442718506,70.01566314697266,0.00505125941708684
example_images/synthetic_nested_shapes/clean/2048/nested_star_square_oval_low_contrast_warm_colors_2048.png,low_contrast_warm_colors,2048,4,25,brute_64_vs_steerable,64,smooth,60696,0.5156622529029846,0.47982078790664673,1.1997158527374268,1.3104794025421143,1.3879626989364624,1.4061379432678223,0.00505125941708684
example_images/synthetic_nested_shapes/clean/2048/nested_star_square_oval_low_contrast_warm_colors_2048.png,low_contrast_warm_colors,2048,4,25,brute_180,180,all,71295,2.318850040435791,0.37991562485694885,3.0000035762786865,11.379915237426758,46.379913330078125,89.62007904052734,0.005019816104322672
example_images/synthetic_nested_shapes/clean/2048/nested_star_square_oval_low_contrast_warm_colors_2048.png,low_contrast_warm_colors,2048,4,25,brute_180_vs_steerable,180,all,71295,0.23081019520759583,0.256685346364975,0.4489046037197113,0.47374191880226135,0.4958934485912323,0.49999716877937317,0.005019816104322672
example_images/synthetic_nested_shapes/clean/2048/nested_star_square_oval_low_contrast_warm_colors_2048.png,low_contrast_warm_colors,2048,4,25,brute_180,180,smooth,60696,0.462588906288147,0.37991562485694885,0.6200855374336243,0.6955796480178833,3.469602346420288,68.64067077636719,0.00505125941708684
example_images/synthetic_nested_shapes/clean/2048/nested_star_square_oval_low_contrast_warm_colors_2048.png,low_contrast_warm_colors,2048,4,25,brute_180_vs_steerable,180,smooth,60696,0.22789758443832397,0.2581675052642822,0.44775986671447754,0.4730452597141266,0.49587857723236084,0.49999716877937317,0.00505125941708684
example_images/synthetic_nested_shapes/clean/2048/nested_star_square_oval_low_contrast_warm_colors_2048.png,low_contrast_warm_colors,2048,6,25,steerable_atan2,0,all,71295,1.694811224937439,0.15462864935398102,1.8769428730010986,6.620338439941406,41.69509506225586,89.91223907470703,0.007068695034831762
example_images/synthetic_nested_shapes/clean/2048/nested_star_square_oval_low_contrast_warm_colors_2048.png,low_contrast_warm_colors,2048,6,25,steerable_atan2,0,smooth,60696,0.23876361548900604,0.12004057317972183,0.5039108991622925,0.7230967283248901,2.169431209564209,13.18270206451416,0.007105427794158459
example_images/synthetic_nested_shapes/clean/2048/nested_star_square_oval_low_contrast_warm_colors_2048.png,low_contrast_warm_colors,2048,6,25,brute_16,16,all,71295,3.3397936820983887,1.1299182176589966,5.62992000579834,7.879914283752441,41.62992858886719,88.87992095947266,0.007068695034831762
example_images/synthetic_nested_shapes/clean/2048/nested_star_square_oval_low_contrast_warm_colors_2048.png,low_contrast_warm_colors,2048,6,25,brute_16_vs_steerable,16,all,71295,2.1925179958343506,1.5190545320510864,5.230866432189941,5.504681587219238,5.589171409606934,5.624797344207764,0.007068695034831762
example_images/synthetic_nested_shapes/clean/2048/nested_star_square_oval_low_contrast_warm_colors_2048.png,low_contrast_warm_colors,2048,6,25,brute_16,16,smooth,60696,2.0770304203033447,1.1299182176589966,5.620084762573242,5.62992000579834,5.656599044799805,15.3168363571167,0.007105427794158459
example_images/synthetic_nested_shapes/clean/2048/nested_star_square_oval_low_contrast_warm_colors_2048.png,low_contrast_warm_colors,2048,6,25,brute_16_vs_steerable,16,smooth,60696,2.0979092121124268,1.4323111772537231,5.302791595458984,5.520664215087891,5.589191436767578,5.624797344207764,0.007105427794158459
example_images/synthetic_nested_shapes/clean/2048/nested_star_square_oval_low_contrast_warm_colors_2048.png,low_contrast_warm_colors,2048,6,25,brute_32,32,all,71295,2.383528709411621,1.1200827360153198,2.725990056991577,6.754913806915283,41.62992858886719,89.99508666992188,0.007068695034831762
example_images/synthetic_nested_shapes/clean/2048/nested_star_square_oval_low_contrast_warm_colors_2048.png,low_contrast_warm_colors,2048,6,25,brute_32_vs_steerable,32,all,71295,1.0457630157470703,1.0765812397003174,2.2783188819885254,2.4192121028900146,2.7115023136138916,2.8124396800994873,0.007068695034831762
example_images/synthetic_nested_shapes/clean/2048/nested_star_square_oval_low_contrast_warm_colors_2048.png,low_contrast_warm_colors,2048,6,25,brute_32,32,smooth,60696,1.0109620094299316,1.1200759410858154,2.2549118995666504,2.2549185752868652,3.2049059867858887,13.899927139282227,0.007105427794158459
example_images/synthetic_nested_shapes/clean/2048/nested_star_square_oval_low_contrast_warm_colors_2048.png,low_contrast_warm_colors,2048,6,25,brute_32_vs_steerable,32,smooth,60696,0.9931520223617554,1.0206351280212402,2.2521557807922363,2.395156145095825,2.635007381439209,2.8124396800994873,0.007105427794158459
example_images/synthetic_nested_shapes/clean/2048/nested_star_square_oval_low_contrast_warm_colors_2048.png,low_contrast_warm_colors,2048,6,25,brute_64,64,all,71295,2.0076215267181396,0.5575893521308899,2.2549185752868652,6.7450852394104,42.1874885559082,89.99508666992188,0.007068695034831762
example_images/synthetic_nested_shapes/clean/2048/nested_star_square_oval_low_contrast_warm_colors_2048.png,low_contrast_warm_colors,2048,6,25,brute_64_vs_steerable,64,all,71295,0.5767976641654968,0.5646858811378479,1.2847927808761597,1.3483995199203491,1.392183780670166,1.4058715105056763,0.007068695034831762
example_images/synthetic_nested_shapes/clean/2048/nested_star_square_oval_low_contrast_warm_colors_2048.png,low_contrast_warm_colors,2048,6,25,brute_64,64,smooth,60696,0.5861345529556274,0.5575824975967407,1.2250217199325562,1.6924184560775757,2.8125011920928955,13.899927139282227,0.007105427794158459
example_images/synthetic_nested_shapes/clean/2048/nested_star_square_oval_low_contrast_warm_colors_2048.png,low_contrast_warm_colors,2048,6,25,brute_64_vs_steerable,64,smooth,60696,0.5568653345108032,0.5375564098358154,1.2875316143035889,1.348463773727417,1.3915759325027466,1.4058510065078735,0.007105427794158459
example_images/synthetic_nested_shapes/clean/2048/nested_star_square_oval_low_contrast_warm_colors_2048.png,low_contrast_warm_colors,2048,6,25,brute_180,180,all,71295,1.8168998956680298,0.37991562485694885,1.999995470046997,6.620079040527344,41.37991714477539,89.6200942993164,0.007068695034831762
example_images/synthetic_nested_shapes/clean/2048/nested_star_square_oval_low_contrast_warm_colors_2048.png,low_contrast_warm_colors,2048,6,25,brute_180_vs_steerable,180,all,71295,0.20358172059059143,0.20049338042736053,0.44327929615974426,0.46836861968040466,0.49249762296676636,0.49999716877937317,0.007068695034831762
example_images/synthetic_nested_shapes/clean/2048/nested_star_square_oval_low_contrast_warm_colors_2048.png,low_contrast_warm_colors,2048,6,25,brute_180,180,smooth,60696,0.3754903972148895,0.37991562485694885,0.6200855374336243,0.7984713315963745,2.000002384185791,13.399943351745605,0.007105427794158459
example_images/synthetic_nested_shapes/clean/2048/nested_star_square_oval_low_contrast_warm_colors_2048.png,low_contrast_warm_colors,2048,6,25,brute_180_vs_steerable,180,smooth,60696,0.19669313728809357,0.18794973194599152,0.4427874982357025,0.46671879291534424,0.49024641513824463,0.4999903440475464,0.007105427794158459
example_images/synthetic_nested_shapes/clean/2048/nested_star_square_oval_low_contrast_warm_colors_2048.png,low_contrast_warm_colors,2048,8,25,steerable_atan2,0,all,71295,1.507758378982544,0.23064182698726654,1.5979090929031372,5.7415008544921875,36.34362030029297,89.23516082763672,0.008939928375184536
example_images/synthetic_nested_shapes/clean/2048/nested_star_square_oval_low_contrast_warm_colors_2048.png,low_contrast_warm_colors,2048,8,25,steerable_atan2,0,smooth,60696,0.31095901131629944,0.17181682586669922,0.7502416372299194,0.9553590416908264,1.8601865768432617,9.186755180358887,0.008977275341749191
example_images/synthetic_nested_shapes/clean/2048/nested_star_square_oval_low_contrast_warm_colors_2048.png,low_contrast_warm_colors,2048,8,25,brute_16,16,all,71295,3.098223924636841,1.1299182176589966,5.62992000579834,6.731529235839844,34.87992477416992,88.87992095947266,0.008939928375184536
example_images/synthetic_nested_shapes/clean/2048/nested_star_square_oval_low_contrast_warm_colors_2048.png,low_contrast_warm_colors,2048,8,25,brute_16_vs_steerable,16,all,71295,2.122019052505493,1.5946511030197144,5.098613262176514,5.4405598640441895,5.573781490325928,5.624940872192383,0.008939928375184536
example_images/synthetic_nested_shapes/clean/2048/nested_star_square_oval_low_contrast_warm_colors_2048.png,low_contrast_warm_colors,2048,8,25,brute_16,16,smooth,60696,2.0795278549194336,1.1299182176589966,5.620084762573242,5.62992000579834,5.901883602142334,13.291589736938477,0.008977275341749191
example_images/synthetic_nested_shapes/clean/2048/nested_star_square_oval_low_contrast_warm_colors_2048.png,low_contrast_warm_colors,2048,8,25,brute_16_vs_steerable,16,smooth,60696,2.0259673595428467,1.4108984470367432,5.099569320678711,5.445436477661133,5.57598876953125,5.624387741088867,0.008977275341749191
example_images/synthetic_nested_shapes/clean/2048/nested_star_square_oval_low_contrast_warm_colors_2048.png,low_contrast_warm_colors,2048,8,25,brute_32,32,all,71295,2.152141809463501,1.1200827360153198,3.3700835704803467,5.629913330078125,36.004913330078125,89.99507904052734,0.008939928375184536
example_images/synthetic_nested_shapes/clean/2048/nested_star_square_oval_low_contrast_warm_colors_2048.png,low_contrast_warm_colors,2048,8,25,brute_32_vs_steerable,32,all,71295,1.0407371520996094,0.930736243724823,2.393023729324341,2.5714290142059326,2.7640137672424316,2.8124260902404785,0.008939928375184536
example_images/synthetic_nested_shapes/clean/2048/nested_star_square_oval_low_contrast_warm_colors_2048.png,low_contrast_warm_colors,2048,8,25,brute_32,32,smooth,60696,1.0347801446914673,1.1200759410858154,2.2549185752868652,2.734097480773926,3.3799190521240234,10.546481132507324,0.008977275341749191
example_images/synthetic_nested_shapes/clean/2048/nested_star_square_oval_low_contrast_warm_colors_2048.png,low_contrast_warm_colors,2048,8,25,brute_32_vs_steerable,32,smooth,60696,0.9884173274040222,0.8269480466842651,2.3783743381500244,2.5535175800323486,2.760899066925049,2.812173366546631,0.008977275341749191
example_images/synthetic_nested_shapes/clean/2048/nested_star_square_oval_low_contrast_warm_colors_2048.png,low_contrast_warm_colors,2048,8,25,brute_64,64,all,71295,1.7558815479278564,0.5575893521308899,2.2450830936431885,5.625002384185791,36.567413330078125,89.99507904052734,0.008939928375184536
example_images/synthetic_nested_shapes/clean/2048/nested_star_square_oval_low_contrast_warm_colors_2048.png,low_contrast_warm_colors,2048,8,25,brute_64_vs_steerable,64,all,71295,0.5339629650115967,0.50162273645401,1.203820824623108,1.3124208450317383,1.3933470249176025,1.4061379432678223,0.008939928375184536
example_images/synthetic_nested_shapes/clean/2048/nested_star_square_oval_low_contrast_warm_colors_2048.png,low_contrast_warm_colors,2048,8,25,brute_64,64,smooth,60696,0.5863485932350159,0.5575824975967407,1.3227789402008057,1.682582974433899,2.7265470027923584,10.561508178710938,0.008977275341749191
example_images/synthetic_nested_shapes/clean/2048/nested_star_square_oval_low_contrast_warm_colors_2048.png,low_contrast_warm_colors,2048,8,25,brute_64_vs_steerable,64,smooth,60696,0.5070942044258118,0.4449765682220459,1.1816158294677734,1.305187702178955,1.3936455249786377,1.405857801437378,0.008977275341749191
example_images/synthetic_nested_shapes/clean/2048/nested_star_square_oval_low_contrast_warm_colors_2048.png,low_contrast_warm_colors,2048,8,25,brute_180,180,all,71295,1.6032328605651855,0.37992244958877563,1.6200867891311646,5.620084762573242,36.37991714477539,89.37992095947266,0.008939928375184536
example_images/synthetic_nested_shapes/clean/2048/nested_star_square_oval_low_contrast_warm_colors_2048.png,low_contrast_warm_colors,2048,8,25,brute_180_vs_steerable,180,all,71295,0.2009960561990738,0.19513167440891266,0.43834787607192993,0.4705139696598053,0.49530482292175293,0.49996984004974365,0.008939928375184536
example_images/synthetic_nested_shapes/clean/2048/nested_star_square_oval_low_contrast_warm_colors_2048.png,low_contrast_warm_colors,2048,8,25,brute_180,180,smooth,60696,0.41749200224876404,0.37991562485694885,0.6433082222938538,1.0432926416397095,2.000002384185791,9.421481132507324,0.008977275341749191
example_images/synthetic_nested_shapes/clean/2048/nested_star_square_oval_low_contrast_warm_colors_2048.png,low_contrast_warm_colors,2048,8,25,brute_180_vs_steerable,180,smooth,60696,0.19399307668209076,0.18576066195964813,0.43728920817375183,0.46896079182624817,0.4952775239944458,0.4998469054698944,0.008977275341749191
example_images/synthetic_nested_shapes/clean/2048/nested_star_square_oval_low_contrast_mixed_chroma_2048.png,low_contrast_mixed_chroma,2048,2,25,steerable_atan2,0,all,71295,3.103114128112793,0.15460816025733948,8.611824035644531,26.663198471069336,45.08150863647461,89.8929214477539,0.0012502958998084068
example_images/synthetic_nested_shapes/clean/2048/nested_star_square_oval_low_contrast_mixed_chroma_2048.png,low_contrast_mixed_chroma,2048,2,25,steerable_atan2,0,smooth,60696,0.6500997543334961,0.11633861064910889,0.3743763267993927,0.5512747764587402,13.752107620239258,89.8929214477539,0.0012149284593760967
example_images/synthetic_nested_shapes/clean/2048/nested_star_square_oval_low_contrast_mixed_chroma_2048.png,low_contrast_mixed_chroma,2048,2,25,brute_16,16,all,71295,4.708214282989502,1.856144905090332,9.482948303222656,25.879915237426758,45.0,89.53075408935547,0.0012502958998084068
example_images/synthetic_nested_shapes/clean/2048/nested_star_square_oval_low_contrast_mixed_chroma_2048.png,low_contrast_mixed_chroma,2048,2,25,brute_16_vs_steerable,16,all,71295,2.15985369682312,1.3208014965057373,5.2884626388549805,5.528812885284424,5.612632751464844,5.624954700469971,0.0012502958998084068
example_images/synthetic_nested_shapes/clean/2048/nested_star_square_oval_low_contrast_mixed_chroma_2048.png,low_contrast_mixed_chroma,2048,2,25,brute_16,16,smooth,60696,2.4710447788238525,1.1299182176589966,5.620084762573242,5.62992000579834,13.378236770629883,89.53075408935547,0.0012149284593760967
example_images/synthetic_nested_shapes/clean/2048/nested_star_square_oval_low_contrast_mixed_chroma_2048.png,low_contrast_mixed_chroma,2048,2,25,brute_16_vs_steerable,16,smooth,60696,2.058979034423828,1.0572996139526367,5.318572521209717,5.5420427322387695,5.613883018493652,5.624332904815674,0.0012149284593760967
example_images/synthetic_nested_shapes/clean/2048/nested_star_square_oval_low_contrast_mixed_chroma_2048.png,low_contrast_mixed_chroma,2048,2,25,brute_32,32,all,71295,3.793628215789795,1.1299182176589966,9.002524375915527,27.00492286682129,45.00491714477539,89.53075408935547,0.0012502958998084068
example_images/synthetic_nested_shapes/clean/2048/nested_star_square_oval_low_contrast_mixed_chroma_2048.png,low_contrast_mixed_chroma,2048,2,25,brute_32_vs_steerable,32,all,71295,0.9825078845024109,0.9128752946853638,2.162738561630249,2.368572950363159,2.722165822982788,2.8120436668395996,0.0012502958998084068
example_images/synthetic_nested_shapes/clean/2048/nested_star_square_oval_low_contrast_mixed_chroma_2048.png,low_contrast_mixed_chroma,2048,2,25,brute_32,32,smooth,60696,1.4382948875427246,1.1200759410858154,2.2549185752868652,2.4194443225860596,13.494596481323242,89.53075408935547,0.0012149284593760967
example_images/synthetic_nested_shapes/clean/2048/nested_star_square_oval_low_contrast_mixed_chroma_2048.png,low_contrast_mixed_chroma,2048,2,25,brute_32_vs_steerable,32,smooth,60696,0.9201976656913757,0.8830478191375732,2.1316611766815186,2.272294759750366,2.680351734161377,2.8120436668395996,0.0012149284593760967
example_images/synthetic_nested_shapes/clean/2048/nested_star_square_oval_low_contrast_mixed_chroma_2048.png,low_contrast_mixed_chroma,2048,2,25,brute_64,64,all,71295,3.3942418098449707,0.5674111247062683,8.442414283752441,26.869752883911133,45.00491714477539,89.99015808105469,0.0012502958998084068
example_images/synthetic_nested_shapes/clean/2048/nested_star_square_oval_low_contrast_mixed_chroma_2048.png,low_contrast_mixed_chroma,2048,2,25,brute_64_vs_steerable,64,all,71295,0.5445432066917419,0.6497558951377869,1.0680161714553833,1.194217562675476,1.364385724067688,1.406233549118042,0.0012502958998084068
example_images/synthetic_nested_shapes/clean/2048/nested_star_square_oval_low_contrast_mixed_chroma_2048.png,low_contrast_mixed_chroma,2048,2,25,brute_64,64,smooth,60696,0.9842450022697449,0.5575824975967407,1.1299182176589966,1.3035757541656494,13.93682861328125,89.99015808105469,0.0012149284593760967
example_images/synthetic_nested_shapes/clean/2048/nested_star_square_oval_low_contrast_mixed_chroma_2048.png,low_contrast_mixed_chroma,2048,2,25,brute_64_vs_steerable,64,smooth,60696,0.5209487080574036,0.632192075252533,1.0416995286941528,1.1452314853668213,1.3443667888641357,1.406233549118042,0.0012149284593760967
example_images/synthetic_nested_shapes/clean/2048/nested_star_square_oval_low_contrast_mixed_chroma_2048.png,low_contrast_mixed_chroma,2048,2,25,brute_180,180,all,71295,3.2421212196350098,0.37991562485694885,8.379918098449707,26.379919052124023,45.37991714477539,89.87849426269531,0.0012502958998084068
example_images/synthetic_nested_shapes/clean/2048/nested_star_square_oval_low_contrast_mixed_chroma_2048.png,low_contrast_mixed_chroma,2048,2,25,brute_180_vs_steerable,180,all,71295,0.21583221852779388,0.2088945060968399,0.45715823769569397,0.48169636726379395,0.49505895376205444,0.49999716877937317,0.0012502958998084068
example_images/synthetic_nested_shapes/clean/2048/nested_star_square_oval_low_contrast_mixed_chroma_2048.png,low_contrast_mixed_chroma,2048,2,25,brute_180,180,smooth,60696,0.8114819526672363,0.37991562485694885,0.6200855374336243,0.7310044169425964,13.866436004638672,89.87849426269531,0.0012149284593760967
example_images/synthetic_nested_shapes/clean/2048/nested_star_square_oval_low_contrast_mixed_chroma_2048.png,low_contrast_mixed_chroma,2048,2,25,brute_180_vs_steerable,180,smooth,60696,0.21051375567913055,0.19509069621562958,0.458920419216156,0.4823889434337616,0.4950657784938812,0.4999835193157196,0.0012149284593760967
example_images/synthetic_nested_shapes/clean/2048/nested_star_square_oval_low_contrast_mixed_chroma_2048.png,low_contrast_mixed_chroma,2048,4,25,steerable_atan2,0,all,71295,2.0748438835144043,0.12323710322380066,3.778761148452759,12.74802303314209,41.71803665161133,89.72467803955078,0.0022271485067903996
example_images/synthetic_nested_shapes/clean/2048/nested_star_square_oval_low_contrast_mixed_chroma_2048.png,low_contrast_mixed_chroma,2048,4,25,steerable_atan2,0,smooth,60696,0.5099686980247498,0.08738885819911957,0.4084179997444153,0.537153422832489,12.728790283203125,89.72467803955078,0.0021472638472914696
example_images/synthetic_nested_shapes/clean/2048/nested_star_square_oval_low_contrast_mixed_chroma_2048.png,low_contrast_mixed_chroma,2048,4,25,brute_16,16,all,71295,3.700911283493042,1.1299182176589966,5.62992000579834,12.379922866821289,41.62992858886719,89.75035858154297,0.0022271485067903996
example_images/synthetic_nested_shapes/clean/2048/nested_star_square_oval_low_contrast_mixed_chroma_2048.png,low_contrast_mixed_chroma,2048,4,25,brute_16_vs_steerable,16,all,71295,2.1508350372314453,1.517346978187561,5.204521179199219,5.4916157722473145,5.603817462921143,5.624975204467773,0.0022271485067903996
example_images/synthetic_nested_shapes/clean/2048/nested_star_square_oval_low_contrast_mixed_chroma_2048.png,low_contrast_mixed_chroma,2048,4,25,brute_16,16,smooth,60696,2.350429058074951,1.1299182176589966,5.620084762573242,5.62992000579834,12.7713623046875,89.75035858154297,0.0021472638472914696
example_images/synthetic_nested_shapes/clean/2048/nested_star_square_oval_low_contrast_mixed_chroma_2048.png,low_contrast_mixed_chroma,2048,4,25,brute_16_vs_steerable,16,smooth,60696,2.0461645126342773,1.327843427658081,5.220709800720215,5.504244804382324,5.607802867889404,5.6249613761901855,0.0021472638472914696
example_images/synthetic_nested_shapes/clean/2048/nested_star_square_oval_low_contrast_mixed_chroma_2048.png,low_contrast_mixed_chroma,2048,4,25,brute_32,32,all,71295,2.7984256744384766,1.1200827360153198,4.504906177520752,12.634540557861328,40.504913330078125,89.75035858154297,0.0022271485067903996
example_images/synthetic_nested_shapes/clean/2048/nested_star_square_oval_low_contrast_mixed_chroma_2048.png,low_contrast_mixed_chroma,2048,4,25,brute_32_vs_steerable,32,all,71295,1.0478497743606567,0.9767853617668152,2.339186668395996,2.44795560836792,2.7190067768096924,2.8118796348571777,0.0022271485067903996
example_images/synthetic_nested_shapes/clean/2048/nested_star_square_oval_low_contrast_mixed_chroma_2048.png,low_contrast_mixed_chroma,2048,4,25,brute_32,32,smooth,60696,1.3135734796524048,1.1200759410858154,2.2549185752868652,2.4165210723876953,12.813121795654297,89.75035858154297,0.0021472638472914696
example_images/synthetic_nested_shapes/clean/2048/nested_star_square_oval_low_contrast_mixed_chroma_2048.png,low_contrast_mixed_chroma,2048,4,25,brute_32_vs_steerable,32,smooth,60696,0.9910808801651001,0.9213207960128784,2.321021318435669,2.410510301589966,2.677305221557617,2.8118796348571777,0.0021472638472914696
example_images/synthetic_nested_shapes/clean/2048/nested_star_square_oval_low_contrast_mixed_chroma_2048.png,low_contrast_mixed_chroma,2048,4,25,brute_64,64,all,71295,2.3917551040649414,0.5674111247062683,3.3799190521240234,12.942402839660645,41.62992858886719,89.75035858154297,0.0022271485067903996
example_images/synthetic_nested_shapes/clean/2048/nested_star_square_oval_low_contrast_mixed_chroma_2048.png,low_contrast_mixed_chroma,2048,4,25,brute_64_vs_steerable,64,all,71295,0.531982421875,0.49288010597229004,1.2066826820373535,1.3122719526290894,1.3880925178527832,1.4062403440475464,0.0022271485067903996
example_images/synthetic_nested_shapes/clean/2048/nested_star_square_oval_low_contrast_mixed_chroma_2048.png,low_contrast_mixed_chroma,2048,4,25,brute_64,64,smooth,60696,0.8694314956665039,0.5575824975967407,1.1299182176589966,1.682582974433899,12.606456756591797,89.75035858154297,0.0021472638472914696
example_images/synthetic_nested_shapes/clean/2048/nested_star_square_oval_low_contrast_mixed_chroma_2048.png,low_contrast_mixed_chroma,2048,4,25,brute_64_vs_steerable,64,smooth,60696,0.5074285268783569,0.4698008894920349,1.1934115886688232,1.3047573566436768,1.388037919998169,1.4062403440475464,0.0021472638472914696
example_images/synthetic_nested_shapes/clean/2048/nested_star_square_oval_low_contrast_mixed_chroma_2048.png,low_contrast_mixed_chroma,2048,4,25,brute_180,180,all,71295,2.224885940551758,0.37991562485694885,3.620089054107666,12.858318328857422,41.379920959472656,89.99966430664062,0.0022271485067903996
example_images/synthetic_nested_shapes/clean/2048/nested_star_square_oval_low_contrast_mixed_chroma_2048.png,low_contrast_mixed_chroma,2048,4,25,brute_180_vs_steerable,180,all,71295,0.2313176989555359,0.25830408930778503,0.4493335485458374,0.4740287959575653,0.4959673583507538,0.49999716877937317,0.0022271485067903996
example_images/synthetic_nested_shapes/clean/2048/nested_star_square_oval_low_contrast_mixed_chroma_2048.png,low_contrast_mixed_chroma,2048,4,25,brute_180,180,smooth,60696,0.6817801594734192,0.37991562485694885,0.6200855374336243,0.7094312906265259,12.650264739990234,89.99966430664062,0.0021472638472914696
example_images/synthetic_nested_shapes/clean/2048/nested_star_square_oval_low_contrast_mixed_chroma_2048.png,low_contrast_mixed_chroma,2048,4,25,brute_180_vs_steerable,180,smooth,60696,0.22828355431556702,0.26033949851989746,0.4482448101043701,0.4735301733016968,0.495960533618927,0.49999716877937317,0.0021472638472914696
example_images/synthetic_nested_shapes/clean/2048/nested_star_square_oval_low_contrast_mixed_chroma_2048.png,low_contrast_mixed_chroma,2048,6,25,steerable_atan2,0,all,71295,1.6675325632095337,0.15307819843292236,2.461120843887329,8.261955261230469,37.34454345703125,71.9930191040039,0.0031271290499716997
example_images/synthetic_nested_shapes/clean/2048/nested_star_square_oval_low_contrast_mixed_chroma_2048.png,low_contrast_mixed_chroma,2048,6,25,steerable_atan2,0,smooth,60696,0.44632092118263245,0.1183125376701355,0.4944647252559662,0.7314910888671875,10.886582374572754,51.2991828918457,0.003008889267221093
example_images/synthetic_nested_shapes/clean/2048/nested_star_square_oval_low_contrast_mixed_chroma_2048.png,low_contrast_mixed_chroma,2048,6,25,brute_16,16,all,71295,3.3003036975860596,1.1299182176589966,5.62992000579834,10.120086669921875,37.12992477416992,68.62992858886719,0.0031271290499716997
example_images/synthetic_nested_shapes/clean/2048/nested_star_square_oval_low_contrast_mixed_chroma_2048.png,low_contrast_mixed_chroma,2048,6,25,brute_16_vs_steerable,16,all,71295,2.175645589828491,1.5012482404708862,5.232304573059082,5.505446910858154,5.589424133300781,5.624797344207764,0.0031271290499716997
example_images/synthetic_nested_shapes/clean/2048/nested_star_square_oval_low_contrast_mixed_chroma_2048.png,low_contrast_mixed_chroma,2048,6,25,brute_16,16,smooth,60696,2.2636477947235107,1.1299182176589966,5.620084762573242,5.62992000579834,10.693781852722168,50.10242462158203,0.003008889267221093
example_images/synthetic_nested_shapes/clean/2048/nested_star_square_oval_low_contrast_mixed_chroma_2048.png,low_contrast_mixed_chroma,2048,6,25,brute_16_vs_steerable,16,smooth,60696,2.0801010131835938,1.415488362312317,5.300971031188965,5.520834922790527,5.589451313018799,5.624797344207764,0.003008889267221093
example_images/synthetic_nested_shapes/clean/2048/nested_star_square_oval_low_contrast_mixed_chroma_2048.png,low_contrast_mixed_chroma,2048,6,25,brute_32,32,all,71295,2.352937698364258,1.1200827360153198,3.073843479156494,8.182368278503418,38.254905700683594,73.125,0.0031271290499716997
example_images/synthetic_nested_shapes/clean/2048/nested_star_square_oval_low_contrast_mixed_chroma_2048.png,low_contrast_mixed_chroma,2048,6,25,brute_32_vs_steerable,32,all,71295,1.035191297531128,1.0582149028778076,2.2766482830047607,2.41689395904541,2.7096197605133057,2.812405586242676,0.0031271290499716997
example_images/synthetic_nested_shapes/clean/2048/nested_star_square_oval_low_contrast_mixed_chroma_2048.png,low_contrast_mixed_chroma,2048,6,25,brute_32,32,smooth,60696,1.215469479560852,1.1200759410858154,2.2549185752868652,2.3899447917938232,10.67054557800293,49.7142219543457,0.003008889267221093
example_images/synthetic_nested_shapes/clean/2048/nested_star_square_oval_low_contrast_mixed_chroma_2048.png,low_contrast_mixed_chroma,2048,6,25,brute_32_vs_steerable,32,smooth,60696,0.9813366532325745,0.9915317296981812,2.2481977939605713,2.3949239253997803,2.6315789222717285,2.812405586242676,0.003008889267221093
example_images/synthetic_nested_shapes/clean/2048/nested_star_square_oval_low_contrast_mixed_chroma_2048.png,low_contrast_mixed_chroma,2048,6,25,brute_64,64,all,71295,1.9775216579437256,0.5575893521308899,2.8124876022338867,8.437503814697266,37.12992477416992,73.125,0.0031271290499716997
example_images/synthetic_nested_shapes/clean/2048/nested_star_square_oval_low_contrast_mixed_chroma_2048.png,low_contrast_mixed_chroma,2048,6,25,brute_64_vs_steerable,64,all,71295,0.5694538354873657,0.5530540943145752,1.2837750911712646,1.3471558094024658,1.3915759325027466,1.4060218334197998,0.0031271290499716997
example_images/synthetic_nested_shapes/clean/2048/nested_star_square_oval_low_contrast_mixed_chroma_2048.png,low_contrast_mixed_chroma,2048,6,25,brute_64,64,smooth,60696,0.790343701839447,0.5575824975967407,1.308732509613037,1.6924184560775757,11.024007797241211,52.526729583740234,0.003008889267221093
example_images/synthetic_nested_shapes/clean/2048/nested_star_square_oval_low_contrast_mixed_chroma_2048.png,low_contrast_mixed_chroma,2048,6,25,brute_64_vs_steerable,64,smooth,60696,0.5480695962905884,0.5232881307601929,1.2846424579620361,1.3480198383331299,1.390858769416809,1.405782699584961,0.003008889267221093
example_images/synthetic_nested_shapes/clean/2048/nested_star_square_oval_low_contrast_mixed_chroma_2048.png,low_contrast_mixed_chroma,2048,6,25,brute_180,180,all,71295,1.7877197265625,0.37991562485694885,2.379917860031128,8.379918098449707,37.37990951538086,72.00000762939453,0.0031271290499716997
example_images/synthetic_nested_shapes/clean/2048/nested_star_square_oval_low_contrast_mixed_chroma_2048.png,low_contrast_mixed_chroma,2048,6,25,brute_180_vs_steerable,180,all,71295,0.2031908482313156,0.19967375695705414,0.44315633177757263,0.46829143166542053,0.492079496383667,0.4999903440475464,0.0031271290499716997
example_images/synthetic_nested_shapes/clean/2048/nested_star_square_oval_low_contrast_mixed_chroma_2048.png,low_contrast_mixed_chroma,2048,6,25,brute_180,180,smooth,60696,0.5807717442512512,0.37991562485694885,0.6200855374336243,0.7985806465148926,10.923561096191406,50.964229583740234,0.003008889267221093
example_images/synthetic_nested_shapes/clean/2048/nested_star_square_oval_low_contrast_mixed_chroma_2048.png,low_contrast_mixed_chroma,2048,6,25,brute_180_vs_steerable,180,smooth,60696,0.19603082537651062,0.1855318546295166,0.4428216516971588,0.46672049164772034,0.4897928833961487,0.4999903440475464,0.003008889267221093
example_images/synthetic_nested_shapes/clean/2048/nested_star_square_oval_low_contrast_mixed_chroma_2048.png,low_contrast_mixed_chroma,2048,8,25,steerable_atan2,0,all,71295,1.5402995347976685,0.2238662838935852,2.0328924655914307,6.432589530944824,35.559593200683594,78.77734375,0.003954725805670023
example_images/synthetic_nested_shapes/clean/2048/nested_star_square_oval_low_contrast_mixed_chroma_2048.png,low_contrast_mixed_chroma,2048,8,25,steerable_atan2,0,smooth,60696,0.4915044605731964,0.167868971824646,0.7608250379562378,0.9930241107940674,6.51822566986084,63.15597152709961,0.003799877827987075
example_images/synthetic_nested_shapes/clean/2048/nested_star_square_oval_low_contrast_mixed_chroma_2048.png,low_contrast_mixed_chroma,2048,8,25,brute_16,16,all,71295,3.109877347946167,1.1299182176589966,5.62992000579834,7.870085716247559,34.87992477416992,78.75001525878906,0.003954725805670023
example_images/synthetic_nested_shapes/clean/2048/nested_star_square_oval_low_contrast_mixed_chroma_2048.png,low_contrast_mixed_chroma,2048,8,25,brute_16_vs_steerable,16,all,71295,2.110908031463623,1.5828826427459717,5.098531246185303,5.440621376037598,5.573475360870361,5.624340057373047,0.003954725805670023
example_images/synthetic_nested_shapes/clean/2048/nested_star_square_oval_low_contrast_mixed_chroma_2048.png,low_contrast_mixed_chroma,2048,8,25,brute_16,16,smooth,60696,2.232424020767212,1.1299182176589966,5.620084762573242,5.62992000579834,7.526841163635254,63.49162292480469,0.003799877827987075
example_images/synthetic_nested_shapes/clean/2048/nested_star_square_oval_low_contrast_mixed_chroma_2048.png,low_contrast_mixed_chroma,2048,8,25,brute_16_vs_steerable,16,smooth,60696,2.014296293258667,1.4032896757125854,5.098934173583984,5.445395469665527,5.573475360870361,5.624340057373047,0.003799877827987075
example_images/synthetic_nested_shapes/clean/2048/nested_star_square_oval_low_contrast_mixed_chroma_2048.png,low_contrast_mixed_chroma,2048,8,25,brute_32,32,all,71295,2.1835546493530273,1.1200827360153198,3.3700973987579346,6.7450852394104,34.87992477416992,78.75001525878906,0.003954725805670023
example_images/synthetic_nested_shapes/clean/2048/nested_star_square_oval_low_contrast_mixed_chroma_2048.png,low_contrast_mixed_chroma,2048,8,25,brute_32_vs_steerable,32,all,71295,1.0323925018310547,0.9181686639785767,2.392232894897461,2.5703914165496826,2.7636585235595703,2.8124876022338867,0.003954725805670023
example_images/synthetic_nested_shapes/clean/2048/nested_star_square_oval_low_contrast_mixed_chroma_2048.png,low_contrast_mixed_chroma,2048,8,25,brute_32,32,smooth,60696,1.2135136127471924,1.1200759410858154,2.2549185752868652,3.1206042766571045,7.109155178070068,62.440086364746094,0.003799877827987075
example_images/synthetic_nested_shapes/clean/2048/nested_star_square_oval_low_contrast_mixed_chroma_2048.png,low_contrast_mixed_chroma,2048,8,25,brute_32_vs_steerable,32,smooth,60696,0.979017436504364,0.7945149540901184,2.3779919147491455,2.555230140686035,2.760864734649658,2.8124876022338867,0.003799877827987075
example_images/synthetic_nested_shapes/clean/2048/nested_star_square_oval_low_contrast_mixed_chroma_2048.png,low_contrast_mixed_chroma,2048,8,25,brute_64,64,all,71295,1.7873319387435913,0.5575893521308899,2.438030481338501,6.679934024810791,35.44241714477539,78.75001525878906,0.003954725805670023
example_images/synthetic_nested_shapes/clean/2048/nested_star_square_oval_low_contrast_mixed_chroma_2048.png,low_contrast_mixed_chroma,2048,8,25,brute_64_vs_steerable,64,all,71295,0.5277194380760193,0.4885292947292328,1.2023742198944092,1.3124523162841797,1.3934473991394043,1.4060696363449097,0.003954725805670023
example_images/synthetic_nested_shapes/clean/2048/nested_star_square_oval_low_contrast_mixed_chroma_2048.png,low_contrast_mixed_chroma,2048,8,25,brute_64,64,smooth,60696,0.7664185166358948,0.5575824975967407,1.4549976587295532,1.682582974433899,6.550215721130371,62.440086364746094,0.003799877827987075
example_images/synthetic_nested_shapes/clean/2048/nested_star_square_oval_low_contrast_mixed_chroma_2048.png,low_contrast_mixed_chroma,2048,8,25,brute_64_vs_steerable,64,smooth,60696,0.4986635148525238,0.43427708745002747,1.1806186437606812,1.3025376796722412,1.3934473991394043,1.4060149192810059,0.003799877827987075
example_images/synthetic_nested_shapes/clean/2048/nested_star_square_oval_low_contrast_mixed_chroma_2048.png,low_contrast_mixed_chroma,2048,8,25,brute_180,180,all,71295,1.6339362859725952,0.37992244958877563,2.000002384185791,6.501964569091797,35.379920959472656,79.00000762939453,0.003954725805670023
example_images/synthetic_nested_shapes/clean/2048/nested_star_square_oval_low_contrast_mixed_chroma_2048.png,low_contrast_mixed_chroma,2048,8,25,brute_180_vs_steerable,180,all,71295,0.20027995109558105,0.1920785754919052,0.43786293268203735,0.4699894189834595,0.49550291895866394,0.5000108480453491,0.003954725805670023
example_images/synthetic_nested_shapes/clean/2048/nested_star_square_oval_low_contrast_mixed_chroma_2048.png,low_contrast_mixed_chroma,2048,8,25,brute_180,180,smooth,60696,0.5961310863494873,0.37991562485694885,0.6301463842391968,1.2376985549926758,6.581331729888916,63.19009017944336,0.003799877827987075
example_images/synthetic_nested_shapes/clean/2048/nested_star_square_oval_low_contrast_mixed_chroma_2048.png,low_contrast_mixed_chroma,2048,8,25,brute_180_vs_steerable,180,smooth,60696,0.19317267835140228,0.1851254552602768,0.4373984932899475,0.4688515067100525,0.4951818883419037,0.5000108480453491,0.003799877827987075
example_images/synthetic_nested_shapes/clean/2048/nested_star_square_oval_warm_cool_midtones_2048.png,warm_cool_midtones,2048,2,25,steerable_atan2,0,all,71295,3.664517402648926,0.15639084577560425,10.683629989624023,30.075014114379883,49.99262619018555,89.92848205566406,0.014324158430099487
example_images/synthetic_nested_shapes/clean/2048/nested_star_square_oval_warm_cool_midtones_2048.png,warm_cool_midtones,2048,2,25,steerable_atan2,0,smooth,60696,1.3141950368881226,0.11740753799676895,0.37736454606056213,0.6270967721939087,48.79253387451172,89.92848205566406,0.015080134384334087
example_images/synthetic_nested_shapes/clean/2048/nested_star_square_oval_warm_cool_midtones_2048.png,warm_cool_midtones,2048,2,25,brute_16,16,all,71295,5.285771369934082,2.167048215866089,11.250011444091797,30.37992286682129,50.62991714477539,89.93526458740234,0.014324158430099487
example_images/synthetic_nested_shapes/clean/2048/nested_star_square_oval_warm_cool_midtones_2048.png,warm_cool_midtones,2048,2,25,brute_16_vs_steerable,16,all,71295,2.19177508354187,1.4628080129623413,5.295162677764893,5.529325008392334,5.612270832061768,5.624988555908203,0.014324158430099487
example_images/synthetic_nested_shapes/clean/2048/nested_star_square_oval_warm_cool_midtones_2048.png,warm_cool_midtones,2048,2,25,brute_16,16,smooth,60696,3.152608871459961,1.1299182176589966,5.620084762573242,5.62992000579834,48.47050094604492,89.93526458740234,0.015080134384334087
example_images/synthetic_nested_shapes/clean/2048/nested_star_square_oval_warm_cool_midtones_2048.png,warm_cool_midtones,2048,2,25,brute_16_vs_steerable,16,smooth,60696,2.09596586227417,1.0871646404266357,5.319716930389404,5.542164325714111,5.614169597625732,5.624394416809082,0.015080134384334087
example_images/synthetic_nested_shapes/clean/2048/nested_star_square_oval_warm_cool_midtones_2048.png,warm_cool_midtones,2048,2,25,brute_32,32,all,71295,4.360133171081543,1.1299182176589966,11.249998092651367,30.11771583557129,50.625,89.93526458740234,0.014324158430099487
example_images/synthetic_nested_shapes/clean/2048/nested_star_square_oval_warm_cool_midtones_2048.png,warm_cool_midtones,2048,2,25,brute_32_vs_steerable,32,all,71295,0.9866757392883301,0.9131758213043213,2.1723008155822754,2.3798987865448,2.7243170738220215,2.81246018409729,0.014324158430099487
example_images/synthetic_nested_shapes/clean/2048/nested_star_square_oval_warm_cool_midtones_2048.png,warm_cool_midtones,2048,2,25,brute_32,32,smooth,60696,2.1088247299194336,1.1200827360153198,2.2549185752868652,2.717153310775757,49.00871276855469,89.93526458740234,0.015080134384334087
example_images/synthetic_nested_shapes/clean/2048/nested_star_square_oval_warm_cool_midtones_2048.png,warm_cool_midtones,2048,2,25,brute_32_vs_steerable,32,smooth,60696,0.9254427552223206,0.8837308883666992,2.1374120712280273,2.274630546569824,2.6856656074523926,2.8124327659606934,0.015080134384334087
example_images/synthetic_nested_shapes/clean/2048/nested_star_square_oval_warm_cool_midtones_2048.png,warm_cool_midtones,2048,2,25,brute_64,64,all,71295,3.96094012260437,0.5674111247062683,10.692415237426758,30.379919052124023,50.06742477416992,89.85001373291016,0.014324158430099487
example_images/synthetic_nested_shapes/clean/2048/nested_star_square_oval_warm_cool_midtones_2048.png,warm_cool_midtones,2048,2,25,brute_64_vs_steerable,64,all,71295,0.5429477691650391,0.6403849124908447,1.0670599937438965,1.189231514930725,1.363879919052124,1.406124234199524,0.014324158430099487
example_images/synthetic_nested_shapes/clean/2048/nested_star_square_oval_warm_cool_midtones_2048.png,warm_cool_midtones,2048,2,25,brute_64,64,smooth,60696,1.655208945274353,0.5575893521308899,1.1299182176589966,1.5275359153747559,48.80513381958008,89.85001373291016,0.015080134384334087
example_images/synthetic_nested_shapes/clean/2048/nested_star_square_oval_warm_cool_midtones_2048.png,warm_cool_midtones,2048,2,25,brute_64_vs_steerable,64,smooth,60696,0.5190778374671936,0.6250715851783752,1.0398348569869995,1.1409950256347656,1.345228672027588,1.405625581741333,0.015080134384334087
example_images/synthetic_nested_shapes/clean/2048/nested_star_square_oval_warm_cool_midtones_2048.png,warm_cool_midtones,2048,2,25,brute_180,180,all,71295,3.8029754161834717,0.37991562485694885,10.379920959472656,30.37990951538086,49.999996185302734,89.81199645996094,0.014324158430099487
example_images/synthetic_nested_shapes/clean/2048/nested_star_square_oval_warm_cool_midtones_2048.png,warm_cool_midtones,2048,2,25,brute_180_vs_steerable,180,all,71295,0.21597081422805786,0.20945458114147186,0.45748472213745117,0.4815419912338257,0.49489501118659973,0.49999716877937317,0.014324158430099487
example_images/synthetic_nested_shapes/clean/2048/nested_star_square_oval_warm_cool_midtones_2048.png,warm_cool_midtones,2048,2,25,brute_180,180,smooth,60696,1.4749599695205688,0.37991562485694885,0.6200855374336243,0.8383374214172363,48.9419059753418,89.81199645996094,0.015080134384334087
example_images/synthetic_nested_shapes/clean/2048/nested_star_square_oval_warm_cool_midtones_2048.png,warm_cool_midtones,2048,2,25,brute_180_vs_steerable,180,smooth,60696,0.21049262583255768,0.19403201341629028,0.4593404531478882,0.4829012155532837,0.495543897151947,0.49999716877937317,0.015080134384334087
example_images/synthetic_nested_shapes/clean/2048/nested_star_square_oval_warm_cool_midtones_2048.png,warm_cool_midtones,2048,4,25,steerable_atan2,0,all,71295,1.9795936346054077,0.12419333308935165,3.560793399810791,10.953546524047852,40.82049560546875,89.9261703491211,0.025660190731287003
example_images/synthetic_nested_shapes/clean/2048/nested_star_square_oval_warm_cool_midtones_2048.png,warm_cool_midtones,2048,4,25,steerable_atan2,0,smooth,60696,0.3885864019393921,0.08781574666500092,0.41855400800704956,0.6157296299934387,6.859002113342285,89.9261703491211,0.026894351467490196
example_images/synthetic_nested_shapes/clean/2048/nested_star_square_oval_warm_cool_midtones_2048.png,warm_cool_midtones,2048,4,25,brute_16,16,all,71295,3.59981632232666,1.1299182176589966,5.62992000579834,11.250011444091797,41.629913330078125,89.98934936523438,0.025660190731287003
example_images/synthetic_nested_shapes/clean/2048/nested_star_square_oval_warm_cool_midtones_2048.png,warm_cool_midtones,2048,4,25,brute_16_vs_steerable,16,all,71295,2.16294527053833,1.5676171779632568,5.192654132843018,5.489938735961914,5.605064868927002,5.6249613761901855,0.025660190731287003
example_images/synthetic_nested_shapes/clean/2048/nested_star_square_oval_warm_cool_midtones_2048.png,warm_cool_midtones,2048,4,25,brute_16,16,smooth,60696,2.2263386249542236,1.1299182176589966,5.620084762573242,5.62992000579834,7.231695652008057,89.98934936523438,0.026894351467490196
example_images/synthetic_nested_shapes/clean/2048/nested_star_square_oval_warm_cool_midtones_2048.png,warm_cool_midtones,2048,4,25,brute_16_vs_steerable,16,smooth,60696,2.059828996658325,1.3400797843933105,5.220293045043945,5.504189968109131,5.6096343994140625,5.624763488769531,0.026894351467490196
example_images/synthetic_nested_shapes/clean/2048/nested_star_square_oval_warm_cool_midtones_2048.png,warm_cool_midtones,2048,4,25,brute_32,32,all,71295,2.697214126586914,1.1200827360153198,4.495084285736084,11.254915237426758,40.504913330078125,89.43223571777344,0.025660190731287003
example_images/synthetic_nested_shapes/clean/2048/nested_star_square_oval_warm_cool_midtones_2048.png,warm_cool_midtones,2048,4,25,brute_32_vs_steerable,32,all,71295,1.064064383506775,1.0041061639785767,2.3407413959503174,2.4537830352783203,2.7217164039611816,2.8119957447052,0.025660190731287003
example_images/synthetic_nested_shapes/clean/2048/nested_star_square_oval_warm_cool_midtones_2048.png,warm_cool_midtones,2048,4,25,brute_32,32,smooth,60696,1.1864906549453735,1.1200759410858154,2.2549185752868652,2.3870913982391357,7.0820183753967285,89.43223571777344,0.026894351467490196
example_images/synthetic_nested_shapes/clean/2048/nested_star_square_oval_warm_cool_midtones_2048.png,warm_cool_midtones,2048,4,25,brute_32_vs_steerable,32,smooth,60696,1.0078842639923096,0.9397554993629456,2.3234047889709473,2.4115707874298096,2.681109666824341,2.8119957447052,0.026894351467490196
example_images/synthetic_nested_shapes/clean/2048/nested_star_square_oval_warm_cool_midtones_2048.png,warm_cool_midtones,2048,4,25,brute_64,64,all,71295,2.3030169010162354,0.5674111247062683,3.3700835704803467,11.249998092651367,41.06741714477539,89.43223571777344,0.025660190731287003
example_images/synthetic_nested_shapes/clean/2048/nested_star_square_oval_warm_cool_midtones_2048.png,warm_cool_midtones,2048,4,25,brute_64_vs_steerable,64,all,71295,0.5385284423828125,0.5027497410774231,1.2137041091918945,1.3166576623916626,1.3879832029342651,1.4062471389770508,0.025660190731287003
example_images/synthetic_nested_shapes/clean/2048/nested_star_square_oval_warm_cool_midtones_2048.png,warm_cool_midtones,2048,4,25,brute_64,64,smooth,60696,0.7546868920326233,0.5575824975967407,1.1299182176589966,1.682582974433899,6.783764839172363,89.43223571777344,0.026894351467490196
example_images/synthetic_nested_shapes/clean/2048/nested_star_square_oval_warm_cool_midtones_2048.png,warm_cool_midtones,2048,4,25,brute_64_vs_steerable,64,smooth,60696,0.5146357417106628,0.4796636998653412,1.1996749639511108,1.3104896545410156,1.3879764080047607,1.4062471389770508,0.026894351467490196
example_images/synthetic_nested_shapes/clean/2048/nested_star_square_oval_warm_cool_midtones_2048.png,warm_cool_midtones,2048,4,25,brute_180,180,all,71295,2.1301980018615723,0.37991562485694885,3.6179676055908203,11.000005722045898,40.379920959472656,89.80724334716797,0.025660190731287003
example_images/synthetic_nested_shapes/clean/2048/nested_star_square_oval_warm_cool_midtones_2048.png,warm_cool_midtones,2048,4,25,brute_180_vs_steerable,180,all,71295,0.23084373772144318,0.25672632455825806,0.4490986168384552,0.473864883184433,0.4958922266960144,0.4999561905860901,0.025660190731287003
example_images/synthetic_nested_shapes/clean/2048/nested_star_square_oval_warm_cool_midtones_2048.png,warm_cool_midtones,2048,4,25,brute_180,180,smooth,60696,0.5615702867507935,0.37991562485694885,0.6200855374336243,0.8090496063232422,6.913524627685547,89.80724334716797,0.026894351467490196
example_images/synthetic_nested_shapes/clean/2048/nested_star_square_oval_warm_cool_midtones_2048.png,warm_cool_midtones,2048,4,25,brute_180_vs_steerable,180,smooth,60696,0.22777998447418213,0.25758692622184753,0.448272168636322,0.47329795360565186,0.4958922266960144,0.4999561905860901,0.026894351467490196
example_images/synthetic_nested_shapes/clean/2048/nested_star_square_oval_warm_cool_midtones_2048.png,warm_cool_midtones,2048,6,25,steerable_atan2,0,all,71295,1.55069100856781,0.15477891266345978,2.3227083683013916,6.671016693115234,36.54030227661133,71.9930191040039,0.03599271550774574
example_images/synthetic_nested_shapes/clean/2048/nested_star_square_oval_warm_cool_midtones_2048.png,warm_cool_midtones,2048,6,25,steerable_atan2,0,smooth,60696,0.2999131381511688,0.12149199098348618,0.5252859592437744,0.8014185428619385,5.079819679260254,16.265535354614258,0.03766930475831032
example_images/synthetic_nested_shapes/clean/2048/nested_star_square_oval_warm_cool_midtones_2048.png,warm_cool_midtones,2048,6,25,brute_16,16,all,71295,3.174938917160034,1.1299182176589966,5.62992000579834,7.879914283752441,37.12991714477539,68.62992858886719,0.03599271550774574
example_images/synthetic_nested_shapes/clean/2048/nested_star_square_oval_warm_cool_midtones_2048.png,warm_cool_midtones,2048,6,25,brute_16_vs_steerable,16,all,71295,2.189624071121216,1.5122039318084717,5.230996131896973,5.505720138549805,5.589198589324951,5.62492036819458,0.03599271550774574
example_images/synthetic_nested_shapes/clean/2048/nested_star_square_oval_warm_cool_midtones_2048.png,warm_cool_midtones,2048,6,25,brute_16,16,smooth,60696,2.109344482421875,1.1299182176589966,5.620084762573242,5.62992000579834,6.039096832275391,20.870203018188477,0.03766930475831032
example_images/synthetic_nested_shapes/clean/2048/nested_star_square_oval_warm_cool_midtones_2048.png,warm_cool_midtones,2048,6,25,brute_16_vs_steerable,16,smooth,60696,2.09564471244812,1.4321950674057007,5.303922176361084,5.520664215087891,5.589211940765381,5.62492036819458,0.03766930475831032
example_images/synthetic_nested_shapes/clean/2048/nested_star_square_oval_warm_cool_midtones_2048.png,warm_cool_midtones,2048,6,25,brute_32,32,all,71295,2.2252769470214844,1.1200827360153198,2.9225258827209473,6.754913806915283,37.12991714477539,73.125,0.03599271550774574
example_images/synthetic_nested_shapes/clean/2048/nested_star_square_oval_warm_cool_midtones_2048.png,warm_cool_midtones,2048,6,25,brute_32_vs_steerable,32,all,71295,1.0456820726394653,1.076492428779602,2.2784690856933594,2.419416904449463,2.7101786136627197,2.812398672103882,0.03599271550774574
example_images/synthetic_nested_shapes/clean/2048/nested_star_square_oval_warm_cool_midtones_2048.png,warm_cool_midtones,2048,6,25,brute_32,32,smooth,60696,1.0576571226119995,1.1200759410858154,2.2549185752868652,2.3394763469696045,5.168365001678467,16.307241439819336,0.03766930475831032
example_images/synthetic_nested_shapes/clean/2048/nested_star_square_oval_warm_cool_midtones_2048.png,warm_cool_midtones,2048,6,25,brute_32_vs_steerable,32,smooth,60696,0.9931697249412537,1.0205190181732178,2.253330707550049,2.395319938659668,2.635866641998291,2.812398672103882,0.03766930475831032
example_images/synthetic_nested_shapes/clean/2048/nested_star_square_oval_warm_cool_midtones_2048.png,warm_cool_midtones,2048,6,25,brute_64,64,all,71295,1.8592665195465088,0.5575893521308899,2.8124876022338867,6.7450852394104,36.567413330078125,73.125,0.03599271550774574
example_images/synthetic_nested_shapes/clean/2048/nested_star_square_oval_warm_cool_midtones_2048.png,warm_cool_midtones,2048,6,25,brute_64_vs_steerable,64,all,71295,0.5767096877098083,0.5650274157524109,1.28469717502594,1.3476824760437012,1.3915281295776367,1.405816912651062,0.03599271550774574
example_images/synthetic_nested_shapes/clean/2048/nested_star_square_oval_warm_cool_midtones_2048.png,warm_cool_midtones,2048,6,25,brute_64,64,smooth,60696,0.6428090333938599,0.5575824975967407,1.3414115905761719,1.6924184560775757,5.12230920791626,15.245201110839844,0.03766930475831032
example_images/synthetic_nested_shapes/clean/2048/nested_star_square_oval_warm_cool_midtones_2048.png,warm_cool_midtones,2048,6,25,brute_64_vs_steerable,64,smooth,60696,0.5566511750221252,0.5373651385307312,1.2874428033828735,1.3485525846481323,1.3908997774124146,1.4057416915893555,0.03766930475831032
example_images/synthetic_nested_shapes/clean/2048/nested_star_square_oval_warm_cool_midtones_2048.png,warm_cool_midtones,2048,6,25,brute_180,180,all,71295,1.6720832586288452,0.37991562485694885,2.379917860031128,6.620079040527344,36.37992477416992,72.00000762939453,0.03599271550774574
example_images/synthetic_nested_shapes/clean/2048/nested_star_square_oval_warm_cool_midtones_2048.png,warm_cool_midtones,2048,6,25,brute_180_vs_steerable,180,all,71295,0.20375367999076843,0.20069828629493713,0.4432041645050049,0.4684963524341583,0.49208304286003113,0.49999716877937317,0.03599271550774574
example_images/synthetic_nested_shapes/clean/2048/nested_star_square_oval_warm_cool_midtones_2048.png,warm_cool_midtones,2048,6,25,brute_180,180,smooth,60696,0.4363386332988739,0.37991562485694885,0.6200855374336243,0.9248554110527039,5.107124328613281,16.120195388793945,0.03766930475831032
example_images/synthetic_nested_shapes/clean/2048/nested_star_square_oval_warm_cool_midtones_2048.png,warm_cool_midtones,2048,6,25,brute_180_vs_steerable,180,smooth,60696,0.19696123898029327,0.1889093816280365,0.4425211250782013,0.46678879857063293,0.48984888195991516,0.49999716877937317,0.03766930475831032
example_images/synthetic_nested_shapes/clean/2048/nested_star_square_oval_warm_cool_midtones_2048.png,warm_cool_midtones,2048,8,25,steerable_atan2,0,all,71295,1.4433470964431763,0.23374274373054504,1.949811339378357,5.781031608581543,33.21047592163086,78.77678680419922,0.045438606292009354
example_images/synthetic_nested_shapes/clean/2048/nested_star_square_oval_warm_cool_midtones_2048.png,warm_cool_midtones,2048,8,25,steerable_atan2,0,smooth,60696,0.3726416826248169,0.17438839375972748,0.8035376071929932,1.0418720245361328,4.126290321350098,23.35818099975586,0.047520674765110016
example_images/synthetic_nested_shapes/clean/2048/nested_star_square_oval_warm_cool_midtones_2048.png,warm_cool_midtones,2048,8,25,brute_16,16,all,71295,3.0201241970062256,1.1299182176589966,5.62992000579834,7.7348432540893555,33.74999237060547,78.75001525878906,0.045438606292009354
example_images/synthetic_nested_shapes/clean/2048/nested_star_square_oval_warm_cool_midtones_2048.png,warm_cool_midtones,2048,8,25,brute_16_vs_steerable,16,all,71295,2.1231813430786133,1.6023896932601929,5.098654270172119,5.440505504608154,5.576078414916992,5.624387741088867,0.045438606292009354
example_images/synthetic_nested_shapes/clean/2048/nested_star_square_oval_warm_cool_midtones_2048.png,warm_cool_midtones,2048,8,25,brute_16,16,smooth,60696,2.121178388595581,1.1299182176589966,5.620084762573242,5.62992000579834,6.328286647796631,21.47234535217285,0.047520674765110016
example_images/synthetic_nested_shapes/clean/2048/nested_star_square_oval_warm_cool_midtones_2048.png,warm_cool_midtones,2048,8,25,brute_16_vs_steerable,16,smooth,60696,2.027418375015259,1.4181454181671143,5.103606224060059,5.445417881011963,5.5767951011657715,5.624387741088867,0.047520674765110016
example_images/synthetic_nested_shapes/clean/2048/nested_star_square_oval_warm_cool_midtones_2048.png,warm_cool_midtones,2048,8,25,brute_32,32,all,71295,2.075368642807007,1.1200827360153198,3.3700835704803467,5.62992000579834,33.75,78.75001525878906,0.045438606292009354
example_images/synthetic_nested_shapes/clean/2048/nested_star_square_oval_warm_cool_midtones_2048.png,warm_cool_midtones,2048,8,25,brute_32_vs_steerable,32,all,71295,1.041611671447754,0.9322866797447205,2.393045663833618,2.571200132369995,2.7640137672424316,2.812248468399048,0.045438606292009354
example_images/synthetic_nested_shapes/clean/2048/nested_star_square_oval_warm_cool_midtones_2048.png,warm_cool_midtones,2048,8,25,brute_32,32,smooth,60696,1.0835245847702026,1.1200759410858154,2.2549185752868652,2.9724950790405273,4.420130729675293,25.55072021484375,0.047520674765110016
example_images/synthetic_nested_shapes/clean/2048/nested_star_square_oval_warm_cool_midtones_2048.png,warm_cool_midtones,2048,8,25,brute_32_vs_steerable,32,smooth,60696,0.9894251227378845,0.8322653770446777,2.378326654434204,2.559109687805176,2.762341260910034,2.8121800422668457,0.047520674765110016
example_images/synthetic_nested_shapes/clean/2048/nested_star_square_oval_warm_cool_midtones_2048.png,warm_cool_midtones,2048,8,25,brute_64,64,all,71295,1.6874077320098877,0.5575893521308899,2.3646116256713867,5.62992000579834,33.74999237060547,78.75001525878906,0.045438606292009354
example_images/synthetic_nested_shapes/clean/2048/nested_star_square_oval_warm_cool_midtones_2048.png,warm_cool_midtones,2048,8,25,brute_64_vs_steerable,64,all,71295,0.5336723923683167,0.501417875289917,1.2038003206253052,1.3126277923583984,1.393451452255249,1.4061788320541382,0.045438606292009354
example_images/synthetic_nested_shapes/clean/2048/nested_star_square_oval_warm_cool_midtones_2048.png,warm_cool_midtones,2048,8,25,brute_64,64,smooth,60696,0.6437930464744568,0.5575824975967407,1.460868239402771,1.682582974433899,4.181756019592285,22.738218307495117,0.047520674765110016
example_images/synthetic_nested_shapes/clean/2048/nested_star_square_oval_warm_cool_midtones_2048.png,warm_cool_midtones,2048,8,25,brute_64_vs_steerable,64,smooth,60696,0.5064678192138672,0.4435490667819977,1.180775761604309,1.3051809072494507,1.393625020980835,1.4059535264968872,0.047520674765110016
example_images/synthetic_nested_shapes/clean/2048/nested_star_square_oval_warm_cool_midtones_2048.png,warm_cool_midtones,2048,8,25,brute_180,180,all,71295,1.538327693939209,0.37992244958877563,1.999995470046997,5.620084762573242,33.000003814697266,79.00000762939453,0.045438606292009354
example_images/synthetic_nested_shapes/clean/2048/nested_star_square_oval_warm_cool_midtones_2048.png,warm_cool_midtones,2048,8,25,brute_180_vs_steerable,180,all,71295,0.20114094018936157,0.1950155645608902,0.43858420848846436,0.46999216079711914,0.4954141080379486,0.49996984004974365,0.045438606292009354
example_images/synthetic_nested_shapes/clean/2048/nested_star_square_oval_warm_cool_midtones_2048.png,warm_cool_midtones,2048,8,25,brute_180,180,smooth,60696,0.47912219166755676,0.37991562485694885,0.7094312906265259,1.2506810426712036,4.1909990310668945,23.675724029541016,0.047520674765110016
example_images/synthetic_nested_shapes/clean/2048/nested_star_square_oval_warm_cool_midtones_2048.png,warm_cool_midtones,2048,8,25,brute_180_vs_steerable,180,smooth,60696,0.19415414333343506,0.18548062443733215,0.43748727440834045,0.468878835439682,0.49540045857429504,0.49996984004974365,0.047520674765110016
example_images/synthetic_nested_shapes/clean/4096/nested_star_square_oval_garnet_atlantic_grass_4096.png,garnet_atlantic_grass,4096,2,25,steerable_atan2,0,all,143967,1.6176036596298218,0.1345479041337967,0.4403272867202759,9.84135913848877,39.022708892822266,60.408111572265625,0.01942112110555172
example_images/synthetic_nested_shapes/clean/4096/nested_star_square_oval_garnet_atlantic_grass_4096.png,garnet_atlantic_grass,4096,2,25,steerable_atan2,0,smooth,130686,0.1355372816324234,0.1168781965970993,0.3115249276161194,0.3648550510406494,0.5132511258125305,2.1809749603271484,0.019873520359396935
example_images/synthetic_nested_shapes/clean/4096/nested_star_square_oval_garnet_atlantic_grass_4096.png,garnet_atlantic_grass,4096,2,25,brute_16,16,all,143967,3.386153221130371,1.1299182176589966,5.620084762573242,10.129928588867188,39.37991714477539,57.37993621826172,0.01942112110555172
example_images/synthetic_nested_shapes/clean/4096/nested_star_square_oval_garnet_atlantic_grass_4096.png,garnet_atlantic_grass,4096,2,25,brute_16_vs_steerable,16,all,143967,2.091818332672119,1.0510773658752441,5.307234764099121,5.490720748901367,5.598576545715332,5.624906539916992,0.01942112110555172
example_images/synthetic_nested_shapes/clean/4096/nested_star_square_oval_garnet_atlantic_grass_4096.png,garnet_atlantic_grass,4096,2,25,brute_16,16,smooth,130686,2.0527586936950684,1.1299182176589966,5.620084762573242,5.620084762573242,5.62992000579834,6.614560127258301,0.019873520359396935
example_images/synthetic_nested_shapes/clean/4096/nested_star_square_oval_garnet_atlantic_grass_4096.png,garnet_atlantic_grass,4096,2,25,brute_16_vs_steerable,16,smooth,130686,2.0281553268432617,1.0093175172805786,5.318477153778076,5.498124599456787,5.598583221435547,5.624906539916992,0.019873520359396935
example_images/synthetic_nested_shapes/clean/4096/nested_star_square_oval_garnet_atlantic_grass_4096.png,garnet_atlantic_grass,4096,2,25,brute_32,32,all,143967,2.384364128112793,1.1200827360153198,2.343506336212158,10.129915237426758,39.3750114440918,61.875003814697266,0.01942112110555172
example_images/synthetic_nested_shapes/clean/4096/nested_star_square_oval_garnet_atlantic_grass_4096.png,garnet_atlantic_grass,4096,2,25,brute_32_vs_steerable,32,all,143967,0.9472376704216003,0.874926745891571,2.162369728088379,2.317551612854004,2.7058091163635254,2.8124396800994873,0.01942112110555172
example_images/synthetic_nested_shapes/clean/4096/nested_star_square_oval_garnet_atlantic_grass_4096.png,garnet_atlantic_grass,4096,2,25,brute_32,32,smooth,130686,0.9687185287475586,1.1200759410858154,2.2549118995666504,2.2549185752868652,2.713299512863159,3.667497396469116,0.019873520359396935
example_images/synthetic_nested_shapes/clean/4096/nested_star_square_oval_garnet_atlantic_grass_4096.png,garnet_atlantic_grass,4096,2,25,brute_32_vs_steerable,32,smooth,130686,0.9075996279716492,0.8459326028823853,2.1405675411224365,2.267486333847046,2.6682281494140625,2.8111214637756348,0.019873520359396935
example_images/synthetic_nested_shapes/clean/4096/nested_star_square_oval_garnet_atlantic_grass_4096.png,garnet_atlantic_grass,4096,2,25,brute_64,64,all,143967,1.9469786882400513,0.5575893521308899,1.2640016078948975,9.567428588867188,39.375,59.0625114440918,0.01942112110555172
example_images/synthetic_nested_shapes/clean/4096/nested_star_square_oval_garnet_atlantic_grass_4096.png,garnet_atlantic_grass,4096,2,25,brute_64_vs_steerable,64,all,143967,0.5106873512268066,0.614389181137085,1.0123637914657593,1.1324139833450317,1.3492062091827393,1.406199336051941,0.01942112110555172
example_images/synthetic_nested_shapes/clean/4096/nested_star_square_oval_garnet_atlantic_grass_4096.png,garnet_atlantic_grass,4096,2,25,brute_64,64,smooth,130686,0.49465665221214294,0.5575824975967407,1.1299182176589966,1.1299182176589966,1.4639838933944702,2.8125011920928955,0.019873520359396935
example_images/synthetic_nested_shapes/clean/4096/nested_star_square_oval_garnet_atlantic_grass_4096.png,garnet_atlantic_grass,4096,2,25,brute_64_vs_steerable,64,smooth,130686,0.49389728903770447,0.5930038690567017,1.0022550821304321,1.0598609447479248,1.3287039995193481,1.4059193134307861,0.019873520359396935
example_images/synthetic_nested_shapes/clean/4096/nested_star_square_oval_garnet_atlantic_grass_4096.png,garnet_atlantic_grass,4096,2,25,brute_180,180,all,143967,1.7701771259307861,0.37991562485694885,0.6200855374336243,9.999998092651367,39.000003814697266,59.999996185302734,0.01942112110555172
example_images/synthetic_nested_shapes/clean/4096/nested_star_square_oval_garnet_atlantic_grass_4096.png,garnet_atlantic_grass,4096,2,25,brute_180_vs_steerable,180,all,143967,0.21431094408035278,0.20054802298545837,0.4661467671394348,0.48495709896087646,0.49673235416412354,0.4999561905860901,0.01942112110555172
example_images/synthetic_nested_shapes/clean/4096/nested_star_square_oval_garnet_atlantic_grass_4096.png,garnet_atlantic_grass,4096,2,25,brute_180,180,smooth,130686,0.30306726694107056,0.37991562485694885,0.6200787425041199,0.6200855374336243,0.7183931469917297,2.000002384185791,0.019873520359396935
example_images/synthetic_nested_shapes/clean/4096/nested_star_square_oval_garnet_atlantic_grass_4096.png,garnet_atlantic_grass,4096,2,25,brute_180_vs_steerable,180,smooth,130686,0.2108190953731537,0.19196246564388275,0.46729764342308044,0.48560595512390137,0.4967391788959503,0.499915212392807,0.019873520359396935
example_images/synthetic_nested_shapes/clean/4096/nested_star_square_oval_garnet_atlantic_grass_4096.png,garnet_atlantic_grass,4096,4,25,steerable_atan2,0,all,143967,1.120944619178772,0.09246709942817688,0.5083819031715393,4.019667625427246,32.934993743896484,65.0660629272461,0.034520115703344345
example_images/synthetic_nested_shapes/clean/4096/nested_star_square_oval_garnet_atlantic_grass_4096.png,garnet_atlantic_grass,4096,4,25,steerable_atan2,0,smooth,130686,0.12601280212402344,0.07867012172937393,0.3095783293247223,0.42131340503692627,0.6513131856918335,3.7324252128601074,0.03530315309762955
example_images/synthetic_nested_shapes/clean/4096/nested_star_square_oval_garnet_atlantic_grass_4096.png,garnet_atlantic_grass,4096,4,25,brute_16,16,all,143967,2.8987627029418945,1.1299182176589966,5.62992000579834,5.62992000579834,33.74999237060547,67.50000762939453,0.034520115703344345
example_images/synthetic_nested_shapes/clean/4096/nested_star_square_oval_garnet_atlantic_grass_4096.png,garnet_atlantic_grass,4096,4,25,brute_16_vs_steerable,16,all,143967,2.0864450931549072,1.3422551155090332,5.230599880218506,5.490584373474121,5.60674524307251,5.624934196472168,0.034520115703344345
example_images/synthetic_nested_shapes/clean/4096/nested_star_square_oval_garnet_atlantic_grass_4096.png,garnet_atlantic_grass,4096,4,25,brute_16,16,smooth,130686,2.0536344051361084,1.1299182176589966,5.620084762573242,5.62992000579834,5.62992000579834,6.794617652893066,0.03530315309762955
example_images/synthetic_nested_shapes/clean/4096/nested_star_square_oval_garnet_atlantic_grass_4096.png,garnet_atlantic_grass,4096,4,25,brute_16_vs_steerable,16,smooth,130686,2.019592523574829,1.2486132383346558,5.253843307495117,5.499067306518555,5.606772422790527,5.62464714050293,0.03530315309762955
example_images/synthetic_nested_shapes/clean/4096/nested_star_square_oval_garnet_atlantic_grass_4096.png,garnet_atlantic_grass,4096,4,25,brute_32,32,all,143967,1.911217451095581,1.1200827360153198,2.2549185752868652,5.620077610015869,33.74999237060547,67.50000762939453,0.034520115703344345
example_images/synthetic_nested_shapes/clean/4096/nested_star_square_oval_garnet_atlantic_grass_4096.png,garnet_atlantic_grass,4096,4,25,brute_32_vs_steerable,32,all,143967,1.02778959274292,0.9573876261711121,2.356696605682373,2.4592368602752686,2.7020092010498047,2.812173366546631,0.034520115703344345
example_images/synthetic_nested_shapes/clean/4096/nested_star_square_oval_garnet_atlantic_grass_4096.png,garnet_atlantic_grass,4096,4,25,brute_32,32,smooth,130686,0.971996009349823,1.1200759410858154,2.2549118995666504,2.2549185752868652,2.7583489418029785,5.625002384185791,0.03530315309762955
example_images/synthetic_nested_shapes/clean/4096/nested_star_square_oval_garnet_atlantic_grass_4096.png,garnet_atlantic_grass,4096,4,25,brute_32_vs_steerable,32,smooth,130686,0.9925206303596497,0.9277719259262085,2.3542912006378174,2.4374897480010986,2.654219388961792,2.812173366546631,0.03530315309762955
example_images/synthetic_nested_shapes/clean/4096/nested_star_square_oval_garnet_atlantic_grass_4096.png,garnet_atlantic_grass,4096,4,25,brute_64,64,all,143967,1.4729958772659302,0.5575893521308899,1.4186534881591797,3.932583808898926,33.74999237060547,64.68750762939453,0.034520115703344345
example_images/synthetic_nested_shapes/clean/4096/nested_star_square_oval_garnet_atlantic_grass_4096.png,garnet_atlantic_grass,4096,4,25,brute_64_vs_steerable,64,all,143967,0.5064043402671814,0.4590570330619812,1.1771762371063232,1.2795950174331665,1.3766382932662964,1.406199336051941,0.034520115703344345
example_images/synthetic_nested_shapes/clean/4096/nested_star_square_oval_garnet_atlantic_grass_4096.png,garnet_atlantic_grass,4096,4,25,brute_64,64,smooth,130686,0.5075581669807434,0.5575824975967407,1.1299182176589966,1.2114143371582031,1.682582974433899,2.857614517211914,0.03530315309762955
example_images/synthetic_nested_shapes/clean/4096/nested_star_square_oval_garnet_atlantic_grass_4096.png,garnet_atlantic_grass,4096,4,25,brute_64_vs_steerable,64,smooth,130686,0.489846795797348,0.44399645924568176,1.1603808403015137,1.2760568857192993,1.3750741481781006,1.406199336051941,0.03530315309762955
example_images/synthetic_nested_shapes/clean/4096/nested_star_square_oval_garnet_atlantic_grass_4096.png,garnet_atlantic_grass,4096,4,25,brute_180,180,all,143967,1.2877243757247925,0.37991562485694885,0.6200855374336243,4.000004768371582,32.999996185302734,65.0,0.034520115703344345
example_images/synthetic_nested_shapes/clean/4096/nested_star_square_oval_garnet_atlantic_grass_4096.png,garnet_atlantic_grass,4096,4,25,brute_180_vs_steerable,180,all,143967,0.23003332316875458,0.26423269510269165,0.45751339197158813,0.4769930839538574,0.4958922266960144,0.49996301531791687,0.034520115703344345
example_images/synthetic_nested_shapes/clean/4096/nested_star_square_oval_garnet_atlantic_grass_4096.png,garnet_atlantic_grass,4096,4,25,brute_180,180,smooth,130686,0.30815571546554565,0.37991562485694885,0.6200855374336243,0.6200855374336243,0.8299158215522766,4.000011444091797,0.03530315309762955
example_images/synthetic_nested_shapes/clean/4096/nested_star_square_oval_garnet_atlantic_grass_4096.png,garnet_atlantic_grass,4096,4,25,brute_180_vs_steerable,180,smooth,130686,0.2291380614042282,0.2695602476596832,0.45765000581741333,0.47705286741256714,0.4958922266960144,0.4998810589313507,0.03530315309762955
example_images/synthetic_nested_shapes/clean/4096/nested_star_square_oval_garnet_atlantic_grass_4096.png,garnet_atlantic_grass,4096,6,25,steerable_atan2,0,all,143967,0.9499963521957397,0.13496454060077667,0.6944881677627563,2.5730361938476562,27.279674530029297,71.99312591552734,0.04838062822818756
example_images/synthetic_nested_shapes/clean/4096/nested_star_square_oval_garnet_atlantic_grass_4096.png,garnet_atlantic_grass,4096,6,25,steerable_atan2,0,smooth,130686,0.17658962309360504,0.10926936566829681,0.4419644773006439,0.6027505397796631,0.9700549244880676,2.2658674716949463,0.04943769425153732
example_images/synthetic_nested_shapes/clean/4096/nested_star_square_oval_garnet_atlantic_grass_4096.png,garnet_atlantic_grass,4096,6,25,brute_16,16,all,143967,2.6962451934814453,1.1299182176589966,5.620084762573242,5.62992000579834,25.879920959472656,68.62992858886719,0.04838062822818756
example_images/synthetic_nested_shapes/clean/4096/nested_star_square_oval_garnet_atlantic_grass_4096.png,garnet_atlantic_grass,4096,6,25,brute_16_vs_steerable,16,all,143967,2.111417293548584,1.458593726158142,5.234670639038086,5.474765300750732,5.587121963500977,5.624845027923584,0.04838062822818756
example_images/synthetic_nested_shapes/clean/4096/nested_star_square_oval_garnet_atlantic_grass_4096.png,garnet_atlantic_grass,4096,6,25,brute_16,16,smooth,130686,2.055636167526245,1.1299182176589966,5.620084762573242,5.620084762573242,5.62992000579834,7.065967559814453,0.04943769425153732
example_images/synthetic_nested_shapes/clean/4096/nested_star_square_oval_garnet_atlantic_grass_4096.png,garnet_atlantic_grass,4096,6,25,brute_16_vs_steerable,16,smooth,130686,2.0514330863952637,1.3879081010818481,5.249144077301025,5.475216388702393,5.587142467498779,5.623561382293701,0.04943769425153732
example_images/synthetic_nested_shapes/clean/4096/nested_star_square_oval_garnet_atlantic_grass_4096.png,garnet_atlantic_grass,4096,6,25,brute_32,32,all,143967,1.6925067901611328,1.1200827360153198,2.2549185752868652,3.3700973987579346,28.1250057220459,73.125,0.04838062822818756
example_images/synthetic_nested_shapes/clean/4096/nested_star_square_oval_garnet_atlantic_grass_4096.png,garnet_atlantic_grass,4096,6,25,brute_32_vs_steerable,32,all,143967,1.0234096050262451,1.009331226348877,2.326990842819214,2.4234671592712402,2.690598249435425,2.812453269958496,0.04838062822818756
example_images/synthetic_nested_shapes/clean/4096/nested_star_square_oval_garnet_atlantic_grass_4096.png,garnet_atlantic_grass,4096,6,25,brute_32,32,smooth,130686,0.9759854674339294,1.1200759410858154,2.2549118995666504,2.2549185752868652,2.905344009399414,4.327198028564453,0.04943769425153732
example_images/synthetic_nested_shapes/clean/4096/nested_star_square_oval_garnet_atlantic_grass_4096.png,garnet_atlantic_grass,4096,6,25,brute_32_vs_steerable,32,smooth,130686,0.989959716796875,0.9579579830169678,2.3090548515319824,2.411261796951294,2.6418960094451904,2.812453269958496,0.04943769425153732
example_images/synthetic_nested_shapes/clean/4096/nested_star_square_oval_garnet_atlantic_grass_4096.png,garnet_atlantic_grass,4096,6,25,brute_64,64,all,143967,1.2734264135360718,0.5575893521308899,1.682582974433899,2.8125011920928955,27.567415237426758,73.125,0.04838062822818756
example_images/synthetic_nested_shapes/clean/4096/nested_star_square_oval_garnet_atlantic_grass_4096.png,garnet_atlantic_grass,4096,6,25,brute_64_vs_steerable,64,all,143967,0.546302080154419,0.5019847750663757,1.2755569219589233,1.34713876247406,1.3937798738479614,1.4062403440475464,0.04838062822818756
example_images/synthetic_nested_shapes/clean/4096/nested_star_square_oval_garnet_atlantic_grass_4096.png,garnet_atlantic_grass,4096,6,25,brute_64,64,smooth,130686,0.5238012075424194,0.5575824975967407,1.1299182176589966,1.6154831647872925,1.6924184560775757,2.8125011920928955,0.04943769425153732
example_images/synthetic_nested_shapes/clean/4096/nested_star_square_oval_garnet_atlantic_grass_4096.png,garnet_atlantic_grass,4096,6,25,brute_64_vs_steerable,64,smooth,130686,0.5324767231941223,0.4780244529247284,1.276268720626831,1.3471455574035645,1.3930621147155762,1.4062403440475464,0.04943769425153732
example_images/synthetic_nested_shapes/clean/4096/nested_star_square_oval_garnet_atlantic_grass_4096.png,garnet_atlantic_grass,4096,6,25,brute_180,180,all,143967,1.0816493034362793,0.37991562485694885,0.7067497372627258,2.6200811862945557,27.379913330078125,72.00000762939453,0.04838062822818756
example_images/synthetic_nested_shapes/clean/4096/nested_star_square_oval_garnet_atlantic_grass_4096.png,garnet_atlantic_grass,4096,6,25,brute_180_vs_steerable,180,all,143967,0.19929668307304382,0.18886156380176544,0.445530503988266,0.47228026390075684,0.49462181329727173,0.4999835193157196,0.04838062822818756
example_images/synthetic_nested_shapes/clean/4096/nested_star_square_oval_garnet_atlantic_grass_4096.png,garnet_atlantic_grass,4096,6,25,brute_180,180,smooth,130686,0.3185751140117645,0.37991562485694885,0.6200855374336243,0.6200855374336243,1.0904396772384644,2.309607982635498,0.04943769425153732
example_images/synthetic_nested_shapes/clean/4096/nested_star_square_oval_garnet_atlantic_grass_4096.png,garnet_atlantic_grass,4096,6,25,brute_180_vs_steerable,180,smooth,130686,0.19482925534248352,0.18012575805187225,0.4450004994869232,0.4718516767024994,0.49461498856544495,0.4999835193157196,0.04943769425153732
example_images/synthetic_nested_shapes/clean/4096/nested_star_square_oval_garnet_atlantic_grass_4096.png,garnet_atlantic_grass,4096,8,25,steerable_atan2,0,all,143967,0.9108079075813293,0.20591653883457184,0.9265698194503784,2.2350852489471436,20.64420509338379,78.77681732177734,0.061062976717948914
example_images/synthetic_nested_shapes/clean/4096/nested_star_square_oval_garnet_atlantic_grass_4096.png,garnet_atlantic_grass,4096,8,25,steerable_atan2,0,smooth,130686,0.2731369137763977,0.17242129147052765,0.6790779232978821,0.880800724029541,1.3810139894485474,4.056613445281982,0.06236031651496887
example_images/synthetic_nested_shapes/clean/4096/nested_star_square_oval_garnet_atlantic_grass_4096.png,garnet_atlantic_grass,4096,8,25,brute_16,16,all,143967,2.5777413845062256,1.1299182176589966,5.629913330078125,5.62992000579834,22.499988555908203,78.75001525878906,0.061062976717948914
example_images/synthetic_nested_shapes/clean/4096/nested_star_square_oval_garnet_atlantic_grass_4096.png,garnet_atlantic_grass,4096,8,25,brute_16_vs_steerable,16,all,143967,2.0469253063201904,1.4476995468139648,5.098394870758057,5.446208477020264,5.581698894500732,5.624715328216553,0.061062976717948914
example_images/synthetic_nested_shapes/clean/4096/nested_star_square_oval_garnet_atlantic_grass_4096.png,garnet_atlantic_grass,4096,8,25,brute_16,16,smooth,130686,2.0609006881713867,1.1299182176589966,5.620084762573242,5.62992000579834,5.62992000579834,9.265568733215332,0.06236031651496887
example_images/synthetic_nested_shapes/clean/4096/nested_star_square_oval_garnet_atlantic_grass_4096.png,garnet_atlantic_grass,4096,8,25,brute_16_vs_steerable,16,smooth,130686,1.985931158065796,1.3774579763412476,5.098668098449707,5.4608354568481445,5.58171272277832,5.622939586639404,0.06236031651496887
example_images/synthetic_nested_shapes/clean/4096/nested_star_square_oval_garnet_atlantic_grass_4096.png,garnet_atlantic_grass,4096,8,25,brute_32,32,all,143967,1.6012109518051147,1.1200827360153198,2.547417402267456,3.3799190521240234,21.379913330078125,78.75001525878906,0.061062976717948914
example_images/synthetic_nested_shapes/clean/4096/nested_star_square_oval_garnet_atlantic_grass_4096.png,garnet_atlantic_grass,4096,8,25,brute_32_vs_steerable,32,all,143967,1.0149214267730713,0.8560822606086731,2.433377981185913,2.6128547191619873,2.7671146392822266,2.812316656112671,0.061062976717948914
example_images/synthetic_nested_shapes/clean/4096/nested_star_square_oval_garnet_atlantic_grass_4096.png,garnet_atlantic_grass,4096,8,25,brute_32,32,smooth,130686,1.0175533294677734,1.1200759410858154,2.2549185752868652,2.809878349304199,3.3799190521240234,4.60909366607666,0.06236031651496887
example_images/synthetic_nested_shapes/clean/4096/nested_star_square_oval_garnet_atlantic_grass_4096.png,garnet_atlantic_grass,4096,8,25,brute_32_vs_steerable,32,smooth,130686,0.9826057553291321,0.7763739228248596,2.427797555923462,2.606618881225586,2.767080307006836,2.812316656112671,0.06236031651496887
example_images/synthetic_nested_shapes/clean/4096/nested_star_square_oval_garnet_atlantic_grass_4096.png,garnet_atlantic_grass,4096,8,25,brute_64,64,all,143967,1.169619083404541,0.5575893521308899,1.682582974433899,2.8124876022338867,20.817419052124023,78.75001525878906,0.061062976717948914
example_images/synthetic_nested_shapes/clean/4096/nested_star_square_oval_garnet_atlantic_grass_4096.png,garnet_atlantic_grass,4096,8,25,brute_64_vs_steerable,64,all,143967,0.5058751702308655,0.4552730917930603,1.1860350370407104,1.3032076358795166,1.3932629823684692,1.4062540531158447,0.061062976717948914
example_images/synthetic_nested_shapes/clean/4096/nested_star_square_oval_garnet_atlantic_grass_4096.png,garnet_atlantic_grass,4096,8,25,brute_64,64,smooth,130686,0.5509945750236511,0.5575824975967407,1.1547801494598389,1.682582974433899,2.1497106552124023,3.870190143585205,0.06236031651496887
example_images/synthetic_nested_shapes/clean/4096/nested_star_square_oval_garnet_atlantic_grass_4096.png,garnet_atlantic_grass,4096,8,25,brute_64_vs_steerable,64,smooth,130686,0.4878550171852112,0.42033666372299194,1.1803523302078247,1.2986904382705688,1.3932766914367676,1.4062540531158447,0.06236031651496887
example_images/synthetic_nested_shapes/clean/4096/nested_star_square_oval_garnet_atlantic_grass_4096.png,garnet_atlantic_grass,4096,8,25,brute_180,180,all,143967,1.00733482837677,0.37991562485694885,1.0000011920928955,2.379911184310913,20.379920959472656,79.00000762939453,0.061062976717948914
example_images/synthetic_nested_shapes/clean/4096/nested_star_square_oval_garnet_atlantic_grass_4096.png,garnet_atlantic_grass,4096,8,25,brute_180_vs_steerable,180,all,143967,0.18767310678958893,0.1676265001296997,0.4326310157775879,0.46626970171928406,0.4940139353275299,0.49999716877937317,0.061062976717948914
example_images/synthetic_nested_shapes/clean/4096/nested_star_square_oval_garnet_atlantic_grass_4096.png,garnet_atlantic_grass,4096,8,25,brute_180,180,smooth,130686,0.3767188489437103,0.37991562485694885,0.6200855374336243,0.9202655553817749,1.4513400793075562,4.091836452484131,0.06236031651496887
example_images/synthetic_nested_shapes/clean/4096/nested_star_square_oval_garnet_atlantic_grass_4096.png,garnet_atlantic_grass,4096,8,25,brute_180_vs_steerable,180,smooth,130686,0.18228502571582794,0.151841938495636,0.4319070279598236,0.4651905298233032,0.49376803636550903,0.49999716877937317,0.06236031651496887
example_images/synthetic_nested_shapes/clean/4096/nested_star_square_oval_dark_light_steps_4096.png,dark_light_steps,4096,2,25,steerable_atan2,0,all,143967,1.6255550384521484,0.13459570705890656,0.4437164068222046,9.053524017333984,39.69953155517578,80.97337341308594,0.029170909896492958
example_images/synthetic_nested_shapes/clean/4096/nested_star_square_oval_dark_light_steps_4096.png,dark_light_steps,4096,2,25,steerable_atan2,0,smooth,130686,0.14139695465564728,0.11682696640491486,0.3115795850753784,0.36519655585289,0.5145933032035828,20.15995979309082,0.029912497848272324
example_images/synthetic_nested_shapes/clean/4096/nested_star_square_oval_dark_light_steps_4096.png,dark_light_steps,4096,2,25,brute_16,16,all,143967,3.390718936920166,1.1299182176589966,5.620084762573242,10.129915237426758,39.37992858886719,78.75001525878906,0.029170909896492958
example_images/synthetic_nested_shapes/clean/4096/nested_star_square_oval_dark_light_steps_4096.png,dark_light_steps,4096,2,25,brute_16_vs_steerable,16,all,143967,2.092489004135132,1.0511387586593628,5.307234764099121,5.49074125289917,5.598548889160156,5.624988555908203,0.029170909896492958
example_images/synthetic_nested_shapes/clean/4096/nested_star_square_oval_dark_light_steps_4096.png,dark_light_steps,4096,2,25,brute_16,16,smooth,130686,2.058971405029297,1.1299182176589966,5.620084762573242,5.620084762573242,5.62992000579834,22.500001907348633,0.029912497848272324
example_images/synthetic_nested_shapes/clean/4096/nested_star_square_oval_dark_light_steps_4096.png,dark_light_steps,4096,2,25,brute_16_vs_steerable,16,smooth,130686,2.028911590576172,1.009331226348877,5.318436145782471,5.498138427734375,5.598549842834473,5.624059677124023,0.029912497848272324
example_images/synthetic_nested_shapes/clean/4096/nested_star_square_oval_dark_light_steps_4096.png,dark_light_steps,4096,2,25,brute_32,32,all,143967,2.3931140899658203,1.1200827360153198,2.3414394855499268,9.004921913146973,39.379913330078125,78.75001525878906,0.029170909896492958
example_images/synthetic_nested_shapes/clean/4096/nested_star_square_oval_dark_light_steps_4096.png,dark_light_steps,4096,2,25,brute_32_vs_steerable,32,all,143967,0.9487712383270264,0.8777886033058167,2.162355899810791,2.3175241947174072,2.7092695236206055,2.8124465942382812,0.029170909896492958
example_images/synthetic_nested_shapes/clean/4096/nested_star_square_oval_dark_light_steps_4096.png,dark_light_steps,4096,2,25,brute_32,32,smooth,130686,0.97505784034729,1.1200759410858154,2.2549118995666504,2.2549185752868652,2.7258260250091553,22.500001907348633,0.029912497848272324
example_images/synthetic_nested_shapes/clean/4096/nested_star_square_oval_dark_light_steps_4096.png,dark_light_steps,4096,2,25,brute_32_vs_steerable,32,smooth,130686,0.9076545834541321,0.8459462523460388,2.140540361404419,2.267458915710449,2.6731321811676025,2.81125807762146,0.029912497848272324
example_images/synthetic_nested_shapes/clean/4096/nested_star_square_oval_dark_light_steps_4096.png,dark_light_steps,4096,2,25,brute_64,64,all,143967,1.9546329975128174,0.5575893521308899,1.2705477476119995,9.004914283752441,39.37991714477539,81.56249237060547,0.029170909896492958
example_images/synthetic_nested_shapes/clean/4096/nested_star_square_oval_dark_light_steps_4096.png,dark_light_steps,4096,2,25,brute_64_vs_steerable,64,all,143967,0.510666012763977,0.6139520406723022,1.0124320983886719,1.1342881917953491,1.3493449687957764,1.4062062501907349,0.029170909896492958
example_images/synthetic_nested_shapes/clean/4096/nested_star_square_oval_dark_light_steps_4096.png,dark_light_steps,4096,2,25,brute_64,64,smooth,130686,0.5004895329475403,0.5575824975967407,1.1299182176589966,1.1299182176589966,1.472130537033081,19.687501907348633,0.029912497848272324
example_images/synthetic_nested_shapes/clean/4096/nested_star_square_oval_dark_light_steps_4096.png,dark_light_steps,4096,2,25,brute_64_vs_steerable,64,smooth,130686,0.4937131702899933,0.5930175185203552,1.000530481338501,1.0599292516708374,1.3278789520263672,1.4059261083602905,0.029912497848272324
example_images/synthetic_nested_shapes/clean/4096/nested_star_square_oval_dark_light_steps_4096.png,dark_light_steps,4096,2,25,brute_180,180,all,143967,1.7785449028015137,0.37991562485694885,0.6200855374336243,9.379912376403809,39.37992858886719,81.00001525878906,0.029170909896492958
example_images/synthetic_nested_shapes/clean/4096/nested_star_square_oval_dark_light_steps_4096.png,dark_light_steps,4096,2,25,brute_180_vs_steerable,180,all,143967,0.21432814002037048,0.20093733072280884,0.4660101532936096,0.48499125242233276,0.49673235416412354,0.4999903440475464,0.029170909896492958
example_images/synthetic_nested_shapes/clean/4096/nested_star_square_oval_dark_light_steps_4096.png,dark_light_steps,4096,2,25,brute_180,180,smooth,130686,0.30878859758377075,0.37991562485694885,0.6200787425041199,0.6200855374336243,0.7200297117233276,20.000003814697266,0.029912497848272324
example_images/synthetic_nested_shapes/clean/4096/nested_star_square_oval_dark_light_steps_4096.png,dark_light_steps,4096,2,25,brute_180_vs_steerable,180,smooth,130686,0.2108587622642517,0.1919761300086975,0.46726691722869873,0.4855513274669647,0.4967391788959503,0.49996984004974365,0.029912497848272324
example_images/synthetic_nested_shapes/clean/4096/nested_star_square_oval_dark_light_steps_4096.png,dark_light_steps,4096,4,25,steerable_atan2,0,all,143967,1.3210666179656982,0.09268566966056824,0.5012676119804382,4.019851207733154,38.75331497192383,89.89555358886719,0.05197428539395332
example_images/synthetic_nested_shapes/clean/4096/nested_star_square_oval_dark_light_steps_4096.png,dark_light_steps,4096,4,25,steerable_atan2,0,smooth,130686,0.14869877696037292,0.0786837786436081,0.30956125259399414,0.4203144907951355,0.6412946581840515,82.86894989013672,0.053229544311761856
example_images/synthetic_nested_shapes/clean/4096/nested_star_square_oval_dark_light_steps_4096.png,dark_light_steps,4096,4,25,brute_16,16,all,143967,3.1115572452545166,1.1299182176589966,5.62992000579834,5.62992000579834,39.379913330078125,90.0,0.05197428539395332
example_images/synthetic_nested_shapes/clean/4096/nested_star_square_oval_dark_light_steps_4096.png,dark_light_steps,4096,4,25,brute_16_vs_steerable,16,all,143967,2.087641954421997,1.3422415256500244,5.232221603393555,5.490584373474121,5.606738567352295,5.624934196472168,0.05197428539395332
example_images/synthetic_nested_shapes/clean/4096/nested_star_square_oval_dark_light_steps_4096.png,dark_light_steps,4096,4,25,brute_16,16,smooth,130686,2.078671932220459,1.1299182176589966,5.620084762573242,5.62992000579834,5.62992000579834,78.75000762939453,0.053229544311761856
example_images/synthetic_nested_shapes/clean/4096/nested_star_square_oval_dark_light_steps_4096.png,dark_light_steps,4096,4,25,brute_16_vs_steerable,16,smooth,130686,2.018728494644165,1.2459973096847534,5.253822326660156,5.499067306518555,5.606781959533691,5.624633312225342,0.053229544311761856
example_images/synthetic_nested_shapes/clean/4096/nested_star_square_oval_dark_light_steps_4096.png,dark_light_steps,4096,4,25,brute_32,32,all,143967,2.1138081550598145,1.1200827360153198,2.2549185752868652,4.504926681518555,39.375003814697266,90.0,0.05197428539395332
example_images/synthetic_nested_shapes/clean/4096/nested_star_square_oval_dark_light_steps_4096.png,dark_light_steps,4096,4,25,brute_32_vs_steerable,32,all,143967,1.0261144638061523,0.9557620286941528,2.356360673904419,2.4592232704162598,2.698296070098877,2.8121938705444336,0.05197428539395332
example_images/synthetic_nested_shapes/clean/4096/nested_star_square_oval_dark_light_steps_4096.png,dark_light_steps,4096,4,25,brute_32,32,smooth,130686,0.9952875971794128,1.1200759410858154,2.2549118995666504,2.2549185752868652,2.771059989929199,84.375,0.053229544311761856
example_images/synthetic_nested_shapes/clean/4096/nested_star_square_oval_dark_light_steps_4096.png,dark_light_steps,4096,4,25,brute_32_vs_steerable,32,smooth,130686,0.9911556839942932,0.9277650713920593,2.3542706966400146,2.4370644092559814,2.6538994312286377,2.8121938705444336,0.053229544311761856
example_images/synthetic_nested_shapes/clean/4096/nested_star_square_oval_dark_light_steps_4096.png,dark_light_steps,4096,4,25,brute_64,64,all,143967,1.6735974550247192,0.5575893521308899,1.3960906267166138,3.932583808898926,39.375003814697266,90.0,0.05197428539395332
example_images/synthetic_nested_shapes/clean/4096/nested_star_square_oval_dark_light_steps_4096.png,dark_light_steps,4096,4,25,brute_64_vs_steerable,64,all,143967,0.5055971741676331,0.45818275213241577,1.1770670413970947,1.2795881032943726,1.3763924837112427,1.4061652421951294,0.05197428539395332
example_images/synthetic_nested_shapes/clean/4096/nested_star_square_oval_dark_light_steps_4096.png,dark_light_steps,4096,4,25,brute_64,64,smooth,130686,0.529787540435791,0.5575824975967407,1.1299182176589966,1.208762526512146,1.682582974433899,81.56250762939453,0.053229544311761856
example_images/synthetic_nested_shapes/clean/4096/nested_star_square_oval_dark_light_steps_4096.png,dark_light_steps,4096,4,25,brute_64_vs_steerable,64,smooth,130686,0.4894143342971802,0.443989634513855,1.1600837707519531,1.2760432958602905,1.3750752210617065,1.4061652421951294,0.053229544311761856
example_images/synthetic_nested_shapes/clean/4096/nested_star_square_oval_dark_light_steps_4096.png,dark_light_steps,4096,4,25,brute_180,180,all,143967,1.4880036115646362,0.37991562485694885,0.6200855374336243,4.000004768371582,38.99999237060547,90.0,0.05197428539395332
example_images/synthetic_nested_shapes/clean/4096/nested_star_square_oval_dark_light_steps_4096.png,dark_light_steps,4096,4,25,brute_180_vs_steerable,180,all,143967,0.2302325814962387,0.2644239366054535,0.45764318108558655,0.4769999384880066,0.4958922266960144,0.49996301531791687,0.05197428539395332
example_images/synthetic_nested_shapes/clean/4096/nested_star_square_oval_dark_light_steps_4096.png,dark_light_steps,4096,4,25,brute_180,180,smooth,130686,0.33062389492988586,0.37991562485694885,0.6200787425041199,0.6200855374336243,0.8174838423728943,83.0,0.053229544311761856
example_images/synthetic_nested_shapes/clean/4096/nested_star_square_oval_dark_light_steps_4096.png,dark_light_steps,4096,4,25,brute_180_vs_steerable,180,smooth,130686,0.22917181253433228,0.2693963348865509,0.4577183127403259,0.4770067632198334,0.4958922266960144,0.4999083876609802,0.053229544311761856
example_images/synthetic_nested_shapes/clean/4096/nested_star_square_oval_dark_light_steps_4096.png,dark_light_steps,4096,6,25,steerable_atan2,0,all,143967,1.0800222158432007,0.1349577158689499,0.6946848630905151,2.547985076904297,31.054431915283203,89.96102905273438,0.07280444353818893
example_images/synthetic_nested_shapes/clean/4096/nested_star_square_oval_dark_light_steps_4096.png,dark_light_steps,4096,6,25,steerable_atan2,0,smooth,130686,0.18333449959754944,0.1092761978507042,0.44352859258651733,0.6054604053497314,0.9964737296104431,55.69683837890625,0.07450375705957413
example_images/synthetic_nested_shapes/clean/4096/nested_star_square_oval_dark_light_steps_4096.png,dark_light_steps,4096,6,25,brute_16,16,all,143967,2.8424630165100098,1.1299182176589966,5.620084762573242,5.62992000579834,32.62992477416992,90.0,0.07280444353818893
example_images/synthetic_nested_shapes/clean/4096/nested_star_square_oval_dark_light_steps_4096.png,dark_light_steps,4096,6,25,brute_16_vs_steerable,16,all,143967,2.114043951034546,1.4587713479995728,5.238864421844482,5.474765300750732,5.5871357917785645,5.624770164489746,0.07280444353818893
example_images/synthetic_nested_shapes/clean/4096/nested_star_square_oval_dark_light_steps_4096.png,dark_light_steps,4096,6,25,brute_16,16,smooth,130686,2.06254506111145,1.1299182176589966,5.620084762573242,5.620084762573242,5.62992000579834,56.250003814697266,0.07450375705957413
example_images/synthetic_nested_shapes/clean/4096/nested_star_square_oval_dark_light_steps_4096.png,dark_light_steps,4096,6,25,brute_16_vs_steerable,16,smooth,130686,2.0521514415740967,1.3879013061523438,5.249639511108398,5.475229740142822,5.5871357917785645,5.623554229736328,0.07450375705957413
example_images/synthetic_nested_shapes/clean/4096/nested_star_square_oval_dark_light_steps_4096.png,dark_light_steps,4096,6,25,brute_32,32,all,143967,1.8267738819122314,1.1200827360153198,2.2549185752868652,3.3799123764038086,31.50490951538086,90.0,0.07280444353818893
example_images/synthetic_nested_shapes/clean/4096/nested_star_square_oval_dark_light_steps_4096.png,dark_light_steps,4096,6,25,brute_32_vs_steerable,32,all,143967,1.0234105587005615,1.0093244314193726,2.3271000385284424,2.4242048263549805,2.6904661655426025,2.8124806880950928,0.07280444353818893
example_images/synthetic_nested_shapes/clean/4096/nested_star_square_oval_dark_light_steps_4096.png,dark_light_steps,4096,6,25,brute_32,32,smooth,130686,0.9829765558242798,1.1200759410858154,2.2549118995666504,2.2549185752868652,2.9252607822418213,56.250003814697266,0.07450375705957413
example_images/synthetic_nested_shapes/clean/4096/nested_star_square_oval_dark_light_steps_4096.png,dark_light_steps,4096,6,25,brute_32_vs_steerable,32,smooth,130686,0.9897993803024292,0.9547067880630493,2.30908203125,2.4113028049468994,2.6391305923461914,2.8124806880950928,0.07450375705957413
example_images/synthetic_nested_shapes/clean/4096/nested_star_square_oval_dark_light_steps_4096.png,dark_light_steps,4096,6,25,brute_64,64,all,143967,1.4041070938110352,0.5575893521308899,1.682582974433899,2.8125011920928955,30.93751335144043,90.0,0.07280444353818893
example_images/synthetic_nested_shapes/clean/4096/nested_star_square_oval_dark_light_steps_4096.png,dark_light_steps,4096,6,25,brute_64_vs_steerable,64,all,143967,0.5457316040992737,0.49819400906562805,1.274226427078247,1.3470075130462646,1.393322229385376,1.4062403440475464,0.07280444353818893
example_images/synthetic_nested_shapes/clean/4096/nested_star_square_oval_dark_light_steps_4096.png,dark_light_steps,4096,6,25,brute_64,64,smooth,130686,0.5303192138671875,0.5575824975967407,1.1299182176589966,1.6292238235473633,1.694433331489563,56.250003814697266,0.07450375705957413
example_images/synthetic_nested_shapes/clean/4096/nested_star_square_oval_dark_light_steps_4096.png,dark_light_steps,4096,6,25,brute_64_vs_steerable,64,smooth,130686,0.5321201682090759,0.47428834438323975,1.276261806488037,1.3471591472625732,1.3931001424789429,1.4062403440475464,0.07450375705957413
example_images/synthetic_nested_shapes/clean/4096/nested_star_square_oval_dark_light_steps_4096.png,dark_light_steps,4096,6,25,brute_180,180,all,143967,1.2120201587677002,0.37991562485694885,0.6958855986595154,2.379924774169922,31.37991714477539,90.0,0.07280444353818893
example_images/synthetic_nested_shapes/clean/4096/nested_star_square_oval_dark_light_steps_4096.png,dark_light_steps,4096,6,25,brute_180_vs_steerable,180,all,143967,0.1991899162530899,0.18886838853359222,0.44546493887901306,0.47226661443710327,0.49460816383361816,0.4999835193157196,0.07280444353818893
example_images/synthetic_nested_shapes/clean/4096/nested_star_square_oval_dark_light_steps_4096.png,dark_light_steps,4096,6,25,brute_180,180,smooth,130686,0.3250702917575836,0.37991562485694885,0.6200855374336243,0.6200855374336243,1.1181156635284424,56.000003814697266,0.07450375705957413
example_images/synthetic_nested_shapes/clean/4096/nested_star_square_oval_dark_light_steps_4096.png,dark_light_steps,4096,6,25,brute_180_vs_steerable,180,smooth,130686,0.19479027390480042,0.18012575805187225,0.4450824558734894,0.4718226492404938,0.49419835209846497,0.4999835193157196,0.07450375705957413
example_images/synthetic_nested_shapes/clean/4096/nested_star_square_oval_dark_light_steps_4096.png,dark_light_steps,4096,8,25,steerable_atan2,0,all,143967,1.0185011625289917,0.20592337846755981,0.9226629734039307,2.1742610931396484,25.497652053833008,89.87767791748047,0.09192771464586258
example_images/synthetic_nested_shapes/clean/4096/nested_star_square_oval_dark_light_steps_4096.png,dark_light_steps,4096,8,25,steerable_atan2,0,smooth,130686,0.28026843070983887,0.17242129147052765,0.678784191608429,0.8807870745658875,1.410133957862854,41.3939323425293,0.0940319374203682
example_images/synthetic_nested_shapes/clean/4096/nested_star_square_oval_dark_light_steps_4096.png,dark_light_steps,4096,8,25,brute_16,16,all,143967,2.700690269470215,1.1299182176589966,5.629913330078125,5.62992000579834,23.629926681518555,90.0,0.09192771464586258
example_images/synthetic_nested_shapes/clean/4096/nested_star_square_oval_dark_light_steps_4096.png,dark_light_steps,4096,8,25,brute_16_vs_steerable,16,all,143967,2.0509934425354004,1.4589557647705078,5.0986433029174805,5.4462151527404785,5.58171272277832,5.624701976776123,0.09192771464586258
example_images/synthetic_nested_shapes/clean/4096/nested_star_square_oval_dark_light_steps_4096.png,dark_light_steps,4096,8,25,brute_16,16,smooth,130686,2.0684731006622314,1.1299182176589966,5.620084762573242,5.62992000579834,5.62992000579834,45.0,0.0940319374203682
example_images/synthetic_nested_shapes/clean/4096/nested_star_square_oval_dark_light_steps_4096.png,dark_light_steps,4096,8,25,brute_16_vs_steerable,16,smooth,130686,1.986412525177002,1.3774579763412476,5.098668098449707,5.460971832275391,5.58171272277832,5.622919082641602,0.0940319374203682
example_images/synthetic_nested_shapes/clean/4096/nested_star_square_oval_dark_light_steps_4096.png,dark_light_steps,4096,8,25,brute_32,32,all,143967,1.7150168418884277,1.1200827360153198,2.565544843673706,3.3799190521240234,25.879920959472656,90.0,0.09192771464586258
example_images/synthetic_nested_shapes/clean/4096/nested_star_square_oval_dark_light_steps_4096.png,dark_light_steps,4096,8,25,brute_32_vs_steerable,32,all,143967,1.0155516862869263,0.8522915244102478,2.433391571044922,2.61287522315979,2.7671146392822266,2.812303066253662,0.09192771464586258
example_images/synthetic_nested_shapes/clean/4096/nested_star_square_oval_dark_light_steps_4096.png,dark_light_steps,4096,8,25,brute_32,32,smooth,130686,1.0256836414337158,1.1200759410858154,2.2549185752868652,2.8298377990722656,3.3799190521240234,39.375003814697266,0.0940319374203682
example_images/synthetic_nested_shapes/clean/4096/nested_star_square_oval_dark_light_steps_4096.png,dark_light_steps,4096,8,25,brute_32_vs_steerable,32,smooth,130686,0.9824492335319519,0.7731944918632507,2.4278385639190674,2.606618881225586,2.7657244205474854,2.812303066253662,0.0940319374203682
example_images/synthetic_nested_shapes/clean/4096/nested_star_square_oval_dark_light_steps_4096.png,dark_light_steps,4096,8,25,brute_64,64,all,143967,1.279093623161316,0.5575893521308899,1.682582974433899,2.8124876022338867,25.317415237426758,90.0,0.09192771464586258
example_images/synthetic_nested_shapes/clean/4096/nested_star_square_oval_dark_light_steps_4096.png,dark_light_steps,4096,8,25,brute_64_vs_steerable,64,all,143967,0.5053088068962097,0.4552457630634308,1.1851812601089478,1.302799105644226,1.3932766914367676,1.406233549118042,0.09192771464586258
example_images/synthetic_nested_shapes/clean/4096/nested_star_square_oval_dark_light_steps_4096.png,dark_light_steps,4096,8,25,brute_64,64,smooth,130686,0.5587148666381836,0.5575824975967407,1.1584410667419434,1.682582974433899,2.1797807216644287,42.187503814697266,0.0940319374203682
example_images/synthetic_nested_shapes/clean/4096/nested_star_square_oval_dark_light_steps_4096.png,dark_light_steps,4096,8,25,brute_64_vs_steerable,64,smooth,130686,0.48733261227607727,0.41947606205940247,1.1803523302078247,1.298909068107605,1.3932766914367676,1.406233549118042,0.0940319374203682
example_images/synthetic_nested_shapes/clean/4096/nested_star_square_oval_dark_light_steps_4096.png,dark_light_steps,4096,8,25,brute_180,180,all,143967,1.1151469945907593,0.37991562485694885,1.0000011920928955,2.2355291843414307,25.379924774169922,90.0,0.09192771464586258
example_images/synthetic_nested_shapes/clean/4096/nested_star_square_oval_dark_light_steps_4096.png,dark_light_steps,4096,8,25,brute_180_vs_steerable,180,all,143967,0.1877276748418808,0.16758552193641663,0.4326310157775879,0.46627652645111084,0.4938499927520752,0.5000108480453491,0.09192771464586258
example_images/synthetic_nested_shapes/clean/4096/nested_star_square_oval_dark_light_steps_4096.png,dark_light_steps,4096,8,25,brute_180,180,smooth,130686,0.38366982340812683,0.37991562485694885,0.6200855374336243,0.9148833751678467,1.4750378131866455,41.000003814697266,0.0940319374203682
example_images/synthetic_nested_shapes/clean/4096/nested_star_square_oval_dark_light_steps_4096.png,dark_light_steps,4096,8,25,brute_180_vs_steerable,180,smooth,130686,0.18242865800857544,0.15208099782466888,0.4319411814212799,0.46521103382110596,0.49372124671936035,0.4999766945838928,0.0940319374203682
example_images/synthetic_nested_shapes/clean/4096/nested_star_square_oval_low_contrast_gray_4096.png,low_contrast_gray,4096,2,25,steerable_atan2,0,all,143967,1.5666532516479492,0.13466401398181915,0.43892163038253784,8.124972343444824,39.588714599609375,89.77826690673828,0.0061433096416294575
example_images/synthetic_nested_shapes/clean/4096/nested_star_square_oval_low_contrast_gray_4096.png,low_contrast_gray,4096,2,25,steerable_atan2,0,smooth,130686,0.13649936020374298,0.11730167269706726,0.31133368611335754,0.36484822630882263,0.5122290253639221,10.369805335998535,0.006135865580290556
example_images/synthetic_nested_shapes/clean/4096/nested_star_square_oval_low_contrast_gray_4096.png,low_contrast_gray,4096,2,25,brute_16,16,all,143967,3.3424744606018066,1.1299182176589966,5.620084762573242,10.129908561706543,39.379920959472656,90.0,0.0061433096416294575
example_images/synthetic_nested_shapes/clean/4096/nested_star_square_oval_low_contrast_gray_4096.png,low_contrast_gray,4096,2,25,brute_16_vs_steerable,16,all,143967,2.095165967941284,1.050968050956726,5.309855937957764,5.490734577178955,5.598719596862793,5.624838352203369,0.0061433096416294575
example_images/synthetic_nested_shapes/clean/4096/nested_star_square_oval_low_contrast_gray_4096.png,low_contrast_gray,4096,2,25,brute_16,16,smooth,130686,2.053978681564331,1.1299182176589966,5.620084762573242,5.620084762573242,5.62992000579834,11.249998092651367,0.006135865580290556
example_images/synthetic_nested_shapes/clean/4096/nested_star_square_oval_low_contrast_gray_4096.png,low_contrast_gray,4096,2,25,brute_16_vs_steerable,16,smooth,130686,2.028110980987549,1.0091878175735474,5.318538665771484,5.498070240020752,5.598719596862793,5.6242170333862305,0.006135865580290556
example_images/synthetic_nested_shapes/clean/4096/nested_star_square_oval_low_contrast_gray_4096.png,low_contrast_gray,4096,2,25,brute_32,32,all,143967,2.332688331604004,1.1200827360153198,2.286381244659424,7.879914283752441,39.3750114440918,90.0,0.0061433096416294575
example_images/synthetic_nested_shapes/clean/4096/nested_star_square_oval_low_contrast_gray_4096.png,low_contrast_gray,4096,2,25,brute_32_vs_steerable,32,all,143967,0.9467688202857971,0.8752614259719849,2.162601947784424,2.3177428245544434,2.7045023441314697,2.8118796348571777,0.0061433096416294575
example_images/synthetic_nested_shapes/clean/4096/nested_star_square_oval_low_contrast_gray_4096.png,low_contrast_gray,4096,2,25,brute_32,32,smooth,130686,0.9704379439353943,1.1200759410858154,2.2549118995666504,2.2549185752868652,2.719658374786377,11.249998092651367,0.006135865580290556
example_images/synthetic_nested_shapes/clean/4096/nested_star_square_oval_low_contrast_gray_4096.png,low_contrast_gray,4096,2,25,brute_32_vs_steerable,32,smooth,130686,0.9071175456047058,0.8450344204902649,2.1408956050872803,2.267855167388916,2.671030044555664,2.811702013015747,0.006135865580290556
example_images/synthetic_nested_shapes/clean/4096/nested_star_square_oval_low_contrast_gray_4096.png,low_contrast_gray,4096,2,25,brute_64,64,all,143967,1.8957228660583496,0.5575893521308899,1.2444126605987549,8.437503814697266,39.3750114440918,90.0,0.0061433096416294575
example_images/synthetic_nested_shapes/clean/4096/nested_star_square_oval_low_contrast_gray_4096.png,low_contrast_gray,4096,2,25,brute_64_vs_steerable,64,all,143967,0.5103223323822021,0.612326443195343,1.011967658996582,1.1321988105773926,1.3490580320358276,1.4061788320541382,0.0061433096416294575
example_images/synthetic_nested_shapes/clean/4096/nested_star_square_oval_low_contrast_gray_4096.png,low_contrast_gray,4096,2,25,brute_64,64,smooth,130686,0.49495863914489746,0.5575824975967407,1.1299182176589966,1.1299182176589966,1.4632197618484497,11.249998092651367,0.006135865580290556
example_images/synthetic_nested_shapes/clean/4096/nested_star_square_oval_low_contrast_gray_4096.png,low_contrast_gray,4096,2,25,brute_64_vs_steerable,64,smooth,130686,0.49342408776283264,0.5928125977516174,0.9987853765487671,1.0594648122787476,1.3265125751495361,1.4059535264968872,0.006135865580290556
example_images/synthetic_nested_shapes/clean/4096/nested_star_square_oval_low_contrast_gray_4096.png,low_contrast_gray,4096,2,25,brute_180,180,all,143967,1.7196401357650757,0.37991562485694885,0.6200855374336243,8.379911422729492,39.37992858886719,90.0,0.0061433096416294575
example_images/synthetic_nested_shapes/clean/4096/nested_star_square_oval_low_contrast_gray_4096.png,low_contrast_gray,4096,2,25,brute_180_vs_steerable,180,all,143967,0.21426543593406677,0.2003704309463501,0.4660511314868927,0.4851483404636383,0.4967256486415863,0.4999835193157196,0.0061433096416294575
example_images/synthetic_nested_shapes/clean/4096/nested_star_square_oval_low_contrast_gray_4096.png,low_contrast_gray,4096,2,25,brute_180,180,smooth,130686,0.30401405692100525,0.37991562485694885,0.6200787425041199,0.6200855374336243,0.7183931469917297,10.000004768371582,0.006135865580290556
example_images/synthetic_nested_shapes/clean/4096/nested_star_square_oval_low_contrast_gray_4096.png,low_contrast_gray,4096,2,25,brute_180_vs_steerable,180,smooth,130686,0.2108137607574463,0.19230398535728455,0.4668058753013611,0.4853942394256592,0.4972172975540161,0.4999835193157196,0.006135865580290556
example_images/synthetic_nested_shapes/clean/4096/nested_star_square_oval_low_contrast_gray_4096.png,low_contrast_gray,4096,4,25,steerable_atan2,0,all,143967,1.0815211534500122,0.09287691116333008,0.49975264072418213,3.668517827987671,32.795745849609375,89.97747802734375,0.011043470352888107
example_images/synthetic_nested_shapes/clean/4096/nested_star_square_oval_low_contrast_gray_4096.png,low_contrast_gray,4096,4,25,steerable_atan2,0,smooth,130686,0.12466014921665192,0.07870426774024963,0.30884408950805664,0.4192814230918884,0.6330249905586243,4.503806114196777,0.010935992933809757
example_images/synthetic_nested_shapes/clean/4096/nested_star_square_oval_low_contrast_gray_4096.png,low_contrast_gray,4096,4,25,brute_16,16,all,143967,2.8621768951416016,1.1299182176589966,5.62992000579834,5.62992000579834,33.74999237060547,90.0,0.011043470352888107
example_images/synthetic_nested_shapes/clean/4096/nested_star_square_oval_low_contrast_gray_4096.png,low_contrast_gray,4096,4,25,brute_16_vs_steerable,16,all,143967,2.081125259399414,1.3357186317443848,5.2247314453125,5.490133285522461,5.606710910797119,5.624988555908203,0.011043470352888107
example_images/synthetic_nested_shapes/clean/4096/nested_star_square_oval_low_contrast_gray_4096.png,low_contrast_gray,4096,4,25,brute_16,16,smooth,130686,2.0537073612213135,1.1299182176589966,5.620084762573242,5.62992000579834,5.62992000579834,6.794617652893066,0.010935992933809757
example_images/synthetic_nested_shapes/clean/4096/nested_star_square_oval_low_contrast_gray_4096.png,low_contrast_gray,4096,4,25,brute_16_vs_steerable,16,smooth,130686,2.0178749561309814,1.245983600616455,5.251869201660156,5.499122142791748,5.606807231903076,5.624660968780518,0.010935992933809757
example_images/synthetic_nested_shapes/clean/4096/nested_star_square_oval_low_contrast_gray_4096.png,low_contrast_gray,4096,4,25,brute_32,32,all,143967,1.8703869581222534,1.1200827360153198,2.2549185752868652,4.495084285736084,33.74999237060547,90.0,0.011043470352888107
example_images/synthetic_nested_shapes/clean/4096/nested_star_square_oval_low_contrast_gray_4096.png,low_contrast_gray,4096,4,25,brute_32_vs_steerable,32,all,143967,1.0258970260620117,0.9556664228439331,2.3563742637634277,2.4592232704162598,2.7012715339660645,2.812248468399048,0.011043470352888107
example_images/synthetic_nested_shapes/clean/4096/nested_star_square_oval_low_contrast_gray_4096.png,low_contrast_gray,4096,4,25,brute_32,32,smooth,130686,0.9714115858078003,1.1200759410858154,2.2549118995666504,2.2549185752868652,2.7564125061035156,5.625002384185791,0.010935992933809757
example_images/synthetic_nested_shapes/clean/4096/nested_star_square_oval_low_contrast_gray_4096.png,low_contrast_gray,4096,4,25,brute_32_vs_steerable,32,smooth,130686,0.9906765818595886,0.9277650713920593,2.3540143966674805,2.4373221397399902,2.6535484790802,2.812145948410034,0.010935992933809757
example_images/synthetic_nested_shapes/clean/4096/nested_star_square_oval_low_contrast_gray_4096.png,low_contrast_gray,4096,4,25,brute_64,64,all,143967,1.433750033378601,0.5575893521308899,1.3798211812973022,3.3700835704803467,33.74999237060547,90.0,0.011043470352888107
example_images/synthetic_nested_shapes/clean/4096/nested_star_square_oval_low_contrast_gray_4096.png,low_contrast_gray,4096,4,25,brute_64_vs_steerable,64,all,143967,0.5058550238609314,0.4582032561302185,1.1771626472473145,1.2795813083648682,1.3766587972640991,1.4061857461929321,0.011043470352888107
example_images/synthetic_nested_shapes/clean/4096/nested_star_square_oval_low_contrast_gray_4096.png,low_contrast_gray,4096,4,25,brute_64,64,smooth,130686,0.5059236884117126,0.5575824975967407,1.1299182176589966,1.205552339553833,1.682582974433899,5.625002384185791,0.010935992933809757
example_images/synthetic_nested_shapes/clean/4096/nested_star_square_oval_low_contrast_gray_4096.png,low_contrast_gray,4096,4,25,brute_64_vs_steerable,64,smooth,130686,0.4891289174556732,0.44409891963005066,1.1593221426010132,1.2760159969329834,1.3750605583190918,1.4061857461929321,0.010935992933809757
example_images/synthetic_nested_shapes/clean/4096/nested_star_square_oval_low_contrast_gray_4096.png,low_contrast_gray,4096,4,25,brute_180,180,all,143967,1.2481576204299927,0.37991562485694885,0.6200855374336243,3.620082378387451,32.999996185302734,90.0,0.011043470352888107
example_images/synthetic_nested_shapes/clean/4096/nested_star_square_oval_low_contrast_gray_4096.png,low_contrast_gray,4096,4,25,brute_180_vs_steerable,180,all,143967,0.2303561270236969,0.2649567127227783,0.45756804943084717,0.4769930839538574,0.4958990514278412,0.4999903440475464,0.011043470352888107
example_images/synthetic_nested_shapes/clean/4096/nested_star_square_oval_low_contrast_gray_4096.png,low_contrast_gray,4096,4,25,brute_180,180,smooth,130686,0.3065808117389679,0.37991562485694885,0.6200787425041199,0.6200855374336243,0.8073837161064148,5.000005722045898,0.010935992933809757
example_images/synthetic_nested_shapes/clean/4096/nested_star_square_oval_low_contrast_gray_4096.png,low_contrast_gray,4096,4,25,brute_180_vs_steerable,180,smooth,130686,0.229169562458992,0.2694031596183777,0.45765000581741333,0.4770067632198334,0.4958990514278412,0.4999493658542633,0.010935992933809757
example_images/synthetic_nested_shapes/clean/4096/nested_star_square_oval_low_contrast_gray_4096.png,low_contrast_gray,4096,6,25,steerable_atan2,0,all,143967,0.9255934953689575,0.13496454060077667,0.69366854429245,2.3732223510742188,26.705034255981445,89.7143783569336,0.015468893572688103
example_images/synthetic_nested_shapes/clean/4096/nested_star_square_oval_low_contrast_gray_4096.png,low_contrast_gray,4096,6,25,steerable_atan2,0,smooth,130686,0.17719240486621857,0.10928985476493835,0.442070335149765,0.6035769581794739,0.9801543951034546,3.94146990776062,0.01529719028621912
example_images/synthetic_nested_shapes/clean/4096/nested_star_square_oval_low_contrast_gray_4096.png,low_contrast_gray,4096,6,25,brute_16,16,all,143967,2.6760504245758057,1.1299182176589966,5.620084762573242,5.62992000579834,25.879915237426758,90.0,0.015468893572688103
example_images/synthetic_nested_shapes/clean/4096/nested_star_square_oval_low_contrast_gray_4096.png,low_contrast_gray,4096,6,25,brute_16_vs_steerable,16,all,143967,2.1101441383361816,1.4561349153518677,5.234725475311279,5.474820137023926,5.587026596069336,5.624770164489746,0.015468893572688103
example_images/synthetic_nested_shapes/clean/4096/nested_star_square_oval_low_contrast_gray_4096.png,low_contrast_gray,4096,6,25,brute_16,16,smooth,130686,2.0557444095611572,1.1299182176589966,5.620084762573242,5.620084762573242,5.62992000579834,7.065967559814453,0.01529719028621912
example_images/synthetic_nested_shapes/clean/4096/nested_star_square_oval_low_contrast_gray_4096.png,low_contrast_gray,4096,6,25,brute_16_vs_steerable,16,smooth,130686,2.05127215385437,1.3879148960113525,5.249297618865967,5.475175380706787,5.587039947509766,5.6236090660095215,0.01529719028621912
example_images/synthetic_nested_shapes/clean/4096/nested_star_square_oval_low_contrast_gray_4096.png,low_contrast_gray,4096,6,25,brute_32,32,all,143967,1.6702927350997925,1.1200827360153198,2.2549185752868652,3.3700835704803467,28.124998092651367,90.0,0.015468893572688103
example_images/synthetic_nested_shapes/clean/4096/nested_star_square_oval_low_contrast_gray_4096.png,low_contrast_gray,4096,6,25,brute_32_vs_steerable,32,all,143967,1.023232340812683,1.009331226348877,2.3270208835601807,2.4240546226501465,2.690728187561035,2.8124942779541016,0.015468893572688103
example_images/synthetic_nested_shapes/clean/4096/nested_star_square_oval_low_contrast_gray_4096.png,low_contrast_gray,4096,6,25,brute_32,32,smooth,130686,0.9766249060630798,1.1200759410858154,2.2549118995666504,2.2549185752868652,2.911709785461426,5.625002384185791,0.01529719028621912
example_images/synthetic_nested_shapes/clean/4096/nested_star_square_oval_low_contrast_gray_4096.png,low_contrast_gray,4096,6,25,brute_32_vs_steerable,32,smooth,130686,0.9894931316375732,0.9531939029693604,2.3090410232543945,2.411261796951294,2.639172315597534,2.8124942779541016,0.01529719028621912
example_images/synthetic_nested_shapes/clean/4096/nested_star_square_oval_low_contrast_gray_4096.png,low_contrast_gray,4096,6,25,brute_64,64,all,143967,1.2493236064910889,0.5575893521308899,1.682582974433899,2.8125011920928955,27.004915237426758,90.0,0.015468893572688103
example_images/synthetic_nested_shapes/clean/4096/nested_star_square_oval_low_contrast_gray_4096.png,low_contrast_gray,4096,6,25,brute_64_vs_steerable,64,all,143967,0.5460957884788513,0.5002977252006531,1.275251030921936,1.3471523523330688,1.3938640356063843,1.4062403440475464,0.015468893572688103
example_images/synthetic_nested_shapes/clean/4096/nested_star_square_oval_low_contrast_gray_4096.png,low_contrast_gray,4096,6,25,brute_64,64,smooth,130686,0.5243107676506042,0.5575824975967407,1.1299182176589966,1.6222912073135376,1.6924184560775757,2.8521230220794678,0.01529719028621912
example_images/synthetic_nested_shapes/clean/4096/nested_star_square_oval_low_contrast_gray_4096.png,low_contrast_gray,4096,6,25,brute_64_vs_steerable,64,smooth,130686,0.5318395495414734,0.4743703007698059,1.2762550115585327,1.3471660614013672,1.3929635286331177,1.4062403440475464,0.01529719028621912
example_images/synthetic_nested_shapes/clean/4096/nested_star_square_oval_low_contrast_gray_4096.png,low_contrast_gray,4096,6,25,brute_180,180,all,143967,1.0572209358215332,0.37991562485694885,0.698162853717804,2.379917860031128,26.379919052124023,90.0,0.015468893572688103
example_images/synthetic_nested_shapes/clean/4096/nested_star_square_oval_low_contrast_gray_4096.png,low_contrast_gray,4096,6,25,brute_180_vs_steerable,180,all,143967,0.19928205013275146,0.18886838853359222,0.445697158575058,0.472362220287323,0.4946696162223816,0.4999903440475464,0.015468893572688103
example_images/synthetic_nested_shapes/clean/4096/nested_star_square_oval_low_contrast_gray_4096.png,low_contrast_gray,4096,6,25,brute_180,180,smooth,130686,0.3188575506210327,0.37991562485694885,0.6200855374336243,0.6200855374336243,1.110921025276184,4.000004768371582,0.01529719028621912
example_images/synthetic_nested_shapes/clean/4096/nested_star_square_oval_low_contrast_gray_4096.png,low_contrast_gray,4096,6,25,brute_180_vs_steerable,180,smooth,130686,0.1947839856147766,0.18003696203231812,0.44505852460861206,0.4719507098197937,0.494328111410141,0.4999903440475464,0.01529719028621912
example_images/synthetic_nested_shapes/clean/4096/nested_star_square_oval_low_contrast_gray_4096.png,low_contrast_gray,4096,8,25,steerable_atan2,0,all,143967,0.8983064293861389,0.20486469566822052,0.916073203086853,2.0479440689086914,20.621545791625977,86.78585815429688,0.019539382308721542
example_images/synthetic_nested_shapes/clean/4096/nested_star_square_oval_low_contrast_gray_4096.png,low_contrast_gray,4096,8,25,steerable_atan2,0,smooth,130686,0.2726026773452759,0.17242129147052765,0.6782992482185364,0.8807238340377808,1.3866130113601685,4.056613445281982,0.019315557554364204
example_images/synthetic_nested_shapes/clean/4096/nested_star_square_oval_low_contrast_gray_4096.png,low_contrast_gray,4096,8,25,brute_16,16,all,143967,2.5732345581054688,1.1299182176589966,5.629913330078125,5.62992000579834,22.499988555908203,90.0,0.019539382308721542
example_images/synthetic_nested_shapes/clean/4096/nested_star_square_oval_low_contrast_gray_4096.png,low_contrast_gray,4096,8,25,brute_16_vs_steerable,16,all,143967,2.046931028366089,1.4507731199264526,5.09799861907959,5.446228981018066,5.581671714782715,5.62469482421875,0.019539382308721542
example_images/synthetic_nested_shapes/clean/4096/nested_star_square_oval_low_contrast_gray_4096.png,low_contrast_gray,4096,8,25,brute_16,16,smooth,130686,2.0608975887298584,1.1299182176589966,5.620084762573242,5.62992000579834,5.62992000579834,9.265568733215332,0.019315557554364204
example_images/synthetic_nested_shapes/clean/4096/nested_star_square_oval_low_contrast_gray_4096.png,low_contrast_gray,4096,8,25,brute_16_vs_steerable,16,smooth,130686,1.9850775003433228,1.3774101734161377,5.098695278167725,5.4609479904174805,5.58172607421875,5.622925758361816,0.019315557554364204
example_images/synthetic_nested_shapes/clean/4096/nested_star_square_oval_low_contrast_gray_4096.png,low_contrast_gray,4096,8,25,brute_32,32,all,143967,1.591866374015808,1.1200827360153198,2.5046262741088867,3.3799190521240234,21.379913330078125,84.375,0.019539382308721542
example_images/synthetic_nested_shapes/clean/4096/nested_star_square_oval_low_contrast_gray_4096.png,low_contrast_gray,4096,8,25,brute_32_vs_steerable,32,all,143967,1.0151058435440063,0.8595861196517944,2.433309555053711,2.6128616333007812,2.767148733139038,2.8123714923858643,0.019539382308721542
example_images/synthetic_nested_shapes/clean/4096/nested_star_square_oval_low_contrast_gray_4096.png,low_contrast_gray,4096,8,25,brute_32,32,smooth,130686,1.0177639722824097,1.1200759410858154,2.2549185752868652,2.811797618865967,3.3799190521240234,5.625002384185791,0.019315557554364204
example_images/synthetic_nested_shapes/clean/4096/nested_star_square_oval_low_contrast_gray_4096.png,low_contrast_gray,4096,8,25,brute_32_vs_steerable,32,smooth,130686,0.9818994402885437,0.7715108394622803,2.4276576042175293,2.6066393852233887,2.767005205154419,2.8123714923858643,0.019315557554364204
example_images/synthetic_nested_shapes/clean/4096/nested_star_square_oval_low_contrast_gray_4096.png,low_contrast_gray,4096,8,25,brute_64,64,all,143967,1.1588973999023438,0.5575893521308899,1.682582974433899,2.8075766563415527,20.817419052124023,87.1875,0.019539382308721542
example_images/synthetic_nested_shapes/clean/4096/nested_star_square_oval_low_contrast_gray_4096.png,low_contrast_gray,4096,8,25,brute_64_vs_steerable,64,all,143967,0.5056905746459961,0.45518431067466736,1.1857290267944336,1.3035695552825928,1.3932288885116577,1.4062471389770508,0.019539382308721542
example_images/synthetic_nested_shapes/clean/4096/nested_star_square_oval_low_contrast_gray_4096.png,low_contrast_gray,4096,8,25,brute_64,64,smooth,130686,0.5512217879295349,0.5575824975967407,1.1555041074752808,1.682582974433899,2.156154155731201,3.870190143585205,0.019315557554364204
example_images/synthetic_nested_shapes/clean/4096/nested_star_square_oval_low_contrast_gray_4096.png,low_contrast_gray,4096,8,25,brute_64_vs_steerable,64,smooth,130686,0.4871135950088501,0.41954436898231506,1.180366039276123,1.298673391342163,1.3932288885116577,1.4062471389770508,0.019315557554364204
example_images/synthetic_nested_shapes/clean/4096/nested_star_square_oval_low_contrast_gray_4096.png,low_contrast_gray,4096,8,25,brute_180,180,all,143967,0.994346559047699,0.37991562485694885,1.0000011920928955,2.000002384185791,20.379919052124023,87.0,0.019539382308721542
example_images/synthetic_nested_shapes/clean/4096/nested_star_square_oval_low_contrast_gray_4096.png,low_contrast_gray,4096,8,25,brute_180_vs_steerable,180,all,143967,0.1877613663673401,0.16764698922634125,0.4326378405094147,0.4662218987941742,0.494086891412735,0.49999716877937317,0.019539382308721542
example_images/synthetic_nested_shapes/clean/4096/nested_star_square_oval_low_contrast_gray_4096.png,low_contrast_gray,4096,8,25,brute_180,180,smooth,130686,0.3756360113620758,0.37991562485694885,0.6200855374336243,0.9059751033782959,1.4560481309890747,4.091836452484131,0.019315557554364204
example_images/synthetic_nested_shapes/clean/4096/nested_star_square_oval_low_contrast_gray_4096.png,low_contrast_gray,4096,8,25,brute_180_vs_steerable,180,smooth,130686,0.1823619157075882,0.1517053246498108,0.43193432688713074,0.4651222229003906,0.49369972944259644,0.49999716877937317,0.019315557554364204
example_images/synthetic_nested_shapes/clean/4096/nested_star_square_oval_low_contrast_cool_colors_4096.png,low_contrast_cool_colors,4096,2,25,steerable_atan2,0,all,143967,1.5536397695541382,0.13476645946502686,0.43753644824028015,8.53668212890625,38.92606735229492,88.95159149169922,0.0020429829601198435
example_images/synthetic_nested_shapes/clean/4096/nested_star_square_oval_low_contrast_cool_colors_4096.png,low_contrast_cool_colors,4096,2,25,steerable_atan2,0,smooth,130686,0.13553357124328613,0.1173563152551651,0.3113917410373688,0.3647577166557312,0.5099555850028992,4.924593925476074,0.0020705903880298138
example_images/synthetic_nested_shapes/clean/4096/nested_star_square_oval_low_contrast_cool_colors_4096.png,low_contrast_cool_colors,4096,2,25,brute_16,16,all,143967,3.32824969291687,1.1299182176589966,5.620084762573242,10.129913330078125,39.37991714477539,90.0,0.0020429829601198435
example_images/synthetic_nested_shapes/clean/4096/nested_star_square_oval_low_contrast_cool_colors_4096.png,low_contrast_cool_colors,4096,2,25,brute_16_vs_steerable,16,all,143967,2.0934572219848633,1.0505651235580444,5.307261943817139,5.490686893463135,5.5986104011535645,5.624906539916992,0.0020429829601198435
example_images/synthetic_nested_shapes/clean/4096/nested_star_square_oval_low_contrast_cool_colors_4096.png,low_contrast_cool_colors,4096,2,25,brute_16,16,smooth,130686,2.0528063774108887,1.1299182176589966,5.620084762573242,5.620084762573242,5.62992000579834,6.788880348205566,0.0020705903880298138
example_images/synthetic_nested_shapes/clean/4096/nested_star_square_oval_low_contrast_cool_colors_4096.png,low_contrast_cool_colors,4096,2,25,brute_16_vs_steerable,16,smooth,130686,2.0275025367736816,1.008757472038269,5.318449974060059,5.4980292320251465,5.5986175537109375,5.6242170333862305,0.0020705903880298138
example_images/synthetic_nested_shapes/clean/4096/nested_star_square_oval_low_contrast_cool_colors_4096.png,low_contrast_cool_colors,4096,2,25,brute_32,32,all,143967,2.3209455013275146,1.1200827360153198,2.297201633453369,7.879920959472656,39.375003814697266,90.0,0.0020429829601198435
example_images/synthetic_nested_shapes/clean/4096/nested_star_square_oval_low_contrast_cool_colors_4096.png,low_contrast_cool_colors,4096,2,25,brute_32_vs_steerable,32,all,143967,0.9468031525611877,0.8747559785842896,2.1621100902557373,2.317319393157959,2.7053821086883545,2.812385082244873,0.0020429829601198435
example_images/synthetic_nested_shapes/clean/4096/nested_star_square_oval_low_contrast_cool_colors_4096.png,low_contrast_cool_colors,4096,2,25,brute_32,32,smooth,130686,0.9695548415184021,1.1200759410858154,2.2549118995666504,2.2549185752868652,2.7166523933410645,5.625002384185791,0.0020705903880298138
example_images/synthetic_nested_shapes/clean/4096/nested_star_square_oval_low_contrast_cool_colors_4096.png,low_contrast_cool_colors,4096,2,25,brute_32_vs_steerable,32,smooth,130686,0.9067373275756836,0.8444436192512512,2.1407861709594727,2.2672812938690186,2.6693062782287598,2.811018943786621,0.0020705903880298138
example_images/synthetic_nested_shapes/clean/4096/nested_star_square_oval_low_contrast_cool_colors_4096.png,low_contrast_cool_colors,4096,2,25,brute_64,64,all,143967,1.882625699043274,0.5575893521308899,1.247666597366333,8.437503814697266,38.817420959472656,90.0,0.0020429829601198435
example_images/synthetic_nested_shapes/clean/4096/nested_star_square_oval_low_contrast_cool_colors_4096.png,low_contrast_cool_colors,4096,2,25,brute_64_vs_steerable,64,all,143967,0.5099685192108154,0.6104276776313782,1.0106221437454224,1.1311886310577393,1.3490580320358276,1.4062130451202393,0.0020429829601198435
example_images/synthetic_nested_shapes/clean/4096/nested_star_square_oval_low_contrast_cool_colors_4096.png,low_contrast_cool_colors,4096,2,25,brute_64,64,smooth,130686,0.4941211938858032,0.5575824975967407,1.1299182176589966,1.1299182176589966,1.4626221656799316,5.625002384185791,0.0020705903880298138
example_images/synthetic_nested_shapes/clean/4096/nested_star_square_oval_low_contrast_cool_colors_4096.png,low_contrast_cool_colors,4096,2,25,brute_64_vs_steerable,64,smooth,130686,0.4931526482105255,0.593222439289093,0.9987307786941528,1.0587646961212158,1.3278923034667969,1.4062130451202393,0.0020705903880298138
example_images/synthetic_nested_shapes/clean/4096/nested_star_square_oval_low_contrast_cool_colors_4096.png,low_contrast_cool_colors,4096,2,25,brute_180,180,all,143967,1.7065365314483643,0.37991562485694885,0.6200855374336243,8.379918098449707,39.000003814697266,89.0,0.0020429829601198435
example_images/synthetic_nested_shapes/clean/4096/nested_star_square_oval_low_contrast_cool_colors_4096.png,low_contrast_cool_colors,4096,2,25,brute_180_vs_steerable,180,all,143967,0.2141183465719223,0.20037725567817688,0.46575742959976196,0.48509371280670166,0.49669602513313293,0.4999903440475464,0.0020429829601198435
example_images/synthetic_nested_shapes/clean/4096/nested_star_square_oval_low_contrast_cool_colors_4096.png,low_contrast_cool_colors,4096,2,25,brute_180,180,smooth,130686,0.3029923737049103,0.37991562485694885,0.6200787425041199,0.6200855374336243,0.7145299911499023,5.000005722045898,0.0020705903880298138
example_images/synthetic_nested_shapes/clean/4096/nested_star_square_oval_low_contrast_cool_colors_4096.png,low_contrast_cool_colors,4096,2,25,brute_180_vs_steerable,180,smooth,130686,0.2106591910123825,0.19183269143104553,0.4667648673057556,0.48531225323677063,0.49727192521095276,0.4999903440475464,0.0020705903880298138
example_images/synthetic_nested_shapes/clean/4096/nested_star_square_oval_low_contrast_cool_colors_4096.png,low_contrast_cool_colors,4096,4,25,steerable_atan2,0,all,143967,1.085519552230835,0.09262419492006302,0.4989480674266815,3.686173915863037,32.80735778808594,87.8026123046875,0.0036696158349514008
example_images/synthetic_nested_shapes/clean/4096/nested_star_square_oval_low_contrast_cool_colors_4096.png,low_contrast_cool_colors,4096,4,25,steerable_atan2,0,smooth,130686,0.12405949085950851,0.07867694646120071,0.3085777163505554,0.41839689016342163,0.6309971213340759,2.6505777835845947,0.0036903778091073036
example_images/synthetic_nested_shapes/clean/4096/nested_star_square_oval_low_contrast_cool_colors_4096.png,low_contrast_cool_colors,4096,4,25,brute_16,16,all,143967,2.864865303039551,1.1299182176589966,5.62992000579834,5.62992000579834,33.74999237060547,90.0,0.0036696158349514008
example_images/synthetic_nested_shapes/clean/4096/nested_star_square_oval_low_contrast_cool_colors_4096.png,low_contrast_cool_colors,4096,4,25,brute_16_vs_steerable,16,all,143967,2.080004930496216,1.335595726966858,5.223783493041992,5.490338325500488,5.6065473556518555,5.6249680519104,0.0036696158349514008
example_images/synthetic_nested_shapes/clean/4096/nested_star_square_oval_low_contrast_cool_colors_4096.png,low_contrast_cool_colors,4096,4,25,brute_16,16,smooth,130686,2.053706645965576,1.1299182176589966,5.620084762573242,5.62992000579834,5.62992000579834,6.794617652893066,0.0036903778091073036
example_images/synthetic_nested_shapes/clean/4096/nested_star_square_oval_low_contrast_cool_colors_4096.png,low_contrast_cool_colors,4096,4,25,brute_16_vs_steerable,16,smooth,130686,2.0171172618865967,1.2460041046142578,5.254788875579834,5.499142646789551,5.606934070587158,5.624783992767334,0.0036903778091073036
example_images/synthetic_nested_shapes/clean/4096/nested_star_square_oval_low_contrast_cool_colors_4096.png,low_contrast_cool_colors,4096,4,25,brute_32,32,all,143967,1.8713325262069702,1.1200827360153198,2.2549185752868652,4.495084285736084,33.74999237060547,90.0,0.0036696158349514008
example_images/synthetic_nested_shapes/clean/4096/nested_star_square_oval_low_contrast_cool_colors_4096.png,low_contrast_cool_colors,4096,4,25,brute_32_vs_steerable,32,all,143967,1.0259431600570679,0.9557620286941528,2.356667995452881,2.4591665267944336,2.6982860565185547,2.812023162841797,0.0036696158349514008
example_images/synthetic_nested_shapes/clean/4096/nested_star_square_oval_low_contrast_cool_colors_4096.png,low_contrast_cool_colors,4096,4,25,brute_32,32,smooth,130686,0.9700341820716858,1.1200759410858154,2.2549118995666504,2.2549185752868652,2.747400999069214,4.299562931060791,0.0036903778091073036
example_images/synthetic_nested_shapes/clean/4096/nested_star_square_oval_low_contrast_cool_colors_4096.png,low_contrast_cool_colors,4096,4,25,brute_32_vs_steerable,32,smooth,130686,0.990456759929657,0.9269556999206543,2.354093074798584,2.436121940612793,2.653635263442993,2.812023162841797,0.0036903778091073036
example_images/synthetic_nested_shapes/clean/4096/nested_star_square_oval_low_contrast_cool_colors_4096.png,low_contrast_cool_colors,4096,4,25,brute_64,64,all,143967,1.4388262033462524,0.5575893521308899,1.3813306093215942,3.3700835704803467,33.19241714477539,87.18750762939453,0.0036696158349514008
example_images/synthetic_nested_shapes/clean/4096/nested_star_square_oval_low_contrast_cool_colors_4096.png,low_contrast_cool_colors,4096,4,25,brute_64_vs_steerable,64,all,143967,0.5059269070625305,0.45801883935928345,1.1782923936843872,1.279601812362671,1.3767088651657104,1.4062471389770508,0.0036696158349514008
example_images/synthetic_nested_shapes/clean/4096/nested_star_square_oval_low_contrast_cool_colors_4096.png,low_contrast_cool_colors,4096,4,25,brute_64,64,smooth,130686,0.5055685639381409,0.5575824975967407,1.1299182176589966,1.2054686546325684,1.682582974433899,2.952540636062622,0.0036903778091073036
example_images/synthetic_nested_shapes/clean/4096/nested_star_square_oval_low_contrast_cool_colors_4096.png,low_contrast_cool_colors,4096,4,25,brute_64_vs_steerable,64,smooth,130686,0.4889448881149292,0.4440510869026184,1.159554362297058,1.2753158807754517,1.3751015663146973,1.4062471389770508,0.0036903778091073036
example_images/synthetic_nested_shapes/clean/4096/nested_star_square_oval_low_contrast_cool_colors_4096.png,low_contrast_cool_colors,4096,4,25,brute_180,180,all,143967,1.25188410282135,0.37991562485694885,0.6200855374336243,3.620082378387451,32.999996185302734,88.0,0.0036696158349514008
example_images/synthetic_nested_shapes/clean/4096/nested_star_square_oval_low_contrast_cool_colors_4096.png,low_contrast_cool_colors,4096,4,25,brute_180_vs_steerable,180,all,143967,0.23027901351451874,0.2647927701473236,0.45734265446662903,0.4769657850265503,0.4958512485027313,0.49999716877937317,0.0036696158349514008
example_images/synthetic_nested_shapes/clean/4096/nested_star_square_oval_low_contrast_cool_colors_4096.png,low_contrast_cool_colors,4096,4,25,brute_180,180,smooth,130686,0.3059837222099304,0.37991562485694885,0.6200787425041199,0.6200855374336243,0.8033941984176636,3.0000035762786865,0.0036903778091073036
example_images/synthetic_nested_shapes/clean/4096/nested_star_square_oval_low_contrast_cool_colors_4096.png,low_contrast_cool_colors,4096,4,25,brute_180_vs_steerable,180,smooth,130686,0.2291613221168518,0.2693348526954651,0.4577524662017822,0.47702041268348694,0.4958512485027313,0.49999716877937317,0.0036903778091073036
example_images/synthetic_nested_shapes/clean/4096/nested_star_square_oval_low_contrast_cool_colors_4096.png,low_contrast_cool_colors,4096,6,25,steerable_atan2,0,all,143967,0.9250927567481995,0.13495087623596191,0.6926235556602478,2.4097769260406494,26.634963989257812,78.0346450805664,0.005140344146639109
example_images/synthetic_nested_shapes/clean/4096/nested_star_square_oval_low_contrast_cool_colors_4096.png,low_contrast_cool_colors,4096,6,25,steerable_atan2,0,smooth,130686,0.1767076998949051,0.10923521965742111,0.44155123829841614,0.6027436852455139,0.9795591235160828,2.2658674716949463,0.005163006484508514
example_images/synthetic_nested_shapes/clean/4096/nested_star_square_oval_low_contrast_cool_colors_4096.png,low_contrast_cool_colors,4096,6,25,brute_16,16,all,143967,2.674454927444458,1.1299182176589966,5.620084762573242,5.62992000579834,25.879915237426758,78.75001525878906,0.005140344146639109
example_images/synthetic_nested_shapes/clean/4096/nested_star_square_oval_low_contrast_cool_colors_4096.png,low_contrast_cool_colors,4096,6,25,brute_16_vs_steerable,16,all,143967,2.1097662448883057,1.4515039920806885,5.234650135040283,5.474642753601074,5.586924076080322,5.624906539916992,0.005140344146639109
example_images/synthetic_nested_shapes/clean/4096/nested_star_square_oval_low_contrast_cool_colors_4096.png,low_contrast_cool_colors,4096,6,25,brute_16,16,smooth,130686,2.0557949542999268,1.1299182176589966,5.620084762573242,5.620084762573242,5.62992000579834,7.065967559814453,0.005163006484508514
example_images/synthetic_nested_shapes/clean/4096/nested_star_square_oval_low_contrast_cool_colors_4096.png,low_contrast_cool_colors,4096,6,25,brute_16_vs_steerable,16,smooth,130686,2.0507280826568604,1.38784658908844,5.249382972717285,5.475086688995361,5.58693790435791,5.6237592697143555,0.005163006484508514
example_images/synthetic_nested_shapes/clean/4096/nested_star_square_oval_low_contrast_cool_colors_4096.png,low_contrast_cool_colors,4096,6,25,brute_32,32,all,143967,1.668773889541626,1.1200827360153198,2.2549185752868652,3.3700835704803467,28.124998092651367,78.75001525878906,0.005140344146639109
example_images/synthetic_nested_shapes/clean/4096/nested_star_square_oval_low_contrast_cool_colors_4096.png,low_contrast_cool_colors,4096,6,25,brute_32_vs_steerable,32,all,143967,1.022684097290039,1.0092629194259644,2.326963424682617,2.4239726066589355,2.689984083175659,2.812453269958496,0.005140344146639109
example_images/synthetic_nested_shapes/clean/4096/nested_star_square_oval_low_contrast_cool_colors_4096.png,low_contrast_cool_colors,4096,6,25,brute_32,32,smooth,130686,0.9761995077133179,1.1200759410858154,2.2549118995666504,2.2549185752868652,2.9099748134613037,4.327198028564453,0.005163006484508514
example_images/synthetic_nested_shapes/clean/4096/nested_star_square_oval_low_contrast_cool_colors_4096.png,low_contrast_cool_colors,4096,6,25,brute_32_vs_steerable,32,smooth,130686,0.9889733195304871,0.9521249532699585,2.3089728355407715,2.411193370819092,2.6391873359680176,2.812453269958496,0.005163006484508514
example_images/synthetic_nested_shapes/clean/4096/nested_star_square_oval_low_contrast_cool_colors_4096.png,low_contrast_cool_colors,4096,6,25,brute_64,64,all,143967,1.2485109567642212,0.5575893521308899,1.682582974433899,2.8125011920928955,27.004915237426758,78.75001525878906,0.005140344146639109
example_images/synthetic_nested_shapes/clean/4096/nested_star_square_oval_low_contrast_cool_colors_4096.png,low_contrast_cool_colors,4096,6,25,brute_64_vs_steerable,64,all,143967,0.5458117127418518,0.498282790184021,1.275418996810913,1.3472753763198853,1.3938913345336914,1.4062198400497437,0.005140344146639109
example_images/synthetic_nested_shapes/clean/4096/nested_star_square_oval_low_contrast_cool_colors_4096.png,low_contrast_cool_colors,4096,6,25,brute_64,64,smooth,130686,0.5238708853721619,0.5575824975967407,1.1299182176589966,1.6196205615997314,1.6924184560775757,2.939549446105957,0.005163006484508514
example_images/synthetic_nested_shapes/clean/4096/nested_star_square_oval_low_contrast_cool_colors_4096.png,low_contrast_cool_colors,4096,6,25,brute_64_vs_steerable,64,smooth,130686,0.5317461490631104,0.474138081073761,1.2761526107788086,1.3472821712493896,1.393114447593689,1.4062198400497437,0.005163006484508514
example_images/synthetic_nested_shapes/clean/4096/nested_star_square_oval_low_contrast_cool_colors_4096.png,low_contrast_cool_colors,4096,6,25,brute_180,180,all,143967,1.0562833547592163,0.37991562485694885,0.7005383372306824,2.379917860031128,26.379919052124023,78.0,0.005140344146639109
example_images/synthetic_nested_shapes/clean/4096/nested_star_square_oval_low_contrast_cool_colors_4096.png,low_contrast_cool_colors,4096,6,25,brute_180_vs_steerable,180,all,143967,0.19922849535942078,0.18875910341739655,0.4455796778202057,0.4721163511276245,0.49447837471961975,0.5000039935112,0.005140344146639109
example_images/synthetic_nested_shapes/clean/4096/nested_star_square_oval_low_contrast_cool_colors_4096.png,low_contrast_cool_colors,4096,6,25,brute_180,180,smooth,130686,0.31811556220054626,0.37991562485694885,0.6200855374336243,0.6200855374336243,1.104142189025879,2.309607982635498,0.005163006484508514
example_images/synthetic_nested_shapes/clean/4096/nested_star_square_oval_low_contrast_cool_colors_4096.png,low_contrast_cool_colors,4096,6,25,brute_180_vs_steerable,180,smooth,130686,0.19473445415496826,0.17993450164794922,0.44506195187568665,0.47206512093544006,0.49423250555992126,0.5000039935112,0.005163006484508514
example_images/synthetic_nested_shapes/clean/4096/nested_star_square_oval_low_contrast_cool_colors_4096.png,low_contrast_cool_colors,4096,8,25,steerable_atan2,0,all,143967,0.8969160318374634,0.20437292754650116,0.9160171747207642,2.0668745040893555,20.329320907592773,81.14226531982422,0.006493016611784697
example_images/synthetic_nested_shapes/clean/4096/nested_star_square_oval_low_contrast_cool_colors_4096.png,low_contrast_cool_colors,4096,8,25,steerable_atan2,0,smooth,130686,0.27222031354904175,0.17227786779403687,0.6780738830566406,0.8805890083312988,1.3833612203598022,4.056606292724609,0.0065192230977118015
example_images/synthetic_nested_shapes/clean/4096/nested_star_square_oval_low_contrast_cool_colors_4096.png,low_contrast_cool_colors,4096,8,25,brute_16,16,all,143967,2.57399845123291,1.1299182176589966,5.629913330078125,5.62992000579834,22.499988555908203,78.75001525878906,0.006493016611784697
example_images/synthetic_nested_shapes/clean/4096/nested_star_square_oval_low_contrast_cool_colors_4096.png,low_contrast_cool_colors,4096,8,25,brute_16_vs_steerable,16,all,143967,2.046428680419922,1.4503360986709595,5.098374366760254,5.446242809295654,5.5816240310668945,5.624572277069092,0.006493016611784697
example_images/synthetic_nested_shapes/clean/4096/nested_star_square_oval_low_contrast_cool_colors_4096.png,low_contrast_cool_colors,4096,8,25,brute_16,16,smooth,130686,2.0608975887298584,1.1299182176589966,5.620084762573242,5.62992000579834,5.62992000579834,9.265568733215332,0.0065192230977118015
example_images/synthetic_nested_shapes/clean/4096/nested_star_square_oval_low_contrast_cool_colors_4096.png,low_contrast_cool_colors,4096,8,25,brute_16_vs_steerable,16,smooth,130686,1.9846735000610352,1.3774988651275635,5.098681449890137,5.460906982421875,5.581809997558594,5.622925758361816,0.0065192230977118015
example_images/synthetic_nested_shapes/clean/4096/nested_star_square_oval_low_contrast_cool_colors_4096.png,low_contrast_cool_colors,4096,8,25,brute_32,32,all,143967,1.5898553133010864,1.1200827360153198,2.506850242614746,3.3799190521240234,20.254926681518555,78.75001525878906,0.006493016611784697
example_images/synthetic_nested_shapes/clean/4096/nested_star_square_oval_low_contrast_cool_colors_4096.png,low_contrast_cool_colors,4096,8,25,brute_32_vs_steerable,32,all,143967,1.0146483182907104,0.8545591235160828,2.4331865310668945,2.612974166870117,2.766930103302002,2.8123371601104736,0.006493016611784697
example_images/synthetic_nested_shapes/clean/4096/nested_star_square_oval_low_contrast_cool_colors_4096.png,low_contrast_cool_colors,4096,8,25,brute_32,32,smooth,130686,1.017655372619629,1.1200759410858154,2.2549185752868652,2.811790943145752,3.3799190521240234,4.60909366607666,0.0065192230977118015
example_images/synthetic_nested_shapes/clean/4096/nested_star_square_oval_low_contrast_cool_colors_4096.png,low_contrast_cool_colors,4096,8,25,brute_32_vs_steerable,32,smooth,130686,0.981548547744751,0.7695915699005127,2.4274561405181885,2.60640025138855,2.7668004035949707,2.8123371601104736,0.0065192230977118015
example_images/synthetic_nested_shapes/clean/4096/nested_star_square_oval_low_contrast_cool_colors_4096.png,low_contrast_cool_colors,4096,8,25,brute_64,64,all,143967,1.1572647094726562,0.5575893521308899,1.682582974433899,2.8075833320617676,20.817413330078125,81.5625,0.006493016611784697
example_images/synthetic_nested_shapes/clean/4096/nested_star_square_oval_low_contrast_cool_colors_4096.png,low_contrast_cool_colors,4096,8,25,brute_64_vs_steerable,64,all,143967,0.5056298971176147,0.45488378405570984,1.1853246688842773,1.3042908906936646,1.3931468725204468,1.406233549118042,0.006493016611784697
example_images/synthetic_nested_shapes/clean/4096/nested_star_square_oval_low_contrast_cool_colors_4096.png,low_contrast_cool_colors,4096,8,25,brute_64,64,smooth,130686,0.5509209632873535,0.5575824975967407,1.154650330543518,1.682582974433899,2.148810863494873,3.870190143585205,0.0065192230977118015
example_images/synthetic_nested_shapes/clean/4096/nested_star_square_oval_low_contrast_cool_colors_4096.png,low_contrast_cool_colors,4096,8,25,brute_64_vs_steerable,64,smooth,130686,0.486950546503067,0.4192574918270111,1.1803796291351318,1.298927903175354,1.3931468725204468,1.406233549118042,0.0065192230977118015
example_images/synthetic_nested_shapes/clean/4096/nested_star_square_oval_low_contrast_cool_colors_4096.png,low_contrast_cool_colors,4096,8,25,brute_180,180,all,143967,0.9930845499038696,0.37991562485694885,1.0000011920928955,2.000002384185791,20.379919052124023,81.00000762939453,0.006493016611784697
example_images/synthetic_nested_shapes/clean/4096/nested_star_square_oval_low_contrast_cool_colors_4096.png,low_contrast_cool_colors,4096,8,25,brute_180_vs_steerable,180,all,143967,0.18754032254219055,0.16709375381469727,0.4326241910457611,0.4661310315132141,0.4938499927520752,0.49999716877937317,0.006493016611784697
example_images/synthetic_nested_shapes/clean/4096/nested_star_square_oval_low_contrast_cool_colors_4096.png,low_contrast_cool_colors,4096,8,25,brute_180,180,smooth,130686,0.37530943751335144,0.37991562485694885,0.6200855374336243,0.904819130897522,1.453072190284729,4.091836452484131,0.0065192230977118015
example_images/synthetic_nested_shapes/clean/4096/nested_star_square_oval_low_contrast_cool_colors_4096.png,low_contrast_cool_colors,4096,8,25,brute_180_vs_steerable,180,smooth,130686,0.18223044276237488,0.15195804834365845,0.43142208456993103,0.46494463086128235,0.49368607997894287,0.49999716877937317,0.0065192230977118015
example_images/synthetic_nested_shapes/clean/4096/nested_star_square_oval_low_contrast_warm_colors_4096.png,low_contrast_warm_colors,4096,2,25,steerable_atan2,0,all,143967,1.771726369857788,0.13368728756904602,0.4350079298019409,10.081501960754395,41.521324157714844,89.55225372314453,0.002806491916999221
example_images/synthetic_nested_shapes/clean/4096/nested_star_square_oval_low_contrast_warm_colors_4096.png,low_contrast_warm_colors,4096,2,25,steerable_atan2,0,smooth,130686,0.1353030949831009,0.11678257584571838,0.30999496579170227,0.36307579278945923,0.5053930282592773,4.019238471984863,0.002869941294193268
example_images/synthetic_nested_shapes/clean/4096/nested_star_square_oval_low_contrast_warm_colors_4096.png,low_contrast_warm_colors,4096,2,25,brute_16,16,all,143967,3.541712760925293,1.1299182176589966,5.620084762573242,11.249998092651367,43.87990951538086,88.87992095947266,0.002806491916999221
example_images/synthetic_nested_shapes/clean/4096/nested_star_square_oval_low_contrast_warm_colors_4096.png,low_contrast_warm_colors,4096,2,25,brute_16_vs_steerable,16,all,143967,2.0902063846588135,1.0498957633972168,5.30716609954834,5.490597724914551,5.5983781814575195,5.6248931884765625,0.002806491916999221
example_images/synthetic_nested_shapes/clean/4096/nested_star_square_oval_low_contrast_warm_colors_4096.png,low_contrast_warm_colors,4096,2,25,brute_16,16,smooth,130686,2.0529820919036865,1.1299182176589966,5.620084762573242,5.620084762573242,5.62992000579834,7.530106067657471,0.002869941294193268
example_images/synthetic_nested_shapes/clean/4096/nested_star_square_oval_low_contrast_warm_colors_4096.png,low_contrast_warm_colors,4096,2,25,brute_16_vs_steerable,16,smooth,130686,2.02640962600708,1.0063873529434204,5.318934917449951,5.498438835144043,5.598474025726318,5.624510765075684,0.002869941294193268
example_images/synthetic_nested_shapes/clean/4096/nested_star_square_oval_low_contrast_warm_colors_4096.png,low_contrast_warm_colors,4096,2,25,brute_32,32,all,143967,2.5382437705993652,1.1200827360153198,2.3286287784576416,10.129928588867188,41.62990951538086,89.99508666992188,0.002806491916999221
example_images/synthetic_nested_shapes/clean/4096/nested_star_square_oval_low_contrast_warm_colors_4096.png,low_contrast_warm_colors,4096,2,25,brute_32_vs_steerable,32,all,143967,0.9456368684768677,0.8742847442626953,2.1625115871429443,2.319136142730713,2.706547498703003,2.8121254444122314,0.002806491916999221
example_images/synthetic_nested_shapes/clean/4096/nested_star_square_oval_low_contrast_warm_colors_4096.png,low_contrast_warm_colors,4096,2,25,brute_32,32,smooth,130686,0.9694144129753113,1.1200759410858154,2.2549118995666504,2.2549185752868652,2.7172951698303223,5.7520575523376465,0.002869941294193268
example_images/synthetic_nested_shapes/clean/4096/nested_star_square_oval_low_contrast_warm_colors_4096.png,low_contrast_warm_colors,4096,2,25,brute_32_vs_steerable,32,smooth,130686,0.9060366749763489,0.8419710993766785,2.1421658992767334,2.2690844535827637,2.673410654067993,2.811319589614868,0.002869941294193268
example_images/synthetic_nested_shapes/clean/4096/nested_star_square_oval_low_contrast_warm_colors_4096.png,low_contrast_warm_colors,4096,2,25,brute_64,64,all,143967,2.101210594177246,0.5575893521308899,1.2580935955047607,10.129915237426758,42.1874885559082,89.99508666992188,0.002806491916999221
example_images/synthetic_nested_shapes/clean/4096/nested_star_square_oval_low_contrast_warm_colors_4096.png,low_contrast_warm_colors,4096,2,25,brute_64_vs_steerable,64,all,143967,0.5094804763793945,0.609273374080658,1.0104650259017944,1.1318129301071167,1.349326729774475,1.4061447381973267,0.002806491916999221
example_images/synthetic_nested_shapes/clean/4096/nested_star_square_oval_low_contrast_warm_colors_4096.png,low_contrast_warm_colors,4096,2,25,brute_64,64,smooth,130686,0.49445921182632446,0.5575824975967407,1.1299182176589966,1.1299182176589966,1.4642843008041382,4.575120449066162,0.002869941294193268
example_images/synthetic_nested_shapes/clean/4096/nested_star_square_oval_low_contrast_warm_colors_4096.png,low_contrast_warm_colors,4096,2,25,brute_64_vs_steerable,64,smooth,130686,0.49228399991989136,0.5914192795753479,0.9980067610740662,1.0586998462677002,1.326992392539978,1.4059876203536987,0.002869941294193268
example_images/synthetic_nested_shapes/clean/4096/nested_star_square_oval_low_contrast_warm_colors_4096.png,low_contrast_warm_colors,4096,2,25,brute_180,180,all,143967,1.924469232559204,0.37991562485694885,0.6200855374336243,10.37990665435791,41.37991714477539,89.62007904052734,0.002806491916999221
example_images/synthetic_nested_shapes/clean/4096/nested_star_square_oval_low_contrast_warm_colors_4096.png,low_contrast_warm_colors,4096,2,25,brute_180_vs_steerable,180,all,143967,0.21411116421222687,0.20046605169773102,0.4660511314868927,0.48499807715415955,0.4967118501663208,0.49999716877937317,0.002806491916999221
example_images/synthetic_nested_shapes/clean/4096/nested_star_square_oval_low_contrast_warm_colors_4096.png,low_contrast_warm_colors,4096,2,25,brute_180,180,smooth,130686,0.30282580852508545,0.37991562485694885,0.6200787425041199,0.6200855374336243,0.7082643508911133,4.325121879577637,0.002869941294193268
example_images/synthetic_nested_shapes/clean/4096/nested_star_square_oval_low_contrast_warm_colors_4096.png,low_contrast_warm_colors,4096,2,25,brute_180_vs_steerable,180,smooth,130686,0.21068105101585388,0.19183611869812012,0.46756744384765625,0.4858040511608124,0.49710118770599365,0.49999716877937317,0.002869941294193268
example_images/synthetic_nested_shapes/clean/4096/nested_star_square_oval_low_contrast_warm_colors_4096.png,low_contrast_warm_colors,4096,4,25,steerable_atan2,0,all,143967,1.1299850940704346,0.09168162941932678,0.49928000569343567,3.878419876098633,33.480918884277344,88.36970520019531,0.005015555769205093
example_images/synthetic_nested_shapes/clean/4096/nested_star_square_oval_low_contrast_warm_colors_4096.png,low_contrast_warm_colors,4096,4,25,steerable_atan2,0,smooth,130686,0.12390697002410889,0.07864963263273239,0.3064466714859009,0.418342262506485,0.6299524903297424,2.793219566345215,0.005110142286866903
example_images/synthetic_nested_shapes/clean/4096/nested_star_square_oval_low_contrast_warm_colors_4096.png,low_contrast_warm_colors,4096,4,25,brute_16,16,all,143967,2.9101412296295166,1.1299182176589966,5.62992000579834,5.62992000579834,33.74999237060547,86.62008666992188,0.005015555769205093
example_images/synthetic_nested_shapes/clean/4096/nested_star_square_oval_low_contrast_warm_colors_4096.png,low_contrast_warm_colors,4096,4,25,brute_16_vs_steerable,16,all,143967,2.0809621810913086,1.335595726966858,5.2245073318481445,5.490427017211914,5.606588363647461,5.62492036819458,0.005015555769205093
example_images/synthetic_nested_shapes/clean/4096/nested_star_square_oval_low_contrast_warm_colors_4096.png,low_contrast_warm_colors,4096,4,25,brute_16,16,smooth,130686,2.053907871246338,1.1299182176589966,5.620084762573242,5.62992000579834,5.62992000579834,7.467309474945068,0.005110142286866903
example_images/synthetic_nested_shapes/clean/4096/nested_star_square_oval_low_contrast_warm_colors_4096.png,low_contrast_warm_colors,4096,4,25,brute_16_vs_steerable,16,smooth,130686,2.0159809589385986,1.243791103363037,5.2519989013671875,5.499176502227783,5.606929779052734,5.6247429847717285,0.005110142286866903
example_images/synthetic_nested_shapes/clean/4096/nested_star_square_oval_low_contrast_warm_colors_4096.png,low_contrast_warm_colors,4096,4,25,brute_32,32,all,143967,1.9199516773223877,1.1200827360153198,2.2549185752868652,4.504919528961182,33.75,86.62008666992188,0.005015555769205093
example_images/synthetic_nested_shapes/clean/4096/nested_star_square_oval_low_contrast_warm_colors_4096.png,low_contrast_warm_colors,4096,4,25,brute_32_vs_steerable,32,all,143967,1.0252801179885864,0.9555161595344543,2.35644268989563,2.4592506885528564,2.698090076446533,2.812248468399048,0.005015555769205093
example_images/synthetic_nested_shapes/clean/4096/nested_star_square_oval_low_contrast_warm_colors_4096.png,low_contrast_warm_colors,4096,4,25,brute_32,32,smooth,130686,0.9703829884529114,1.1200759410858154,2.2549118995666504,2.2549185752868652,2.7548632621765137,4.855144500732422,0.005110142286866903
example_images/synthetic_nested_shapes/clean/4096/nested_star_square_oval_low_contrast_warm_colors_4096.png,low_contrast_warm_colors,4096,4,25,brute_32_vs_steerable,32,smooth,130686,0.9896975755691528,0.9267405867576599,2.354099750518799,2.4364120960235596,2.6538662910461426,2.812248468399048,0.005110142286866903
example_images/synthetic_nested_shapes/clean/4096/nested_star_square_oval_low_contrast_warm_colors_4096.png,low_contrast_warm_colors,4096,4,25,brute_64,64,all,143967,1.48203444480896,0.5575893521308899,1.3955360651016235,3.3799190521240234,33.75,89.4325942993164,0.005015555769205093
example_images/synthetic_nested_shapes/clean/4096/nested_star_square_oval_low_contrast_warm_colors_4096.png,low_contrast_warm_colors,4096,4,25,brute_64_vs_steerable,64,all,143967,0.5052191615104675,0.4578002691268921,1.1771831512451172,1.2796155214309692,1.3762421607971191,1.4061583280563354,0.005015555769205093
example_images/synthetic_nested_shapes/clean/4096/nested_star_square_oval_low_contrast_warm_colors_4096.png,low_contrast_warm_colors,4096,4,25,brute_64,64,smooth,130686,0.5053101181983948,0.5575824975967407,1.1299182176589966,1.2051578760147095,1.682582974433899,3.667497396469116,0.005110142286866903
example_images/synthetic_nested_shapes/clean/4096/nested_star_square_oval_low_contrast_warm_colors_4096.png,low_contrast_warm_colors,4096,4,25,brute_64_vs_steerable,64,smooth,130686,0.48836883902549744,0.4437710642814636,1.1591650247573853,1.2753124237060547,1.3750536441802979,1.4061583280563354,0.005110142286866903
example_images/synthetic_nested_shapes/clean/4096/nested_star_square_oval_low_contrast_warm_colors_4096.png,low_contrast_warm_colors,4096,4,25,brute_180,180,all,143967,1.2962512969970703,0.37991562485694885,0.6200855374336243,3.999997854232788,33.37991714477539,88.62008666992188,0.005015555769205093
example_images/synthetic_nested_shapes/clean/4096/nested_star_square_oval_low_contrast_warm_colors_4096.png,low_contrast_warm_colors,4096,4,25,brute_180_vs_steerable,180,all,143967,0.23011919856071472,0.2642122209072113,0.4574929177761078,0.4769726097583771,0.49587857723236084,0.5000039935112,0.005015555769205093
example_images/synthetic_nested_shapes/clean/4096/nested_star_square_oval_low_contrast_warm_colors_4096.png,low_contrast_warm_colors,4096,4,25,brute_180,180,smooth,130686,0.3055536150932312,0.37991562485694885,0.6200787425041199,0.6200855374336243,0.7945070862770081,2.9369404315948486,0.005110142286866903
example_images/synthetic_nested_shapes/clean/4096/nested_star_square_oval_low_contrast_warm_colors_4096.png,low_contrast_warm_colors,4096,4,25,brute_180_vs_steerable,180,smooth,130686,0.22895534336566925,0.2693690061569214,0.45764318108558655,0.47697943449020386,0.49587857723236084,0.5000039935112,0.005110142286866903
example_images/synthetic_nested_shapes/clean/4096/nested_star_square_oval_low_contrast_warm_colors_4096.png,low_contrast_warm_colors,4096,6,25,steerable_atan2,0,all,143967,0.9472771883010864,0.134991854429245,0.694712221622467,2.6061270236968994,27.279619216918945,71.99302673339844,0.007026615086942911
example_images/synthetic_nested_shapes/clean/4096/nested_star_square_oval_low_contrast_warm_colors_4096.png,low_contrast_warm_colors,4096,6,25,steerable_atan2,0,smooth,130686,0.17681455612182617,0.10881516337394714,0.44110387563705444,0.6026788353919983,0.9949820041656494,2.705997943878174,0.007151142228394747
example_images/synthetic_nested_shapes/clean/4096/nested_star_square_oval_low_contrast_warm_colors_4096.png,low_contrast_warm_colors,4096,6,25,brute_16,16,all,143967,2.6966965198516846,1.1299182176589966,5.620084762573242,5.62992000579834,25.879920959472656,68.62992858886719,0.007026615086942911
example_images/synthetic_nested_shapes/clean/4096/nested_star_square_oval_low_contrast_warm_colors_4096.png,low_contrast_warm_colors,4096,6,25,brute_16_vs_steerable,16,all,143967,2.1111347675323486,1.4558274745941162,5.23593282699585,5.474806308746338,5.587101459503174,5.624558448791504,0.007026615086942911
example_images/synthetic_nested_shapes/clean/4096/nested_star_square_oval_low_contrast_warm_colors_4096.png,low_contrast_warm_colors,4096,6,25,brute_16,16,smooth,130686,2.0559864044189453,1.1299182176589966,5.620084762573242,5.620084762573242,5.62992000579834,7.582493782043457,0.007151142228394747
example_images/synthetic_nested_shapes/clean/4096/nested_star_square_oval_low_contrast_warm_colors_4096.png,low_contrast_warm_colors,4096,6,25,brute_16_vs_steerable,16,smooth,130686,2.050306558609009,1.3868085145950317,5.2493181228637695,5.475202560424805,5.587108612060547,5.623663425445557,0.007151142228394747
example_images/synthetic_nested_shapes/clean/4096/nested_star_square_oval_low_contrast_warm_colors_4096.png,low_contrast_warm_colors,4096,6,25,brute_32,32,all,143967,1.689231514930725,1.1200827360153198,2.2549185752868652,3.3799123764038086,28.124998092651367,73.125,0.007026615086942911
example_images/synthetic_nested_shapes/clean/4096/nested_star_square_oval_low_contrast_warm_colors_4096.png,low_contrast_warm_colors,4096,6,25,brute_32_vs_steerable,32,all,143967,1.0211422443389893,1.007473349571228,2.3268883228302,2.422285556793213,2.6886723041534424,2.812467098236084,0.007026615086942911
example_images/synthetic_nested_shapes/clean/4096/nested_star_square_oval_low_contrast_warm_colors_4096.png,low_contrast_warm_colors,4096,6,25,brute_32,32,smooth,130686,0.9765949845314026,1.1200759410858154,2.2549118995666504,2.2549185752868652,2.9141345024108887,4.93806266784668,0.007151142228394747
example_images/synthetic_nested_shapes/clean/4096/nested_star_square_oval_low_contrast_warm_colors_4096.png,low_contrast_warm_colors,4096,6,25,brute_32_vs_steerable,32,smooth,130686,0.9882475733757019,0.9499529600143433,2.3088908195495605,2.4111251831054688,2.638852596282959,2.812467098236084,0.007151142228394747
example_images/synthetic_nested_shapes/clean/4096/nested_star_square_oval_low_contrast_warm_colors_4096.png,low_contrast_warm_colors,4096,6,25,brute_64,64,all,143967,1.2714307308197021,0.5575893521308899,1.682582974433899,2.8125011920928955,27.56740951538086,73.125,0.007026615086942911
example_images/synthetic_nested_shapes/clean/4096/nested_star_square_oval_low_contrast_warm_colors_4096.png,low_contrast_warm_colors,4096,6,25,brute_64_vs_steerable,64,all,143967,0.5455824732780457,0.4956122040748596,1.276316523551941,1.3470430374145508,1.3937366008758545,1.4062403440475464,0.007026615086942911
example_images/synthetic_nested_shapes/clean/4096/nested_star_square_oval_low_contrast_warm_colors_4096.png,low_contrast_warm_colors,4096,6,25,brute_64,64,smooth,130686,0.5242078304290771,0.5575824975967407,1.1299182176589966,1.6232695579528809,1.6924184560775757,3.58235239982605,0.007151142228394747
example_images/synthetic_nested_shapes/clean/4096/nested_star_square_oval_low_contrast_warm_colors_4096.png,low_contrast_warm_colors,4096,6,25,brute_64_vs_steerable,64,smooth,130686,0.5311084985733032,0.4730828106403351,1.2763233184814453,1.3470499515533447,1.3929283618927002,1.4062403440475464,0.007151142228394747
example_images/synthetic_nested_shapes/clean/4096/nested_star_square_oval_low_contrast_warm_colors_4096.png,low_contrast_warm_colors,4096,6,25,brute_180,180,all,143967,1.0787757635116577,0.37991562485694885,0.7027554512023926,2.6200811862945557,27.129182815551758,72.00000762939453,0.007026615086942911
example_images/synthetic_nested_shapes/clean/4096/nested_star_square_oval_low_contrast_warm_colors_4096.png,low_contrast_warm_colors,4096,6,25,brute_180_vs_steerable,180,all,143967,0.19913262128829956,0.1885678619146347,0.4457654654979706,0.4723963737487793,0.49468329548835754,0.49996301531791687,0.007026615086942911
example_images/synthetic_nested_shapes/clean/4096/nested_star_square_oval_low_contrast_warm_colors_4096.png,low_contrast_warm_colors,4096,6,25,brute_180,180,smooth,130686,0.31829598546028137,0.37991562485694885,0.6200855374336243,0.6200855374336243,1.1232212781906128,2.9074203968048096,0.007151142228394747
example_images/synthetic_nested_shapes/clean/4096/nested_star_square_oval_low_contrast_warm_colors_4096.png,low_contrast_warm_colors,4096,6,25,brute_180_vs_steerable,180,smooth,130686,0.19457018375396729,0.17940858006477356,0.44501757621765137,0.47200706601142883,0.49430179595947266,0.49996301531791687,0.007151142228394747
example_images/synthetic_nested_shapes/clean/4096/nested_star_square_oval_low_contrast_warm_colors_4096.png,low_contrast_warm_colors,4096,8,25,steerable_atan2,0,all,143967,0.9093260169029236,0.20205065608024597,0.9253225922584534,2.1742725372314453,20.20237922668457,78.77681732177734,0.008873439393937588
example_images/synthetic_nested_shapes/clean/4096/nested_star_square_oval_low_contrast_warm_colors_4096.png,low_contrast_warm_colors,4096,8,25,steerable_atan2,0,smooth,130686,0.27200913429260254,0.17220956087112427,0.6773396134376526,0.8807597160339355,1.385844349861145,4.056640625,0.009027172811329365
example_images/synthetic_nested_shapes/clean/4096/nested_star_square_oval_low_contrast_warm_colors_4096.png,low_contrast_warm_colors,4096,8,25,brute_16,16,all,143967,2.5827481746673584,1.1299182176589966,5.629913330078125,5.62992000579834,22.499988555908203,78.75001525878906,0.008873439393937588
example_images/synthetic_nested_shapes/clean/4096/nested_star_square_oval_low_contrast_warm_colors_4096.png,low_contrast_warm_colors,4096,8,25,brute_16_vs_steerable,16,all,143967,2.048161268234253,1.4507731199264526,5.098456382751465,5.446256160736084,5.5816850662231445,5.6247358322143555,0.008873439393937588
example_images/synthetic_nested_shapes/clean/4096/nested_star_square_oval_low_contrast_warm_colors_4096.png,low_contrast_warm_colors,4096,8,25,brute_16,16,smooth,130686,2.060931444168091,1.1299182176589966,5.620084762573242,5.62992000579834,5.62992000579834,9.265568733215332,0.009027172811329365
example_images/synthetic_nested_shapes/clean/4096/nested_star_square_oval_low_contrast_warm_colors_4096.png,low_contrast_warm_colors,4096,8,25,brute_16_vs_steerable,16,smooth,130686,1.983961582183838,1.3751834630966187,5.098627090454102,5.460941314697266,5.581753730773926,5.622919082641602,0.009027172811329365
example_images/synthetic_nested_shapes/clean/4096/nested_star_square_oval_low_contrast_warm_colors_4096.png,low_contrast_warm_colors,4096,8,25,brute_32,32,all,143967,1.6004164218902588,1.1200827360153198,2.5375518798828125,3.3799190521240234,20.254926681518555,78.75001525878906,0.008873439393937588
example_images/synthetic_nested_shapes/clean/4096/nested_star_square_oval_low_contrast_warm_colors_4096.png,low_contrast_warm_colors,4096,8,25,brute_32_vs_steerable,32,all,143967,1.0142236948013306,0.8476538062095642,2.433377981185913,2.612738609313965,2.7672033309936523,2.8124260902404785,0.008873439393937588
example_images/synthetic_nested_shapes/clean/4096/nested_star_square_oval_low_contrast_warm_colors_4096.png,low_contrast_warm_colors,4096,8,25,brute_32,32,smooth,130686,1.017650842666626,1.1200759410858154,2.2549185752868652,2.811797618865967,3.3799190521240234,4.60909366607666,0.009027172811329365
example_images/synthetic_nested_shapes/clean/4096/nested_star_square_oval_low_contrast_warm_colors_4096.png,low_contrast_warm_colors,4096,8,25,brute_32_vs_steerable,32,smooth,130686,0.9811475872993469,0.7683519124984741,2.42751407623291,2.6067006587982178,2.7670953273773193,2.812323570251465,0.009027172811329365
example_images/synthetic_nested_shapes/clean/4096/nested_star_square_oval_low_contrast_warm_colors_4096.png,low_contrast_warm_colors,4096,8,25,brute_64,64,all,143967,1.170656442642212,0.5575893521308899,1.682582974433899,2.8124876022338867,20.254919052124023,78.75001525878906,0.008873439393937588
example_images/synthetic_nested_shapes/clean/4096/nested_star_square_oval_low_contrast_warm_colors_4096.png,low_contrast_warm_colors,4096,8,25,brute_64_vs_steerable,64,all,143967,0.5045230984687805,0.45342209935188293,1.1852290630340576,1.3040634393692017,1.393310785293579,1.406233549118042,0.008873439393937588
example_images/synthetic_nested_shapes/clean/4096/nested_star_square_oval_low_contrast_warm_colors_4096.png,low_contrast_warm_colors,4096,8,25,brute_64,64,smooth,130686,0.5511139035224915,0.5575824975967407,1.1556851863861084,1.682582974433899,2.1536645889282227,3.870190143585205,0.009027172811329365
example_images/synthetic_nested_shapes/clean/4096/nested_star_square_oval_low_contrast_warm_colors_4096.png,low_contrast_warm_colors,4096,8,25,brute_64_vs_steerable,64,smooth,130686,0.48638343811035156,0.4194624125957489,1.1802908182144165,1.2990559339523315,1.393310785293579,1.406233549118042,0.009027172811329365
example_images/synthetic_nested_shapes/clean/4096/nested_star_square_oval_low_contrast_warm_colors_4096.png,low_contrast_warm_colors,4096,8,25,brute_180,180,all,143967,1.0057904720306396,0.37991562485694885,1.0000011920928955,2.217907190322876,20.379919052124023,79.00000762939453,0.008873439393937588
example_images/synthetic_nested_shapes/clean/4096/nested_star_square_oval_low_contrast_warm_colors_4096.png,low_contrast_warm_colors,4096,8,25,brute_180_vs_steerable,180,all,143967,0.18733608722686768,0.1657140552997589,0.43257638812065125,0.46630385518074036,0.4940367341041565,0.5000039935112,0.008873439393937588
example_images/synthetic_nested_shapes/clean/4096/nested_star_square_oval_low_contrast_warm_colors_4096.png,low_contrast_warm_colors,4096,8,25,brute_180,180,smooth,130686,0.37535735964775085,0.37991562485694885,0.6200855374336243,0.904819130897522,1.4569777250289917,4.091836452484131,0.009027172811329365
example_images/synthetic_nested_shapes/clean/4096/nested_star_square_oval_low_contrast_warm_colors_4096.png,low_contrast_warm_colors,4096,8,25,brute_180_vs_steerable,180,smooth,130686,0.18193934857845306,0.15138430893421173,0.43172943592071533,0.46517688035964966,0.4937690496444702,0.5000039935112,0.009027172811329365
example_images/synthetic_nested_shapes/clean/4096/nested_star_square_oval_low_contrast_mixed_chroma_4096.png,low_contrast_mixed_chroma,4096,2,25,steerable_atan2,0,all,143967,1.6591432094573975,0.13378974795341492,0.44726264476776123,9.410676956176758,39.96861267089844,84.75425720214844,0.0012421247083693743
example_images/synthetic_nested_shapes/clean/4096/nested_star_square_oval_low_contrast_mixed_chroma_4096.png,low_contrast_mixed_chroma,4096,2,25,steerable_atan2,0,smooth,130686,0.1849239468574524,0.1155838817358017,0.31071898341178894,0.3645545244216919,0.529114305973053,84.75425720214844,0.0012372161727398634
example_images/synthetic_nested_shapes/clean/4096/nested_star_square_oval_low_contrast_mixed_chroma_4096.png,low_contrast_mixed_chroma,4096,2,25,brute_16,16,all,143967,3.420681953430176,1.1299182176589966,5.620084762573242,10.129915237426758,39.37992858886719,89.96037292480469,0.0012421247083693743
example_images/synthetic_nested_shapes/clean/4096/nested_star_square_oval_low_contrast_mixed_chroma_4096.png,low_contrast_mixed_chroma,4096,2,25,brute_16_vs_steerable,16,all,143967,2.0907390117645264,1.0515280961990356,5.306933879852295,5.4903244972229,5.598446369171143,5.624988555908203,0.0012421247083693743
example_images/synthetic_nested_shapes/clean/4096/nested_star_square_oval_low_contrast_mixed_chroma_4096.png,low_contrast_mixed_chroma,4096,2,25,brute_16,16,smooth,130686,2.0991244316101074,1.1299182176589966,5.620084762573242,5.620084762573242,5.62992000579834,89.96037292480469,0.0012372161727398634
example_images/synthetic_nested_shapes/clean/4096/nested_star_square_oval_low_contrast_mixed_chroma_4096.png,low_contrast_mixed_chroma,4096,2,25,brute_16_vs_steerable,16,smooth,130686,2.0284087657928467,1.0097068548202515,5.318886756896973,5.4982476234436035,5.598446369171143,5.624332904815674,0.0012372161727398634
example_images/synthetic_nested_shapes/clean/4096/nested_star_square_oval_low_contrast_mixed_chroma_4096.png,low_contrast_mixed_chroma,4096,2,25,brute_32,32,all,143967,2.4261019229888916,1.1200827360153198,2.360445022583008,10.129908561706543,39.379920959472656,85.95503997802734,0.0012421247083693743
example_images/synthetic_nested_shapes/clean/4096/nested_star_square_oval_low_contrast_mixed_chroma_4096.png,low_contrast_mixed_chroma,4096,2,25,brute_32_vs_steerable,32,all,143967,0.9477220773696899,0.8758488297462463,2.1622138023376465,2.3177154064178467,2.7078330516815186,2.812309980392456,0.0012421247083693743
example_images/synthetic_nested_shapes/clean/4096/nested_star_square_oval_low_contrast_mixed_chroma_4096.png,low_contrast_mixed_chroma,4096,2,25,brute_32,32,smooth,130686,1.017655611038208,1.1200759410858154,2.2549118995666504,2.2549185752868652,2.761643648147583,85.95503997802734,0.0012372161727398634
example_images/synthetic_nested_shapes/clean/4096/nested_star_square_oval_low_contrast_mixed_chroma_4096.png,low_contrast_mixed_chroma,4096,2,25,brute_32_vs_steerable,32,smooth,130686,0.9063119292259216,0.8443514108657837,2.140772581100464,2.2675681114196777,2.6735119819641113,2.8118386268615723,0.0012372161727398634
example_images/synthetic_nested_shapes/clean/4096/nested_star_square_oval_low_contrast_mixed_chroma_4096.png,low_contrast_mixed_chroma,4096,2,25,brute_64,64,all,143967,1.9879150390625,0.5575893521308899,1.2846876382827759,9.501640319824219,39.94241714477539,85.22686004638672,0.0012421247083693743
example_images/synthetic_nested_shapes/clean/4096/nested_star_square_oval_low_contrast_mixed_chroma_4096.png,low_contrast_mixed_chroma,4096,2,25,brute_64_vs_steerable,64,all,143967,0.5095007419586182,0.6092119216918945,1.0115032196044922,1.1321995258331299,1.3482999801635742,1.4062540531158447,0.0012421247083693743
example_images/synthetic_nested_shapes/clean/4096/nested_star_square_oval_low_contrast_mixed_chroma_4096.png,low_contrast_mixed_chroma,4096,2,25,brute_64,64,smooth,130686,0.5439456105232239,0.5575824975967407,1.1299182176589966,1.1299182176589966,1.5003148317337036,85.22686004638672,0.0012372161727398634
example_images/synthetic_nested_shapes/clean/4096/nested_star_square_oval_low_contrast_mixed_chroma_4096.png,low_contrast_mixed_chroma,4096,2,25,brute_64_vs_steerable,64,smooth,130686,0.49256107211112976,0.5927716493606567,0.9996870160102844,1.0593760013580322,1.3276678323745728,1.4062540531158447,0.0012372161727398634
example_images/synthetic_nested_shapes/clean/4096/nested_star_square_oval_low_contrast_mixed_chroma_4096.png,low_contrast_mixed_chroma,4096,2,25,brute_180,180,all,143967,1.8123881816864014,0.37991562485694885,0.6200855374336243,9.379919052124023,40.379913330078125,84.8770523071289,0.0012421247083693743
example_images/synthetic_nested_shapes/clean/4096/nested_star_square_oval_low_contrast_mixed_chroma_4096.png,low_contrast_mixed_chroma,4096,2,25,brute_180_vs_steerable,180,all,143967,0.21384941041469574,0.19931858777999878,0.46605658531188965,0.4852098226547241,0.49691471457481384,0.49999716877937317,0.0012421247083693743
example_images/synthetic_nested_shapes/clean/4096/nested_star_square_oval_low_contrast_mixed_chroma_4096.png,low_contrast_mixed_chroma,4096,2,25,brute_180,180,smooth,130686,0.3525829017162323,0.37991562485694885,0.6200787425041199,0.6200855374336243,0.7380794882774353,84.8770523071289,0.0012372161727398634
example_images/synthetic_nested_shapes/clean/4096/nested_star_square_oval_low_contrast_mixed_chroma_4096.png,low_contrast_mixed_chroma,4096,2,25,brute_180_vs_steerable,180,smooth,130686,0.21030844748020172,0.1899338960647583,0.46678879857063293,0.4853942394256592,0.49697139859199524,0.4999835193157196,0.0012372161727398634
example_images/synthetic_nested_shapes/clean/4096/nested_star_square_oval_low_contrast_mixed_chroma_4096.png,low_contrast_mixed_chroma,4096,4,25,steerable_atan2,0,all,143967,1.3297704458236694,0.09113521873950958,0.5043138265609741,4.095951080322266,38.597679138183594,89.98743438720703,0.0022143793758004904
example_images/synthetic_nested_shapes/clean/4096/nested_star_square_oval_low_contrast_mixed_chroma_4096.png,low_contrast_mixed_chroma,4096,4,25,steerable_atan2,0,smooth,130686,0.15652397274971008,0.07802808284759521,0.3072799742221832,0.4207567274570465,0.6708899140357971,88.70124053955078,0.002201616996899247
example_images/synthetic_nested_shapes/clean/4096/nested_star_square_oval_low_contrast_mixed_chroma_4096.png,low_contrast_mixed_chroma,4096,4,25,brute_16,16,all,143967,3.1193203926086426,1.1299182176589966,5.62992000579834,5.62992000579834,37.12992477416992,90.0,0.0022143793758004904
example_images/synthetic_nested_shapes/clean/4096/nested_star_square_oval_low_contrast_mixed_chroma_4096.png,low_contrast_mixed_chroma,4096,4,25,brute_16_vs_steerable,16,all,143967,2.0863614082336426,1.3421732187271118,5.230996131896973,5.490556716918945,5.60667085647583,5.624975204467773,0.0022143793758004904
example_images/synthetic_nested_shapes/clean/4096/nested_star_square_oval_low_contrast_mixed_chroma_4096.png,low_contrast_mixed_chroma,4096,4,25,brute_16,16,smooth,130686,2.084366798400879,1.1299182176589966,5.620084762573242,5.62992000579834,5.62992000579834,90.0,0.002201616996899247
example_images/synthetic_nested_shapes/clean/4096/nested_star_square_oval_low_contrast_mixed_chroma_4096.png,low_contrast_mixed_chroma,4096,4,25,brute_16_vs_steerable,16,smooth,130686,2.0162477493286133,1.2458537817001343,5.252982139587402,5.499026298522949,5.607134819030762,5.6249613761901855,0.002201616996899247
example_images/synthetic_nested_shapes/clean/4096/nested_star_square_oval_low_contrast_mixed_chroma_4096.png,low_contrast_mixed_chroma,4096,4,25,brute_32,32,all,143967,2.1210668087005615,1.1200827360153198,2.2549185752868652,5.620077610015869,39.374996185302734,90.0,0.0022143793758004904
example_images/synthetic_nested_shapes/clean/4096/nested_star_square_oval_low_contrast_mixed_chroma_4096.png,low_contrast_mixed_chroma,4096,4,25,brute_32_vs_steerable,32,all,143967,1.025275707244873,0.9557073712348938,2.3567745685577393,2.4591755867004395,2.7010772228240967,2.8121187686920166,0.0022143793758004904
example_images/synthetic_nested_shapes/clean/4096/nested_star_square_oval_low_contrast_mixed_chroma_4096.png,low_contrast_mixed_chroma,4096,4,25,brute_32,32,smooth,130686,1.0025266408920288,1.1200759410858154,2.2549118995666504,2.2549185752868652,2.80265212059021,90.0,0.002201616996899247
example_images/synthetic_nested_shapes/clean/4096/nested_star_square_oval_low_contrast_mixed_chroma_4096.png,low_contrast_mixed_chroma,4096,4,25,brute_32_vs_steerable,32,smooth,130686,0.9899079203605652,0.9271230697631836,2.353956460952759,2.4371070861816406,2.65396785736084,2.8121187686920166,0.002201616996899247
example_images/synthetic_nested_shapes/clean/4096/nested_star_square_oval_low_contrast_mixed_chroma_4096.png,low_contrast_mixed_chroma,4096,4,25,brute_64,64,all,143967,1.6830390691757202,0.5575893521308899,1.4256926774978638,3.9424126148223877,39.374996185302734,90.0,0.0022143793758004904
example_images/synthetic_nested_shapes/clean/4096/nested_star_square_oval_low_contrast_mixed_chroma_4096.png,low_contrast_mixed_chroma,4096,4,25,brute_64_vs_steerable,64,all,143967,0.5044817924499512,0.45788905024528503,1.1769782304763794,1.2794857025146484,1.3763445615768433,1.4062198400497437,0.0022143793758004904
example_images/synthetic_nested_shapes/clean/4096/nested_star_square_oval_low_contrast_mixed_chroma_4096.png,low_contrast_mixed_chroma,4096,4,25,brute_64,64,smooth,130686,0.5381960868835449,0.5575824975967407,1.1299182176589966,1.2259438037872314,1.682582974433899,90.0,0.002201616996899247
example_images/synthetic_nested_shapes/clean/4096/nested_star_square_oval_low_contrast_mixed_chroma_4096.png,low_contrast_mixed_chroma,4096,4,25,brute_64_vs_steerable,64,smooth,130686,0.48816341161727905,0.4437437355518341,1.1592333316802979,1.2759442329406738,1.3751424551010132,1.4062198400497437,0.002201616996899247
example_images/synthetic_nested_shapes/clean/4096/nested_star_square_oval_low_contrast_mixed_chroma_4096.png,low_contrast_mixed_chroma,4096,4,25,brute_180,180,all,143967,1.4966932535171509,0.37991562485694885,0.6200855374336243,4.000011444091797,38.37993240356445,90.0,0.0022143793758004904
example_images/synthetic_nested_shapes/clean/4096/nested_star_square_oval_low_contrast_mixed_chroma_4096.png,low_contrast_mixed_chroma,4096,4,25,brute_180_vs_steerable,180,all,143967,0.22987163066864014,0.2640687823295593,0.45760902762413025,0.47708189487457275,0.49587857723236084,0.4999903440475464,0.0022143793758004904
example_images/synthetic_nested_shapes/clean/4096/nested_star_square_oval_low_contrast_mixed_chroma_4096.png,low_contrast_mixed_chroma,4096,4,25,brute_180,180,smooth,130686,0.3384854793548584,0.37991562485694885,0.6200855374336243,0.6200855374336243,0.8415886163711548,89.0,0.002201616996899247
example_images/synthetic_nested_shapes/clean/4096/nested_star_square_oval_low_contrast_mixed_chroma_4096.png,low_contrast_mixed_chroma,4096,4,25,brute_180_vs_steerable,180,smooth,130686,0.22865936160087585,0.2686381936073303,0.45778658986091614,0.47708189487457275,0.49587857723236084,0.4999903440475464,0.002201616996899247
example_images/synthetic_nested_shapes/clean/4096/nested_star_square_oval_low_contrast_mixed_chroma_4096.png,low_contrast_mixed_chroma,4096,6,25,steerable_atan2,0,all,143967,1.077850580215454,0.13477329909801483,0.6972803473472595,2.7296509742736816,30.92255210876465,89.99341583251953,0.003103733528405428
example_images/synthetic_nested_shapes/clean/4096/nested_star_square_oval_low_contrast_mixed_chroma_4096.png,low_contrast_mixed_chroma,4096,6,25,steerable_atan2,0,smooth,130686,0.1943306177854538,0.10782819986343384,0.442968487739563,0.6114948987960815,1.020081877708435,21.925357818603516,0.00308185163885355
example_images/synthetic_nested_shapes/clean/4096/nested_star_square_oval_low_contrast_mixed_chroma_4096.png,low_contrast_mixed_chroma,4096,6,25,brute_16,16,all,143967,2.836747646331787,1.1299182176589966,5.620084762573242,5.62992000579834,32.62991714477539,90.0,0.003103733528405428
example_images/synthetic_nested_shapes/clean/4096/nested_star_square_oval_low_contrast_mixed_chroma_4096.png,low_contrast_mixed_chroma,4096,6,25,brute_16_vs_steerable,16,all,143967,2.1134626865386963,1.458860158920288,5.2385640144348145,5.474710941314697,5.586883068084717,5.624674320220947,0.003103733528405428
example_images/synthetic_nested_shapes/clean/4096/nested_star_square_oval_low_contrast_mixed_chroma_4096.png,low_contrast_mixed_chroma,4096,6,25,brute_16,16,smooth,130686,2.0710554122924805,1.1299182176589966,5.620084762573242,5.620084762573242,5.62992000579834,22.500001907348633,0.00308185163885355
example_images/synthetic_nested_shapes/clean/4096/nested_star_square_oval_low_contrast_mixed_chroma_4096.png,low_contrast_mixed_chroma,4096,6,25,brute_16_vs_steerable,16,smooth,130686,2.05151629447937,1.3878192901611328,5.249300956726074,5.475113868713379,5.586896896362305,5.623800277709961,0.00308185163885355
example_images/synthetic_nested_shapes/clean/4096/nested_star_square_oval_low_contrast_mixed_chroma_4096.png,low_contrast_mixed_chroma,4096,6,25,brute_32,32,all,143967,1.8227452039718628,1.1200827360153198,2.2549185752868652,3.3799190521240234,30.37992286682129,90.0,0.003103733528405428
example_images/synthetic_nested_shapes/clean/4096/nested_star_square_oval_low_contrast_mixed_chroma_4096.png,low_contrast_mixed_chroma,4096,6,25,brute_32_vs_steerable,32,all,143967,1.0225611925125122,1.0092356204986572,2.32684063911438,2.4240000247955322,2.6925928592681885,2.8123509883880615,0.003103733528405428
example_images/synthetic_nested_shapes/clean/4096/nested_star_square_oval_low_contrast_mixed_chroma_4096.png,low_contrast_mixed_chroma,4096,6,25,brute_32,32,smooth,130686,0.99336177110672,1.1200759410858154,2.2549118995666504,2.2549185752868652,3.0054471492767334,21.090368270874023,0.00308185163885355
example_images/synthetic_nested_shapes/clean/4096/nested_star_square_oval_low_contrast_mixed_chroma_4096.png,low_contrast_mixed_chroma,4096,6,25,brute_32_vs_steerable,32,smooth,130686,0.988801896572113,0.9512951374053955,2.3087270259857178,2.410879135131836,2.639570713043213,2.8123509883880615,0.00308185163885355
example_images/synthetic_nested_shapes/clean/4096/nested_star_square_oval_low_contrast_mixed_chroma_4096.png,low_contrast_mixed_chroma,4096,6,25,brute_64,64,all,143967,1.4020718336105347,0.5575893521308899,1.682582974433899,2.8125011920928955,30.9375,90.0,0.003103733528405428
example_images/synthetic_nested_shapes/clean/4096/nested_star_square_oval_low_contrast_mixed_chroma_4096.png,low_contrast_mixed_chroma,4096,6,25,brute_64_vs_steerable,64,all,143967,0.5448658466339111,0.49587857723236084,1.274607539176941,1.3470909595489502,1.393773078918457,1.4062403440475464,0.003103733528405428
example_images/synthetic_nested_shapes/clean/4096/nested_star_square_oval_low_contrast_mixed_chroma_4096.png,low_contrast_mixed_chroma,4096,6,25,brute_64,64,smooth,130686,0.5418419241905212,0.5575824975967407,1.1299182176589966,1.6735585927963257,1.7436671257019043,22.46990203857422,0.00308185163885355
example_images/synthetic_nested_shapes/clean/4096/nested_star_square_oval_low_contrast_mixed_chroma_4096.png,low_contrast_mixed_chroma,4096,6,25,brute_64_vs_steerable,64,smooth,130686,0.5310893654823303,0.4743019938468933,1.27623450756073,1.3470909595489502,1.392878770828247,1.4062403440475464,0.00308185163885355
example_images/synthetic_nested_shapes/clean/4096/nested_star_square_oval_low_contrast_mixed_chroma_4096.png,low_contrast_mixed_chroma,4096,6,25,brute_180,180,all,143967,1.209773063659668,0.37991562485694885,0.7012050151824951,2.6200878620147705,30.999996185302734,90.0,0.003103733528405428
example_images/synthetic_nested_shapes/clean/4096/nested_star_square_oval_low_contrast_mixed_chroma_4096.png,low_contrast_mixed_chroma,4096,6,25,brute_180_vs_steerable,180,all,143967,0.19867216050624847,0.186969593167305,0.44538572430610657,0.47217097878456116,0.49443739652633667,0.4999903440475464,0.003103733528405428
example_images/synthetic_nested_shapes/clean/4096/nested_star_square_oval_low_contrast_mixed_chroma_4096.png,low_contrast_mixed_chroma,4096,6,25,brute_180,180,smooth,130686,0.33617326617240906,0.37991562485694885,0.6200855374336243,0.6200855374336243,1.1714088916778564,21.907407760620117,0.00308185163885355
example_images/synthetic_nested_shapes/clean/4096/nested_star_square_oval_low_contrast_mixed_chroma_4096.png,low_contrast_mixed_chroma,4096,6,25,brute_180_vs_steerable,180,smooth,130686,0.19411729276180267,0.17869482934474945,0.4450756311416626,0.47197291254997253,0.4941573739051819,0.4999493658542633,0.00308185163885355
example_images/synthetic_nested_shapes/clean/4096/nested_star_square_oval_low_contrast_mixed_chroma_4096.png,low_contrast_mixed_chroma,4096,8,25,steerable_atan2,0,all,143967,0.9979718923568726,0.2023443579673767,0.926583468914032,2.2125372886657715,24.264402389526367,89.98281860351562,0.003919662907719612
example_images/synthetic_nested_shapes/clean/4096/nested_star_square_oval_low_contrast_mixed_chroma_4096.png,low_contrast_mixed_chroma,4096,8,25,steerable_atan2,0,smooth,130686,0.28063228726387024,0.17002731561660767,0.6797199249267578,0.8845334053039551,1.4855668544769287,21.15584945678711,0.0038896407932043076
example_images/synthetic_nested_shapes/clean/4096/nested_star_square_oval_low_contrast_mixed_chroma_4096.png,low_contrast_mixed_chroma,4096,8,25,brute_16,16,all,143967,2.677647590637207,1.1299182176589966,5.629913330078125,5.62992000579834,22.500001907348633,90.0,0.003919662907719612
example_images/synthetic_nested_shapes/clean/4096/nested_star_square_oval_low_contrast_mixed_chroma_4096.png,low_contrast_mixed_chroma,4096,8,25,brute_16_vs_steerable,16,all,143967,2.0496861934661865,1.4562510251998901,5.098531246185303,5.446324825286865,5.58171272277832,5.624578952789307,0.003919662907719612
example_images/synthetic_nested_shapes/clean/4096/nested_star_square_oval_low_contrast_mixed_chroma_4096.png,low_contrast_mixed_chroma,4096,8,25,brute_16,16,smooth,130686,2.066795587539673,1.1299182176589966,5.620084762573242,5.62992000579834,5.62992000579834,22.500001907348633,0.0038896407932043076
example_images/synthetic_nested_shapes/clean/4096/nested_star_square_oval_low_contrast_mixed_chroma_4096.png,low_contrast_mixed_chroma,4096,8,25,brute_16_vs_steerable,16,smooth,130686,1.9849997758865356,1.37757408618927,5.0987091064453125,5.460845470428467,5.581787586212158,5.623042106628418,0.0038896407932043076
example_images/synthetic_nested_shapes/clean/4096/nested_star_square_oval_low_contrast_mixed_chroma_4096.png,low_contrast_mixed_chroma,4096,8,25,brute_32,32,all,143967,1.6936242580413818,1.1200827360153198,2.5662386417388916,3.3799190521240234,23.629913330078125,90.0,0.003919662907719612
example_images/synthetic_nested_shapes/clean/4096/nested_star_square_oval_low_contrast_mixed_chroma_4096.png,low_contrast_mixed_chroma,4096,8,25,brute_32_vs_steerable,32,all,143967,1.0152866840362549,0.8527969121932983,2.4331729412078857,2.613081455230713,2.7670462131500244,2.812330484390259,0.003919662907719612
example_images/synthetic_nested_shapes/clean/4096/nested_star_square_oval_low_contrast_mixed_chroma_4096.png,low_contrast_mixed_chroma,4096,8,25,brute_32,32,smooth,130686,1.0251965522766113,1.1200759410858154,2.2549185752868652,2.8472771644592285,3.3799190521240234,22.500001907348633,0.0038896407932043076
example_images/synthetic_nested_shapes/clean/4096/nested_star_square_oval_low_contrast_mixed_chroma_4096.png,low_contrast_mixed_chroma,4096,8,25,brute_32_vs_steerable,32,smooth,130686,0.9821938872337341,0.776329517364502,2.428309917449951,2.60845947265625,2.7665202617645264,2.812330484390259,0.0038896407932043076
example_images/synthetic_nested_shapes/clean/4096/nested_star_square_oval_low_contrast_mixed_chroma_4096.png,low_contrast_mixed_chroma,4096,8,25,brute_64,64,all,143967,1.2591251134872437,0.5575893521308899,1.682582974433899,2.8124876022338867,24.192420959472656,90.0,0.003919662907719612
example_images/synthetic_nested_shapes/clean/4096/nested_star_square_oval_low_contrast_mixed_chroma_4096.png,low_contrast_mixed_chroma,4096,8,25,brute_64_vs_steerable,64,all,143967,0.50449138879776,0.4541734457015991,1.1846895217895508,1.3031072616577148,1.3928736448287964,1.4061720371246338,0.003919662907719612
example_images/synthetic_nested_shapes/clean/4096/nested_star_square_oval_low_contrast_mixed_chroma_4096.png,low_contrast_mixed_chroma,4096,8,25,brute_64,64,smooth,130686,0.5597531795501709,0.5575824975967407,1.1750520467758179,1.682582974433899,2.2406702041625977,22.500001907348633,0.0038896407932043076
example_images/synthetic_nested_shapes/clean/4096/nested_star_square_oval_low_contrast_mixed_chroma_4096.png,low_contrast_mixed_chroma,4096,8,25,brute_64_vs_steerable,64,smooth,130686,0.4864107668399811,0.41906625032424927,1.1802772283554077,1.2989004850387573,1.3928736448287964,1.4061720371246338,0.0038896407932043076
example_images/synthetic_nested_shapes/clean/4096/nested_star_square_oval_low_contrast_mixed_chroma_4096.png,low_contrast_mixed_chroma,4096,8,25,brute_180,180,all,143967,1.094876766204834,0.37991562485694885,1.0005544424057007,2.303124189376831,24.37991714477539,90.0,0.003919662907719612
example_images/synthetic_nested_shapes/clean/4096/nested_star_square_oval_low_contrast_mixed_chroma_4096.png,low_contrast_mixed_chroma,4096,8,25,brute_180_vs_steerable,180,all,143967,0.18713685870170593,0.1659189611673355,0.432588666677475,0.46599650382995605,0.4938136637210846,0.49999716877937317,0.003919662907719612
example_images/synthetic_nested_shapes/clean/4096/nested_star_square_oval_low_contrast_mixed_chroma_4096.png,low_contrast_mixed_chroma,4096,8,25,brute_180,180,smooth,130686,0.3840869069099426,0.37991562485694885,0.6200855374336243,0.9271999001502991,1.569952130317688,21.000003814697266,0.0038896407932043076
example_images/synthetic_nested_shapes/clean/4096/nested_star_square_oval_low_contrast_mixed_chroma_4096.png,low_contrast_mixed_chroma,4096,8,25,brute_180_vs_steerable,180,smooth,130686,0.18175488710403442,0.15124770998954773,0.43155866861343384,0.4646953344345093,0.4935699701309204,0.49999716877937317,0.0038896407932043076
example_images/synthetic_nested_shapes/clean/4096/nested_star_square_oval_warm_cool_midtones_4096.png,warm_cool_midtones,4096,2,25,steerable_atan2,0,all,143967,1.702953815460205,0.13433615863323212,0.4416523277759552,9.692688941955566,40.43895721435547,89.31997680664062,0.014447017572820187
example_images/synthetic_nested_shapes/clean/4096/nested_star_square_oval_warm_cool_midtones_4096.png,warm_cool_midtones,4096,2,25,steerable_atan2,0,smooth,130686,0.13730430603027344,0.11693283915519714,0.311593234539032,0.3652375340461731,0.5229790806770325,4.347074031829834,0.014860492199659348
example_images/synthetic_nested_shapes/clean/4096/nested_star_square_oval_warm_cool_midtones_4096.png,warm_cool_midtones,4096,2,25,brute_16,16,all,143967,3.4727542400360107,1.1299182176589966,5.620084762573242,11.249998092651367,41.62990951538086,88.87992095947266,0.014447017572820187
example_images/synthetic_nested_shapes/clean/4096/nested_star_square_oval_warm_cool_midtones_4096.png,warm_cool_midtones,4096,2,25,brute_16_vs_steerable,16,all,143967,2.09114670753479,1.0510226488113403,5.307316780090332,5.490720748901367,5.598569393157959,5.624988555908203,0.014447017572820187
example_images/synthetic_nested_shapes/clean/4096/nested_star_square_oval_warm_cool_midtones_4096.png,warm_cool_midtones,4096,2,25,brute_16,16,smooth,130686,2.0530474185943604,1.1299182176589966,5.620084762573242,5.620084762573242,5.62992000579834,7.530106067657471,0.014860492199659348
example_images/synthetic_nested_shapes/clean/4096/nested_star_square_oval_warm_cool_midtones_4096.png,warm_cool_midtones,4096,2,25,brute_16_vs_steerable,16,smooth,130686,2.025695562362671,1.0075280666351318,5.3184428215026855,5.498090744018555,5.598569393157959,5.624073505401611,0.014860492199659348
example_images/synthetic_nested_shapes/clean/4096/nested_star_square_oval_warm_cool_midtones_4096.png,warm_cool_midtones,4096,2,25,brute_32,32,all,143967,2.4689786434173584,1.1200827360153198,2.326164484024048,10.129915237426758,40.495079040527344,89.99508666992188,0.014447017572820187
example_images/synthetic_nested_shapes/clean/4096/nested_star_square_oval_warm_cool_midtones_4096.png,warm_cool_midtones,4096,2,25,brute_32_vs_steerable,32,all,143967,0.9456887245178223,0.8743667006492615,2.1623423099517822,2.3175241947174072,2.707726240158081,2.812159776687622,0.014447017572820187
example_images/synthetic_nested_shapes/clean/4096/nested_star_square_oval_warm_cool_midtones_4096.png,warm_cool_midtones,4096,2,25,brute_32,32,smooth,130686,0.9701060056686401,1.1200759410858154,2.2549118995666504,2.2549185752868652,2.726966619491577,6.000355243682861,0.014860492199659348
example_images/synthetic_nested_shapes/clean/4096/nested_star_square_oval_warm_cool_midtones_4096.png,warm_cool_midtones,4096,2,25,brute_32_vs_steerable,32,smooth,130686,0.9062336683273315,0.8430877923965454,2.140540361404419,2.2674453258514404,2.6718215942382812,2.8110804557800293,0.014860492199659348
example_images/synthetic_nested_shapes/clean/4096/nested_star_square_oval_warm_cool_midtones_4096.png,warm_cool_midtones,4096,2,25,brute_64,64,all,143967,2.0313076972961426,0.5575893521308899,1.2626452445983887,9.567415237426758,40.504913330078125,89.99508666992188,0.014447017572820187
example_images/synthetic_nested_shapes/clean/4096/nested_star_square_oval_warm_cool_midtones_4096.png,warm_cool_midtones,4096,2,25,brute_64_vs_steerable,64,all,143967,0.5096480250358582,0.6094304919242859,1.0110523700714111,1.133484959602356,1.3500310182571411,1.4061788320541382,0.014447017572820187
example_images/synthetic_nested_shapes/clean/4096/nested_star_square_oval_warm_cool_midtones_4096.png,warm_cool_midtones,4096,2,25,brute_64,64,smooth,130686,0.49588295817375183,0.5575824975967407,1.1299182176589966,1.1299182176589966,1.4784241914749146,5.581985950469971,0.014860492199659348
example_images/synthetic_nested_shapes/clean/4096/nested_star_square_oval_warm_cool_midtones_4096.png,warm_cool_midtones,4096,2,25,brute_64_vs_steerable,64,smooth,130686,0.4929489195346832,0.5930175185203552,0.9991747140884399,1.0597926378250122,1.3291656970977783,1.4059193134307861,0.014860492199659348
example_images/synthetic_nested_shapes/clean/4096/nested_star_square_oval_warm_cool_midtones_4096.png,warm_cool_midtones,4096,2,25,brute_180,180,all,143967,1.8554009199142456,0.37991562485694885,0.6200855374336243,9.379926681518555,40.379920959472656,89.37992858886719,0.014447017572820187
example_images/synthetic_nested_shapes/clean/4096/nested_star_square_oval_warm_cool_midtones_4096.png,warm_cool_midtones,4096,2,25,brute_180_vs_steerable,180,all,143967,0.2141290307044983,0.20032261312007904,0.4659145176410675,0.4849161207675934,0.4966576099395752,0.49996301531791687,0.014447017572820187
example_images/synthetic_nested_shapes/clean/4096/nested_star_square_oval_warm_cool_midtones_4096.png,warm_cool_midtones,4096,2,25,brute_180,180,smooth,130686,0.3046422600746155,0.37991562485694885,0.6200787425041199,0.6200855374336243,0.7287811636924744,4.019484519958496,0.014860492199659348
example_images/synthetic_nested_shapes/clean/4096/nested_star_square_oval_warm_cool_midtones_4096.png,warm_cool_midtones,4096,2,25,brute_180_vs_steerable,180,smooth,130686,0.21066921949386597,0.1917439103126526,0.46685367822647095,0.4856537878513336,0.4968552887439728,0.49992886185646057,0.014860492199659348
example_images/synthetic_nested_shapes/clean/4096/nested_star_square_oval_warm_cool_midtones_4096.png,warm_cool_midtones,4096,4,25,steerable_atan2,0,all,143967,1.1088893413543701,0.09200265258550644,0.5009124279022217,3.8270041942596436,33.2120246887207,79.67025756835938,0.025872081518173218
example_images/synthetic_nested_shapes/clean/4096/nested_star_square_oval_warm_cool_midtones_4096.png,warm_cool_midtones,4096,4,25,steerable_atan2,0,smooth,130686,0.12482193112373352,0.07867694646120071,0.3075019419193268,0.4185403287410736,0.6444293856620789,3.0415380001068115,0.026418879628181458
example_images/synthetic_nested_shapes/clean/4096/nested_star_square_oval_warm_cool_midtones_4096.png,warm_cool_midtones,4096,4,25,brute_16,16,all,143967,2.8862357139587402,1.1299182176589966,5.62992000579834,5.62992000579834,33.74999237060547,79.8700942993164,0.025872081518173218
example_images/synthetic_nested_shapes/clean/4096/nested_star_square_oval_warm_cool_midtones_4096.png,warm_cool_midtones,4096,4,25,brute_16_vs_steerable,16,all,143967,2.0827319622039795,1.3378291130065918,5.230586051940918,5.490591049194336,5.6066436767578125,5.6249613761901855,0.025872081518173218
example_images/synthetic_nested_shapes/clean/4096/nested_star_square_oval_warm_cool_midtones_4096.png,warm_cool_midtones,4096,4,25,brute_16,16,smooth,130686,2.054314374923706,1.1299182176589966,5.620084762573242,5.62992000579834,5.62992000579834,8.631924629211426,0.026418879628181458
example_images/synthetic_nested_shapes/clean/4096/nested_star_square_oval_warm_cool_midtones_4096.png,warm_cool_midtones,4096,4,25,brute_16_vs_steerable,16,smooth,130686,2.017033576965332,1.245983600616455,5.255171298980713,5.499081134796143,5.6067657470703125,5.624640464782715,0.026418879628181458
example_images/synthetic_nested_shapes/clean/4096/nested_star_square_oval_warm_cool_midtones_4096.png,warm_cool_midtones,4096,4,25,brute_32,32,all,143967,1.8978190422058105,1.1200827360153198,2.2549185752868652,4.504912853240967,33.74999237060547,79.8700942993164,0.025872081518173218
example_images/synthetic_nested_shapes/clean/4096/nested_star_square_oval_warm_cool_midtones_4096.png,warm_cool_midtones,4096,4,25,brute_32_vs_steerable,32,all,143967,1.0252501964569092,0.9551951289176941,2.35797381401062,2.4592642784118652,2.7016654014587402,2.8122005462646484,0.025872081518173218
example_images/synthetic_nested_shapes/clean/4096/nested_star_square_oval_warm_cool_midtones_4096.png,warm_cool_midtones,4096,4,25,brute_32,32,smooth,130686,0.9706560373306274,1.1200759410858154,2.2549118995666504,2.2549185752868652,2.7564125061035156,4.929299831390381,0.026418879628181458
example_images/synthetic_nested_shapes/clean/4096/nested_star_square_oval_warm_cool_midtones_4096.png,warm_cool_midtones,4096,4,25,brute_32_vs_steerable,32,smooth,130686,0.989820659160614,0.926767885684967,2.354318380355835,2.436466693878174,2.653905153274536,2.8122005462646484,0.026418879628181458
example_images/synthetic_nested_shapes/clean/4096/nested_star_square_oval_warm_cool_midtones_4096.png,warm_cool_midtones,4096,4,25,brute_64,64,all,143967,1.4605050086975098,0.5575893521308899,1.390730381011963,3.37553334236145,33.74999237060547,80.44242095947266,0.025872081518173218
example_images/synthetic_nested_shapes/clean/4096/nested_star_square_oval_warm_cool_midtones_4096.png,warm_cool_midtones,4096,4,25,brute_64_vs_steerable,64,all,143967,0.5048125982284546,0.4577387869358063,1.177012324333191,1.2795675992965698,1.3762558698654175,1.4062062501907349,0.025872081518173218
example_images/synthetic_nested_shapes/clean/4096/nested_star_square_oval_warm_cool_midtones_4096.png,warm_cool_midtones,4096,4,25,brute_64,64,smooth,130686,0.5058887600898743,0.5575824975967407,1.1299182176589966,1.208695888519287,1.682582974433899,3.667497396469116,0.026418879628181458
example_images/synthetic_nested_shapes/clean/4096/nested_star_square_oval_warm_cool_midtones_4096.png,warm_cool_midtones,4096,4,25,brute_64_vs_steerable,64,smooth,130686,0.4884810745716095,0.44382569193840027,1.1600358486175537,1.275974988937378,1.3750263452529907,1.4062062501907349,0.026418879628181458
example_images/synthetic_nested_shapes/clean/4096/nested_star_square_oval_warm_cool_midtones_4096.png,warm_cool_midtones,4096,4,25,brute_180,180,all,143967,1.2752289772033691,0.37991562485694885,0.6200855374336243,3.620089054107666,33.379905700683594,79.37992095947266,0.025872081518173218
example_images/synthetic_nested_shapes/clean/4096/nested_star_square_oval_warm_cool_midtones_4096.png,warm_cool_midtones,4096,4,25,brute_180_vs_steerable,180,all,143967,0.22995644807815552,0.26412340998649597,0.45749974250793457,0.4769432246685028,0.4958922266960144,0.4999425411224365,0.025872081518173218
example_images/synthetic_nested_shapes/clean/4096/nested_star_square_oval_warm_cool_midtones_4096.png,warm_cool_midtones,4096,4,25,brute_180,180,smooth,130686,0.30648958683013916,0.37991562485694885,0.6200787425041199,0.6200855374336243,0.813817024230957,3.3936069011688232,0.026418879628181458
example_images/synthetic_nested_shapes/clean/4096/nested_star_square_oval_warm_cool_midtones_4096.png,warm_cool_midtones,4096,4,25,brute_180_vs_steerable,180,smooth,130686,0.228973850607872,0.2693963348865509,0.45764318108558655,0.4770067632198334,0.4958922266960144,0.4999425411224365,0.026418879628181458
example_images/synthetic_nested_shapes/clean/4096/nested_star_square_oval_warm_cool_midtones_4096.png,warm_cool_midtones,4096,6,25,steerable_atan2,0,all,143967,0.9365742206573486,0.1349235624074936,0.6970617771148682,2.5496373176574707,26.757816314697266,71.99300384521484,0.03625572472810745
example_images/synthetic_nested_shapes/clean/4096/nested_star_square_oval_warm_cool_midtones_4096.png,warm_cool_midtones,4096,6,25,steerable_atan2,0,smooth,130686,0.17782002687454224,0.1092420443892479,0.4412575364112854,0.6044529676437378,1.0048164129257202,3.533844232559204,0.036985091865062714
example_images/synthetic_nested_shapes/clean/4096/nested_star_square_oval_warm_cool_midtones_4096.png,warm_cool_midtones,4096,6,25,brute_16,16,all,143967,2.6847894191741943,1.1299182176589966,5.620084762573242,5.62992000579834,25.879920959472656,68.62992858886719,0.03625572472810745
example_images/synthetic_nested_shapes/clean/4096/nested_star_square_oval_warm_cool_midtones_4096.png,warm_cool_midtones,4096,6,25,brute_16_vs_steerable,16,all,143967,2.1089720726013184,1.4515039920806885,5.234656810760498,5.474751949310303,5.587121963500977,5.624783992767334,0.03625572472810745
example_images/synthetic_nested_shapes/clean/4096/nested_star_square_oval_warm_cool_midtones_4096.png,warm_cool_midtones,4096,6,25,brute_16,16,smooth,130686,2.0560221672058105,1.1299182176589966,5.620084762573242,5.620084762573242,5.62992000579834,7.582493782043457,0.036985091865062714
example_images/synthetic_nested_shapes/clean/4096/nested_star_square_oval_warm_cool_midtones_4096.png,warm_cool_midtones,4096,6,25,brute_16_vs_steerable,16,smooth,130686,2.049194574356079,1.3867197036743164,5.249177932739258,5.475134372711182,5.5871357917785645,5.623691082000732,0.036985091865062714
example_images/synthetic_nested_shapes/clean/4096/nested_star_square_oval_warm_cool_midtones_4096.png,warm_cool_midtones,4096,6,25,brute_32,32,all,143967,1.6795583963394165,1.1200827360153198,2.2549185752868652,3.3700973987579346,28.124998092651367,73.125,0.03625572472810745
example_images/synthetic_nested_shapes/clean/4096/nested_star_square_oval_warm_cool_midtones_4096.png,warm_cool_midtones,4096,6,25,brute_32_vs_steerable,32,all,143967,1.0216724872589111,1.009283423423767,2.3268871307373047,2.422592878341675,2.6890523433685303,2.812467098236084,0.03625572472810745
example_images/synthetic_nested_shapes/clean/4096/nested_star_square_oval_warm_cool_midtones_4096.png,warm_cool_midtones,4096,6,25,brute_32,32,smooth,130686,0.9773266315460205,1.1200759410858154,2.2549118995666504,2.2549185752868652,2.9217910766601562,6.000355243682861,0.036985091865062714
example_images/synthetic_nested_shapes/clean/4096/nested_star_square_oval_warm_cool_midtones_4096.png,warm_cool_midtones,4096,6,25,brute_32_vs_steerable,32,smooth,130686,0.9885729551315308,0.9517288208007812,2.30908203125,2.411316394805908,2.6381819248199463,2.812467098236084,0.036985091865062714
example_images/synthetic_nested_shapes/clean/4096/nested_star_square_oval_warm_cool_midtones_4096.png,warm_cool_midtones,4096,6,25,brute_64,64,all,143967,1.2601217031478882,0.5575893521308899,1.682582974433899,2.8125011920928955,27.004915237426758,73.125,0.03625572472810745
example_images/synthetic_nested_shapes/clean/4096/nested_star_square_oval_warm_cool_midtones_4096.png,warm_cool_midtones,4096,6,25,brute_64_vs_steerable,64,all,143967,0.5458457469940186,0.49680063128471375,1.2762140035629272,1.3471728563308716,1.3941713571548462,1.4062471389770508,0.03625572472810745
example_images/synthetic_nested_shapes/clean/4096/nested_star_square_oval_warm_cool_midtones_4096.png,warm_cool_midtones,4096,6,25,brute_64,64,smooth,130686,0.5248751640319824,0.5575824975967407,1.1299182176589966,1.6345598697662354,1.6950480937957764,4.425259113311768,0.036985091865062714
example_images/synthetic_nested_shapes/clean/4096/nested_star_square_oval_warm_cool_midtones_4096.png,warm_cool_midtones,4096,6,25,brute_64_vs_steerable,64,smooth,130686,0.5312595963478088,0.47394683957099915,1.2762140035629272,1.3471933603286743,1.3931673765182495,1.4062471389770508,0.036985091865062714
example_images/synthetic_nested_shapes/clean/4096/nested_star_square_oval_warm_cool_midtones_4096.png,warm_cool_midtones,4096,6,25,brute_180,180,all,143967,1.0675528049468994,0.37991562485694885,0.7068631052970886,2.6200742721557617,26.999990463256836,72.00000762939453,0.03625572472810745
example_images/synthetic_nested_shapes/clean/4096/nested_star_square_oval_warm_cool_midtones_4096.png,warm_cool_midtones,4096,6,25,brute_180_vs_steerable,180,all,143967,0.19909413158893585,0.18830831348896027,0.4456835091114044,0.47231441736221313,0.4946696162223816,0.49999716877937317,0.03625572472810745
example_images/synthetic_nested_shapes/clean/4096/nested_star_square_oval_warm_cool_midtones_4096.png,warm_cool_midtones,4096,6,25,brute_180,180,smooth,130686,0.3191150426864624,0.37991562485694885,0.6200855374336243,0.6200855374336243,1.1329883337020874,3.750354528427124,0.036985091865062714
example_images/synthetic_nested_shapes/clean/4096/nested_star_square_oval_warm_cool_midtones_4096.png,warm_cool_midtones,4096,6,25,brute_180_vs_steerable,180,smooth,130686,0.19457504153251648,0.17947004735469818,0.4450346529483795,0.47186362743377686,0.49417033791542053,0.49999716877937317,0.036985091865062714
example_images/synthetic_nested_shapes/clean/4096/nested_star_square_oval_warm_cool_midtones_4096.png,warm_cool_midtones,4096,8,25,steerable_atan2,0,all,143967,0.9040675163269043,0.20386749505996704,0.9220591187477112,2.1430742740631104,20.32968521118164,78.77684020996094,0.045752521604299545
example_images/synthetic_nested_shapes/clean/4096/nested_star_square_oval_warm_cool_midtones_4096.png,warm_cool_midtones,4096,8,25,steerable_atan2,0,smooth,130686,0.2721065878868103,0.17235982418060303,0.6775547862052917,0.8807529211044312,1.3879657983779907,4.056613445281982,0.04666351154446602
example_images/synthetic_nested_shapes/clean/4096/nested_star_square_oval_warm_cool_midtones_4096.png,warm_cool_midtones,4096,8,25,brute_16,16,all,143967,2.5769031047821045,1.1299182176589966,5.629913330078125,5.62992000579834,22.499988555908203,78.75001525878906,0.045752521604299545
example_images/synthetic_nested_shapes/clean/4096/nested_star_square_oval_warm_cool_midtones_4096.png,warm_cool_midtones,4096,8,25,brute_16_vs_steerable,16,all,143967,2.047975778579712,1.4507800340652466,5.098647594451904,5.4462151527404785,5.581698894500732,5.6245036125183105,0.045752521604299545
example_images/synthetic_nested_shapes/clean/4096/nested_star_square_oval_warm_cool_midtones_4096.png,warm_cool_midtones,4096,8,25,brute_16,16,smooth,130686,2.060858726501465,1.1299182176589966,5.620084762573242,5.62992000579834,5.62992000579834,9.265568733215332,0.04666351154446602
example_images/synthetic_nested_shapes/clean/4096/nested_star_square_oval_warm_cool_midtones_4096.png,warm_cool_midtones,4096,8,25,brute_16_vs_steerable,16,smooth,130686,1.9841132164001465,1.371071696281433,5.098668098449707,5.460961818695068,5.581815242767334,5.622925758361816,0.04666351154446602
example_images/synthetic_nested_shapes/clean/4096/nested_star_square_oval_warm_cool_midtones_4096.png,warm_cool_midtones,4096,8,25,brute_32,32,all,143967,1.5934168100357056,1.1200827360153198,2.5241129398345947,3.3799190521240234,20.254926681518555,78.75001525878906,0.045752521604299545
example_images/synthetic_nested_shapes/clean/4096/nested_star_square_oval_warm_cool_midtones_4096.png,warm_cool_midtones,4096,8,25,brute_32_vs_steerable,32,all,143967,1.0133509635925293,0.8461306691169739,2.4333505630493164,2.6129026412963867,2.767148733139038,2.8123371601104736,0.045752521604299545
example_images/synthetic_nested_shapes/clean/4096/nested_star_square_oval_warm_cool_midtones_4096.png,warm_cool_midtones,4096,8,25,brute_32,32,smooth,130686,1.017745852470398,1.1200759410858154,2.2549185752868652,2.813368558883667,3.3799190521240234,4.60909366607666,0.04666351154446602
example_images/synthetic_nested_shapes/clean/4096/nested_star_square_oval_warm_cool_midtones_4096.png,warm_cool_midtones,4096,8,25,brute_32_vs_steerable,32,smooth,130686,0.980629026889801,0.7673239707946777,2.423487663269043,2.6066460609436035,2.7668824195861816,2.8123371601104736,0.04666351154446602
example_images/synthetic_nested_shapes/clean/4096/nested_star_square_oval_warm_cool_midtones_4096.png,warm_cool_midtones,4096,8,25,brute_64,64,all,143967,1.1655819416046143,0.5575893521308899,1.682582974433899,2.8124876022338867,20.254919052124023,78.75001525878906,0.045752521604299545
example_images/synthetic_nested_shapes/clean/4096/nested_star_square_oval_warm_cool_midtones_4096.png,warm_cool_midtones,4096,8,25,brute_64_vs_steerable,64,all,143967,0.5047682523727417,0.4535996913909912,1.1856962442398071,1.303678274154663,1.3932561874389648,1.4062130451202393,0.045752521604299545
example_images/synthetic_nested_shapes/clean/4096/nested_star_square_oval_warm_cool_midtones_4096.png,warm_cool_midtones,4096,8,25,brute_64,64,smooth,130686,0.5511123538017273,0.5575824975967407,1.1556339263916016,1.682582974433899,2.155348062515259,3.870190143585205,0.04666351154446602
example_images/synthetic_nested_shapes/clean/4096/nested_star_square_oval_warm_cool_midtones_4096.png,warm_cool_midtones,4096,8,25,brute_64_vs_steerable,64,smooth,130686,0.48650887608528137,0.4194350838661194,1.1803386211395264,1.2991207838058472,1.3932561874389648,1.4062130451202393,0.04666351154446602
example_images/synthetic_nested_shapes/clean/4096/nested_star_square_oval_warm_cool_midtones_4096.png,warm_cool_midtones,4096,8,25,brute_180,180,all,143967,1.0003578662872314,0.37991562485694885,1.0000011920928955,2.09566593170166,20.379919052124023,79.00000762939453,0.045752521604299545
example_images/synthetic_nested_shapes/clean/4096/nested_star_square_oval_warm_cool_midtones_4096.png,warm_cool_midtones,4096,8,25,brute_180_vs_steerable,180,all,143967,0.18735291063785553,0.16550230979919434,0.4326036870479584,0.46623554825782776,0.49402758479118347,0.49999716877937317,0.045752521604299545
example_images/synthetic_nested_shapes/clean/4096/nested_star_square_oval_warm_cool_midtones_4096.png,warm_cool_midtones,4096,8,25,brute_180,180,smooth,130686,0.37544915080070496,0.37991562485694885,0.6200855374336243,0.9055533409118652,1.4561598300933838,4.091836452484131,0.04666351154446602
example_images/synthetic_nested_shapes/clean/4096/nested_star_square_oval_warm_cool_midtones_4096.png,warm_cool_midtones,4096,8,25,brute_180_vs_steerable,180,smooth,130686,0.18197934329509735,0.15134333074092865,0.43175673484802246,0.4652315080165863,0.49374276399612427,0.4999903440475464,0.04666351154446602
